amount,has_stranger_call,has_screen_share,has_accessibility_abuse,has_pretext_sms,pretext_time_delta_mins,vpa_entropy,is_known_handle,is_first_time_payee,is_reverse_upi,mcc_risk_level,time_of_day_risk,is_fraud
35619.79,0,0,0,0,9999.0,2.34,1,0,0,0,0,0
39135.49,0,0,0,0,9999.0,1.6,1,0,0,0,0,0
50.9,0,0,0,0,9999.0,1.9,1,0,0,0,0,0
19.11,0,0,0,0,9999.0,3.0,1,1,0,0,0,0
296.29,0,0,0,0,9999.0,2.93,1,0,0,0,0,0
5229.5,1,0,0,1,9.2,2.98,1,1,0,0,0,1
126.02,0,0,0,0,9999.0,1.88,1,0,0,0,1,0
10.77,0,0,0,0,9999.0,2.75,1,1,0,0,0,0
1126.51,0,0,0,0,9999.0,1.32,1,0,0,1,0,0
2330.2,0,0,0,0,9999.0,2.27,1,1,0,0,0,0
1080.2,0,0,0,0,9999.0,2.17,1,1,0,0,0,0
140.16,0,0,0,0,9999.0,2.74,1,0,0,1,0,0
1136.01,0,0,0,0,9999.0,1.41,1,0,0,0,0,0
26.78,0,0,0,0,9999.0,1.84,1,1,0,0,1,0
38148.55,1,0,1,1,34.2,2.87,1,1,0,1,1,1
87.41,0,0,0,0,9999.0,2.33,1,0,0,0,1,0
2096.69,0,0,0,0,9999.0,1.49,1,0,0,0,0,0
23.46,0,0,0,0,9999.0,2.99,1,0,0,0,0,0
839.94,0,0,0,1,1391.241285317199,1.53,1,1,0,0,1,0
108.05,0,0,0,0,9999.0,2.81,1,1,0,1,0,0
1242.39,0,0,0,0,9999.0,2.99,1,1,0,0,1,0
79.15,0,0,0,0,9999.0,1.54,1,0,0,0,0,0
92.58,0,0,0,0,9999.0,3.06,1,0,0,0,0,0
79.89,0,0,0,0,9999.0,2.29,1,1,0,0,1,0
21576.26,1,0,0,0,9999.0,2.25,1,0,0,0,0,0
65.26,0,0,0,0,9999.0,2.8,1,1,0,0,0,0
128.81,0,0,0,0,9999.0,1.46,1,1,0,0,0,0
97.91,0,0,0,0,9999.0,1.57,1,0,0,0,0,0
1118.83,0,0,0,0,9999.0,1.49,1,1,0,0,0,0
125.9,0,0,0,0,9999.0,1.72,1,1,0,0,0,0
145.74,0,0,0,0,9999.0,2.56,1,0,0,0,0,0
106.39,0,0,0,0,9999.0,1.31,1,1,0,0,1,0
2039.91,0,0,0,0,9999.0,2.03,1,1,0,0,0,0
53.6,0,0,0,0,9999.0,3.06,1,0,0,0,0,0
142.88,0,0,0,0,9999.0,2.88,1,0,0,0,0,0
2388.5,0,0,0,0,9999.0,2.85,1,0,0,0,0,0
2497.2,0,0,0,0,9999.0,2.44,1,0,0,0,0,0
1279.11,0,0,0,0,9999.0,2.5,1,0,0,0,1,0
145.46,0,0,0,0,9999.0,2.24,1,0,0,0,0,0
1623.73,0,0,0,0,9999.0,1.65,1,0,0,0,0,0
24.0,0,0,0,1,984.2455652382675,1.3,1,1,0,0,0,0
94.34,1,0,0,0,9999.0,2.25,1,0,0,1,1,0
5000.0,1,0,0,1,2.9,3.09,0,1,1,1,0,1
403.74,0,0,0,1,557.7218220161296,2.76,1,1,0,0,0,0
47384.05,1,0,0,1,14.4,4.61,1,1,0,1,0,1
26.63,0,0,0,1,558.5675171284228,1.42,1,0,0,0,1,0
10425.41,0,0,0,1,134.05315627691238,3.04,1,0,0,0,1,0
2148.1,0,0,0,0,9999.0,2.06,1,0,0,0,1,0
1936.37,0,0,0,0,9999.0,1.73,1,0,0,0,1,0
35193.81,1,0,0,1,5.5,4.68,0,1,0,1,1,1
1603.18,0,0,0,1,561.2019476124965,1.51,1,0,0,0,0,0
377.83,0,0,0,0,9999.0,1.27,1,0,0,0,0,0
78471.99,1,1,0,1,5.4,4.01,1,1,0,2,1,1
104.02,0,0,0,0,9999.0,2.19,1,1,0,0,1,0
14.03,0,0,0,0,9999.0,2.63,1,0,0,0,0,0
71.25,0,0,0,0,9999.0,2.92,1,0,0,0,1,0
25000.0,0,0,0,1,35.1,2.89,0,1,0,1,0,1
85.22,0,0,0,0,9999.0,2.07,1,0,0,0,0,0
2924.71,0,0,0,0,9999.0,2.34,1,0,0,0,0,0
135.19,0,0,0,0,9999.0,1.44,1,0,0,0,0,0
10.36,0,0,0,0,9999.0,2.85,1,0,0,1,0,0
2217.44,0,0,0,0,9999.0,1.32,1,0,0,0,0,0
65.6,0,0,0,0,9999.0,1.4,1,1,0,0,0,0
76.36,0,0,0,0,9999.0,1.87,1,0,0,0,0,0
57.24,0,0,0,0,9999.0,2.91,1,0,0,1,0,0
78.29,0,0,0,0,9999.0,2.82,1,0,0,0,0,0
41381.36,0,0,0,0,9999.0,2.29,1,1,0,0,1,0
1534.53,1,0,0,0,9999.0,2.79,1,0,0,0,0,0
444.41,0,0,0,0,9999.0,2.16,1,1,0,0,0,0
105.84,0,0,0,0,9999.0,1.37,1,0,0,0,0,0
1991.95,1,0,0,0,9999.0,1.98,1,1,0,1,0,0
2518.23,0,0,0,0,9999.0,2.63,1,1,0,0,1,0
2112.35,0,0,0,0,9999.0,2.06,1,1,0,0,0,0
84.46,0,0,0,0,9999.0,1.33,1,0,0,0,0,0
1490.85,1,0,0,0,9999.0,2.61,1,0,0,1,0,0
1583.15,0,0,0,0,9999.0,2.63,1,0,0,0,0,0
1345.07,0,0,0,0,9999.0,2.67,1,0,0,0,1,0
152646.09,1,1,1,1,20.9,4.02,1,0,0,2,1,1
2783.0,0,0,0,0,9999.0,2.54,1,0,0,0,1,0
3397.24,0,0,0,1,12.7,4.64,0,1,0,1,1,1
56.93,0,0,0,0,9999.0,2.73,1,0,0,1,0,0
1466.21,0,0,0,0,9999.0,1.63,1,0,0,0,1,0
1970.34,0,0,0,0,9999.0,1.22,1,0,0,0,0,0
3687.4,1,0,0,1,11.4,4.6,0,1,0,0,0,1
383.98,0,0,0,0,9999.0,2.67,1,0,0,0,0,0
2392.23,0,0,0,0,9999.0,1.91,1,0,0,0,0,0
41.08,0,0,0,0,9999.0,1.64,1,0,0,0,0,0
44.04,0,0,0,0,9999.0,2.57,1,1,0,0,0,0
21.97,0,0,0,0,9999.0,1.59,1,0,0,1,0,0
63.16,0,0,0,0,9999.0,2.32,1,0,0,0,0,0
37598.65,0,1,0,1,20.2,2.84,1,1,0,1,1,1
126.89,0,0,0,0,9999.0,3.07,1,0,0,1,0,0
87.58,0,0,0,0,9999.0,2.44,1,1,0,1,1,0
2062.1,0,0,0,0,9999.0,1.53,1,1,0,0,0,0
94.44,0,0,0,0,9999.0,1.67,1,0,0,0,0,0
2823.12,0,0,0,0,9999.0,2.59,1,0,0,0,0,0
117.93,0,0,0,0,9999.0,1.4,1,0,0,0,0,0
2145.15,0,0,0,0,9999.0,1.72,1,0,0,0,1,0
85.87,0,0,0,0,9999.0,2.86,1,1,0,1,0,0
148.27,0,0,0,0,9999.0,2.99,1,0,0,0,1,0
1032.58,1,0,0,0,9999.0,2.96,1,1,0,1,0,0
93.48,0,0,0,0,9999.0,1.64,1,0,0,0,0,0
2414.02,0,0,0,0,9999.0,1.81,1,0,0,0,1,0
1557.87,1,0,0,0,9999.0,2.98,1,1,0,0,0,0
2468.17,0,0,0,0,9999.0,2.66,1,0,0,0,0,0
42.71,1,0,0,0,9999.0,1.28,1,0,0,0,0,0
5292.85,0,0,0,1,13.2,3.73,1,1,0,0,1,1
1799.29,0,0,0,0,9999.0,2.35,1,0,0,0,0,0
145.67,1,0,0,0,9999.0,2.88,1,1,0,1,0,0
948.88,0,0,0,0,9999.0,1.63,1,0,0,1,0,0
2411.3,0,0,0,0,9999.0,2.84,1,1,0,0,0,0
1588.45,0,0,0,0,9999.0,1.35,1,0,0,0,0,0
1195.62,0,0,0,0,9999.0,2.49,1,0,0,0,1,0
2543.64,0,0,0,0,9999.0,2.53,1,0,0,1,1,0
757.74,0,0,0,0,9999.0,1.84,1,1,0,0,0,0
2947.32,0,0,0,0,9999.0,2.4,1,0,0,0,0,0
21965.53,0,0,0,0,9999.0,2.4,1,1,0,0,0,0
91.5,0,0,0,1,1396.117775952825,1.86,1,0,0,0,0,0
13.1,0,0,0,0,9999.0,1.81,1,0,0,0,1,0
658.15,0,0,0,0,9999.0,2.71,1,0,0,0,0,0
150189.3,1,1,1,1,26.8,3.42,1,1,0,2,1,1
1929.85,0,0,0,0,9999.0,2.27,1,0,0,0,0,0
250.01,0,0,0,0,9999.0,2.71,1,0,0,0,0,0
893.11,0,0,0,0,9999.0,2.26,1,0,0,0,0,0
10581.55,1,1,0,1,18.3,4.31,1,1,0,2,1,1
24.39,0,0,0,0,9999.0,2.28,1,0,0,1,1,0
2671.09,0,0,0,1,313.2113167058348,1.36,1,1,0,0,1,0
2864.34,0,0,0,0,9999.0,1.44,1,1,0,0,1,0
4382.97,1,0,0,1,7.5,3.91,1,1,0,2,0,1
71.41,0,0,0,0,9999.0,2.58,1,0,0,0,0,0
1367.31,0,0,0,0,9999.0,1.28,1,0,0,0,0,0
40.88,0,0,0,1,616.4293862671865,1.99,1,0,0,1,0,0
1613.57,0,0,0,0,9999.0,2.23,1,0,0,0,0,0
2977.97,0,0,0,0,9999.0,1.74,1,0,0,0,0,0
1971.11,0,0,0,0,9999.0,1.91,1,0,0,0,0,0
2055.34,0,0,0,0,9999.0,1.38,1,0,0,0,0,0
43.18,0,0,0,0,9999.0,1.65,1,1,0,0,0,0
2856.03,0,0,0,0,9999.0,1.68,1,0,0,0,0,0
130.99,0,0,0,0,9999.0,2.26,1,0,0,0,0,0
35.2,0,0,0,0,9999.0,1.37,1,0,0,0,0,0
146.23,0,0,0,0,9999.0,2.3,1,0,0,0,0,0
1965.8,0,0,0,0,9999.0,1.51,1,0,0,2,0,0
23100.39,0,0,0,0,9999.0,1.23,1,0,0,0,0,0
30426.82,1,1,0,1,9.4,4.01,0,1,0,2,1,1
50.42,0,0,0,0,9999.0,1.41,1,0,0,1,1,0
1251.34,0,0,0,0,9999.0,1.76,1,0,0,0,0,0
1727.92,0,0,0,0,9999.0,2.04,1,0,0,1,0,0
39650.86,0,0,0,0,9999.0,2.94,1,1,0,0,0,0
2291.25,0,0,0,0,9999.0,2.56,1,0,0,0,1,0
37.6,0,0,0,0,9999.0,2.11,1,0,0,0,1,0
450.95,1,0,0,0,9999.0,2.56,1,0,0,0,1,0
51.34,0,0,0,0,9999.0,2.71,1,0,0,1,0,0
10.36,0,0,0,0,9999.0,2.41,1,0,0,0,0,0
25000.0,0,0,0,1,35.6,4.45,0,1,0,2,0,1
1842.5,0,0,0,0,9999.0,1.52,1,1,0,0,0,0
849.45,0,0,0,0,9999.0,1.94,1,0,0,0,0,0
2138.82,0,0,0,0,9999.0,3.08,1,0,0,0,0,0
883.73,0,0,0,0,9999.0,1.81,1,0,0,0,0,0
2664.22,0,0,0,0,9999.0,2.44,1,0,0,2,0,0
1502.58,1,0,0,0,9999.0,1.31,1,0,0,0,0,0
2317.26,0,0,0,0,9999.0,1.86,1,0,0,0,0,0
153470.27,1,1,0,1,27.8,4.02,1,1,0,0,0,1
57.83,0,0,0,0,9999.0,1.92,1,0,0,0,1,0
120.08,0,0,0,0,9999.0,2.29,1,0,0,0,0,0
2219.98,0,0,0,0,9999.0,1.47,1,0,0,0,0,0
4087.68,1,0,0,1,7.5,4.01,0,1,0,2,1,1
38882.03,0,0,0,0,9999.0,2.47,1,0,0,0,0,0
2822.06,0,0,0,0,9999.0,2.86,1,0,0,0,0,0
736.99,0,0,0,0,9999.0,1.6,1,0,0,0,0,0
943.08,0,0,0,0,9999.0,1.54,1,0,0,0,0,0
2574.44,0,0,0,0,9999.0,2.58,1,1,0,0,0,0
144.94,0,0,0,0,9999.0,1.67,1,0,0,0,0,0
126.8,0,0,0,0,9999.0,2.4,1,0,0,0,0,0
30.89,0,0,0,0,9999.0,1.44,1,1,0,0,1,0
14660.08,1,0,0,0,9999.0,1.39,1,0,0,0,1,0
2510.37,0,0,0,0,9999.0,2.14,1,0,0,0,1,0
25514.56,0,0,0,0,9999.0,1.29,1,0,0,0,0,0
74.67,1,0,0,0,9999.0,3.08,1,1,0,0,0,0
69.4,0,0,0,0,9999.0,1.36,1,0,0,2,0,0
46.5,0,0,0,0,9999.0,1.33,1,1,0,0,0,0
2776.83,0,0,0,0,9999.0,2.19,1,0,0,0,0,0
1288.23,0,0,0,0,9999.0,1.51,1,0,0,0,1,0
133.1,0,0,0,1,1084.9505874303866,1.69,1,0,0,0,0,0
115.45,0,0,0,0,9999.0,1.71,1,0,0,0,1,0
57.93,0,0,0,0,9999.0,1.99,1,1,0,0,0,0
1367.6,0,0,0,0,9999.0,1.51,1,0,0,0,0,0
1070.6,0,0,0,0,9999.0,2.61,1,1,0,0,0,0
2165.36,0,0,0,0,9999.0,1.22,1,1,0,1,0,0
63.95,0,0,0,0,9999.0,2.42,1,1,0,0,0,0
35.38,0,0,0,0,9999.0,1.94,1,0,0,0,0,0
78.12,0,0,0,0,9999.0,2.34,1,0,0,0,0,0
17344.47,0,0,0,0,9999.0,2.77,1,0,0,0,0,0
2033.18,0,0,0,0,9999.0,2.59,1,0,0,0,0,0
15000.0,0,0,0,1,4.8,3.52,0,1,1,0,0,1
82.53,0,0,0,0,9999.0,1.77,1,1,0,1,0,0
1552.31,0,0,0,0,9999.0,1.45,1,0,0,0,0,0
578.99,1,0,0,0,9999.0,2.63,1,0,0,0,0,0
999.09,0,0,0,0,9999.0,1.72,1,1,0,0,0,0
778.49,0,0,0,0,9999.0,2.21,1,0,0,0,1,0
604.52,0,0,0,0,9999.0,2.0,1,0,0,0,0,0
2921.61,0,0,0,0,9999.0,2.36,1,0,0,0,1,0
521.35,0,0,0,0,9999.0,2.83,1,1,0,0,0,0
142.4,0,0,0,0,9999.0,2.81,1,0,0,0,0,0
1418.48,0,0,0,0,9999.0,1.3,1,1,0,0,0,0
132.9,0,0,0,1,1118.5375915970865,2.87,1,1,0,0,0,0
1577.4,0,0,0,0,9999.0,2.15,1,0,0,1,1,0
1003.99,0,0,0,0,9999.0,2.71,1,0,0,1,0,0
2421.13,0,0,0,1,228.40325454874937,1.8,1,1,0,0,0,0
625.89,0,0,0,0,9999.0,2.04,1,0,0,0,1,0
33377.2,0,0,0,0,9999.0,2.41,1,0,0,0,0,0
2692.72,0,0,0,0,9999.0,1.35,1,1,0,0,0,0
2500.58,0,0,0,0,9999.0,2.07,1,0,0,0,0,0
43.58,0,0,0,0,9999.0,1.47,1,0,0,0,0,0
2941.49,0,0,0,0,9999.0,2.4,1,0,0,0,0,0
127.19,0,0,0,0,9999.0,1.73,1,0,0,0,0,0
2827.25,0,0,0,0,9999.0,2.86,1,1,0,1,0,0
72.59,0,0,0,1,186.1160365901051,2.07,1,1,0,0,0,0
1060.07,0,0,0,0,9999.0,2.83,1,0,0,0,1,0
126.12,0,0,0,0,9999.0,1.73,1,1,0,0,0,0
1043.54,0,0,0,0,9999.0,2.34,1,0,0,1,1,0
2698.45,0,0,0,0,9999.0,1.55,1,0,0,0,1,0
378.19,0,0,0,0,9999.0,2.78,1,0,0,0,1,0
1648.85,0,0,0,0,9999.0,2.02,1,0,0,1,0,0
1856.75,0,0,0,0,9999.0,2.54,1,0,0,0,0,0
37154.39,1,0,0,1,1.1,4.01,0,1,0,0,0,1
1943.06,0,0,0,0,9999.0,2.09,1,0,0,1,0,0
1069.82,0,0,0,0,9999.0,2.08,1,0,0,0,0,0
1563.2,0,0,0,0,9999.0,2.87,1,0,0,0,1,0
112.18,0,0,0,0,9999.0,2.88,1,0,0,0,1,0
504.21,0,0,0,0,9999.0,2.56,1,1,0,0,0,0
93.49,0,0,0,0,9999.0,2.24,1,1,0,0,0,0
1697.38,0,0,0,0,9999.0,2.15,1,0,0,0,0,0
2482.53,0,0,0,0,9999.0,2.76,1,0,0,0,1,0
75.33,0,0,0,0,9999.0,2.75,1,0,0,0,0,0
833.58,0,0,0,0,9999.0,1.93,1,0,0,1,0,0
65.02,0,0,0,0,9999.0,2.2,1,0,0,1,1,0
1260.95,0,0,0,0,9999.0,1.21,1,0,0,1,0,0
1767.13,1,0,0,1,779.9969161992113,1.4,1,0,0,0,0,0
1328.3,0,0,0,0,9999.0,1.95,1,0,0,1,0,0
1443.56,0,0,0,0,9999.0,3.09,1,0,0,0,1,0
26725.75,0,0,0,0,9999.0,2.21,1,0,0,1,0,0
2096.68,0,0,0,0,9999.0,1.65,1,1,0,2,0,0
119.53,0,0,0,0,9999.0,2.6,1,0,0,0,0,0
2739.44,0,0,0,0,9999.0,1.45,1,0,0,0,0,0
105.31,1,0,0,0,9999.0,2.09,1,0,0,0,0,0
78.8,0,0,0,0,9999.0,2.19,1,0,0,0,0,0
1441.68,0,0,0,1,113.8549121028659,2.34,1,0,0,0,0,0
53.67,1,0,0,0,9999.0,1.69,1,0,0,1,1,0
1554.45,0,0,0,0,9999.0,2.4,1,0,0,0,0,0
1983.68,1,0,0,1,0.5,3.48,0,1,0,0,0,1
5493.89,1,0,0,1,10.7,3.6,0,1,0,0,1,1
86.88,0,0,0,0,9999.0,2.4,1,0,0,1,0,0
984.46,0,0,0,0,9999.0,2.11,1,0,0,1,0,0
47.26,0,0,0,0,9999.0,1.24,1,0,0,0,0,0
725.96,0,0,0,0,9999.0,2.57,1,1,0,0,0,0
52.45,0,0,0,0,9999.0,1.75,1,0,0,0,0,0
1943.44,0,0,0,0,9999.0,1.72,1,0,0,0,0,0
1507.51,0,0,0,0,9999.0,1.85,1,1,0,0,0,0
2740.16,0,0,0,0,9999.0,2.99,1,0,0,0,0,0
2188.5,0,0,0,0,9999.0,2.48,1,0,0,0,0,0
1037.94,1,0,0,0,9999.0,2.1,1,0,0,0,1,0
98.82,0,0,0,0,9999.0,2.66,1,0,0,0,0,0
1960.99,0,0,0,0,9999.0,2.43,1,1,0,1,0,0
11826.95,0,0,0,0,9999.0,2.5,1,0,0,0,1,0
479.63,0,0,0,0,9999.0,2.51,1,0,0,1,0,0
136.85,0,0,0,0,9999.0,1.71,1,1,0,1,0,0
28.41,0,0,0,0,9999.0,2.83,1,0,0,0,0,0
113.46,0,0,0,0,9999.0,1.62,1,0,0,0,1,0
2523.34,0,0,0,0,9999.0,2.35,1,0,0,0,1,0
367.21,1,0,0,0,9999.0,2.48,1,0,0,0,0,0
773.95,0,0,0,0,9999.0,2.58,1,0,0,0,1,0
827.76,1,0,0,0,9999.0,2.42,1,1,0,0,0,0
2805.7,0,0,0,0,9999.0,2.14,1,0,0,1,0,0
25000.0,1,0,0,1,6.1,3.16,1,1,1,1,1,1
1848.7,0,0,0,0,9999.0,1.46,1,1,0,0,0,0
143.42,0,0,0,0,9999.0,2.19,1,0,0,0,0,0
1964.25,0,0,0,1,583.8392238911741,1.87,1,0,0,1,0,0
74.15,0,0,0,0,9999.0,2.68,1,1,0,1,0,0
2453.31,0,0,0,0,9999.0,1.29,1,1,0,0,0,0
500.89,1,0,0,0,9999.0,2.91,1,0,0,0,0,0
14.57,0,0,0,1,574.7156740378169,1.31,1,0,0,0,0,0
2254.71,0,0,0,0,9999.0,3.05,1,0,0,2,0,0
70.39,0,0,0,0,9999.0,2.57,1,0,0,0,0,0
3000.0,1,0,0,1,35.6,3.8,1,1,0,1,0,1
914.15,1,0,0,0,9999.0,1.34,1,0,0,1,1,0
2359.14,0,0,0,0,9999.0,2.44,1,0,0,0,0,0
200.03,0,0,0,0,9999.0,1.99,1,0,0,0,0,0
112.11,0,0,0,0,9999.0,3.04,1,0,0,0,0,0
2486.98,0,0,0,1,1093.4900461517338,1.55,1,0,0,0,0,0
86.23,0,0,0,1,89.8154404717173,2.55,1,0,0,0,0,0
2325.21,0,0,0,1,1196.783911021242,1.39,1,0,0,0,0,0
1889.19,0,0,0,0,9999.0,2.59,1,1,0,0,0,0
75578.99,1,1,0,1,11.6,3.81,1,1,0,2,0,1
121.66,0,0,0,0,9999.0,2.37,1,1,0,0,0,0
53.24,1,0,0,1,349.6856090852482,2.12,1,0,0,1,0,0
1086.34,0,0,0,1,1229.4591674528333,2.75,1,0,0,2,0,0
36.17,0,0,0,1,637.0616954051378,1.24,1,0,0,1,0,0
21.75,0,0,0,0,9999.0,1.83,1,0,0,2,0,0
119.34,1,0,0,1,1319.77087208867,2.69,1,0,0,0,0,0
39369.51,1,0,0,1,15.4,3.6,0,1,0,0,0,1
101.95,0,0,0,1,449.1800143333404,3.04,1,0,0,0,0,0
948.73,0,0,0,0,9999.0,1.23,1,1,0,0,0,0
2625.07,0,0,0,0,9999.0,3.0,1,0,0,1,0,0
2104.31,0,0,0,0,9999.0,1.98,1,0,0,2,0,0
104.14,0,0,0,0,9999.0,3.06,1,0,0,0,1,0
70.82,0,0,0,0,9999.0,2.57,1,0,0,0,0,0
132.85,0,0,0,0,9999.0,2.6,1,0,0,0,0,0
1898.85,1,0,0,0,9999.0,2.48,1,0,0,1,1,0
96.35,0,0,0,0,9999.0,2.61,1,1,0,1,0,0
61.58,0,0,0,0,9999.0,2.9,1,0,0,0,0,0
100.91,0,0,0,0,9999.0,2.98,1,0,0,0,0,0
78.75,0,0,0,0,9999.0,2.96,1,0,0,0,0,0
35.99,0,0,0,0,9999.0,2.46,1,1,0,0,0,0
1699.55,0,0,0,0,9999.0,1.88,1,0,0,1,1,0
80.79,0,0,0,0,9999.0,2.99,1,1,0,0,0,0
2546.14,0,0,0,0,9999.0,2.83,1,1,0,0,0,0
26.46,0,0,0,0,9999.0,1.51,1,0,0,0,0,0
134.72,0,0,0,0,9999.0,1.66,1,0,0,0,0,0
42.79,0,0,0,0,9999.0,1.62,1,1,0,0,0,0
680.74,0,0,0,0,9999.0,2.15,1,0,0,0,0,0
30.0,0,0,0,0,9999.0,2.51,1,0,0,0,0,0
393.33,0,0,0,0,9999.0,2.1,1,0,0,0,0,0
2142.78,0,0,0,0,9999.0,2.8,1,0,0,0,1,0
411.96,0,0,0,0,9999.0,1.94,1,1,0,1,0,0
12329.77,0,0,0,0,9999.0,2.43,1,0,0,2,0,0
59.07,0,0,0,0,9999.0,1.91,1,0,0,0,0,0
102.64,0,0,0,0,9999.0,2.12,1,0,0,0,0,0
2304.89,0,0,0,0,9999.0,2.73,1,0,0,0,0,0
1999.96,0,0,0,0,9999.0,2.93,1,1,0,0,0,0
2205.91,0,0,0,0,9999.0,1.71,1,0,0,0,1,0
20.78,0,0,0,0,9999.0,2.52,1,0,0,0,0,0
1772.75,0,0,0,0,9999.0,1.82,1,0,0,0,0,0
2056.05,0,0,0,0,9999.0,2.65,1,0,0,0,0,0
133.09,0,0,0,0,9999.0,1.66,1,0,0,1,1,0
2492.32,0,0,0,0,9999.0,2.77,1,1,0,0,1,0
2458.66,0,0,0,0,9999.0,2.83,1,1,0,0,0,0
1785.31,0,0,0,0,9999.0,1.79,1,0,0,0,0,0
1739.05,0,0,0,0,9999.0,2.27,1,0,0,2,0,0
1289.85,0,0,0,0,9999.0,1.63,1,0,0,0,0,0
152248.96,1,1,1,1,33.3,3.52,1,1,0,0,1,1
100.2,0,0,0,0,9999.0,3.05,1,0,0,0,0,0
1468.15,0,0,0,0,9999.0,3.0,1,0,0,0,0,0
1778.06,0,0,0,0,9999.0,3.01,1,1,0,0,0,0
2167.39,0,0,0,0,9999.0,1.33,1,0,0,0,0,0
33920.88,0,0,0,0,9999.0,1.91,1,1,0,0,0,0
2834.17,0,0,0,0,9999.0,2.67,1,0,0,0,1,0
2410.35,0,0,0,1,135.497899324912,1.99,1,0,0,0,0,0
1788.02,0,0,0,0,2.8,4.06,0,1,0,0,1,1
52.35,0,0,0,0,9999.0,3.05,1,0,0,2,0,0
1913.35,0,0,0,0,9999.0,2.37,1,0,0,0,0,0
1383.49,0,0,0,0,9999.0,3.07,1,0,0,0,0,0
33247.06,0,0,0,0,9999.0,1.58,1,0,0,1,0,0
2036.95,0,0,0,0,9999.0,2.26,1,0,0,0,0,0
2729.23,0,0,0,0,9999.0,2.89,1,1,0,1,0,0
2500.0,1,0,0,1,1.2,3.13,1,1,1,1,0,1
25000.0,1,0,0,1,26.6,3.55,0,1,0,1,0,1
2091.85,0,0,0,0,9999.0,1.53,1,0,0,0,0,0
2085.19,0,0,0,0,9999.0,2.39,1,1,0,0,0,0
1500.0,1,0,0,1,41.8,3.98,1,0,0,2,1,1
1636.18,0,0,0,0,9999.0,2.54,1,1,0,0,0,0
834.88,0,0,0,0,9999.0,2.47,1,0,0,0,1,0
75765.02,0,0,0,0,25.6,4.02,0,1,0,0,0,1
115.11,0,0,0,0,9999.0,1.44,1,1,0,1,0,0
125.76,0,0,0,0,9999.0,2.2,1,1,0,2,0,0
2350.05,1,0,0,1,5.1,4.69,1,1,0,2,0,1
10359.96,0,0,0,0,9999.0,2.56,1,1,0,0,0,0
58.07,0,0,0,1,117.14992957180392,2.79,1,1,0,0,0,0
145.53,0,0,0,0,9999.0,2.05,1,0,0,1,0,0
2134.82,0,0,0,0,9999.0,2.64,1,0,0,0,0,0
2318.35,0,0,0,0,9999.0,1.8,1,0,0,0,0,0
112.89,0,0,0,0,9999.0,2.21,1,0,0,0,0,0
2726.76,0,0,0,0,9999.0,1.85,1,1,0,0,0,0
55.75,0,0,0,0,9999.0,1.22,1,1,0,0,0,0
19056.92,1,1,0,1,30.4,4.55,0,1,0,2,1,1
121.1,0,0,0,0,9999.0,1.26,1,1,0,0,0,0
30105.29,0,0,0,0,9999.0,1.46,1,0,0,1,0,0
88.02,0,0,0,0,9999.0,1.5,1,1,0,0,0,0
2388.22,0,0,0,0,9999.0,1.72,1,0,0,0,0,0
17719.29,0,1,0,1,23.3,3.25,1,1,0,1,1,1
2015.06,1,0,0,0,9999.0,1.64,1,0,0,0,1,0
9999.0,0,0,0,1,5.5,2.94,1,1,1,0,0,1
68.69,0,0,0,0,9999.0,1.52,1,1,0,0,1,0
2368.61,0,0,0,0,9999.0,2.94,1,0,0,0,0,0
2508.52,0,0,0,0,9999.0,1.48,1,1,0,0,1,0
1468.04,0,0,0,0,9999.0,2.18,1,0,0,0,0,0
25000.0,0,0,0,1,11.1,4.44,1,1,0,0,0,1
2384.53,0,0,0,0,9999.0,3.1,1,0,0,0,0,0
79.57,0,0,0,0,9999.0,2.94,1,1,0,1,0,0
122.69,0,0,0,0,9999.0,1.3,1,0,0,1,1,0
49.18,0,0,0,0,9999.0,1.73,1,0,0,0,1,0
2063.23,0,0,0,0,9999.0,1.8,1,0,0,0,0,0
2304.07,0,0,0,0,9999.0,1.45,1,0,0,0,0,0
22.26,0,0,0,0,9999.0,1.37,1,0,0,0,0,0
2018.17,0,0,0,0,9999.0,2.58,1,0,0,0,0,0
1500.0,0,0,0,1,17.5,4.16,1,0,0,0,0,1
99.81,0,0,0,0,9999.0,1.69,1,1,0,0,0,0
1846.18,0,0,0,0,9999.0,2.77,1,0,0,0,0,0
15467.05,0,0,0,0,9999.0,3.08,1,1,0,1,0,0
1351.33,0,0,0,0,9999.0,2.01,1,0,0,1,0,0
2382.65,0,0,0,1,444.6351216692567,1.23,1,1,0,0,0,0
705.69,0,0,0,0,9999.0,1.44,1,1,0,0,0,0
1811.01,0,0,0,0,9999.0,2.02,1,0,0,0,0,0
18.39,0,0,0,0,9999.0,1.45,1,0,0,0,0,0
2500.0,1,0,0,0,0.8,2.86,0,1,1,1,0,1
102.94,0,0,0,0,9999.0,3.03,1,0,0,0,0,0
1154.68,0,0,0,0,9999.0,2.94,1,0,0,0,0,0
1500.0,0,0,0,1,28.4,3.31,1,1,0,0,1,1
71.93,0,0,0,0,9999.0,1.28,1,0,0,0,0,0
39136.87,1,0,0,1,27.5,2.8,0,1,0,1,0,1
2583.22,0,0,0,0,9999.0,3.02,1,0,0,0,0,0
23.3,0,0,0,0,9999.0,1.8,1,0,0,0,1,0
4142.34,1,0,0,1,4.9,4.15,1,1,0,1,0,1
90.99,0,0,0,0,9999.0,2.52,1,1,0,0,0,0
49.84,0,0,0,0,9999.0,2.04,1,0,0,2,0,0
1715.85,0,0,0,0,9999.0,1.36,1,0,0,0,0,0
79.74,0,0,0,0,9999.0,2.51,1,0,0,1,0,0
99.74,0,0,0,0,9999.0,2.09,1,0,0,1,0,0
117.31,0,0,0,0,9999.0,2.53,1,0,0,0,0,0
25000.0,0,0,0,1,7.8,2.92,0,1,1,1,0,1
25810.88,0,0,0,0,9999.0,1.87,1,0,0,0,0,0
372.05,0,0,0,0,9999.0,2.75,1,1,0,0,0,0
57.33,0,0,0,0,9999.0,1.44,1,0,0,0,0,0
1653.96,0,0,0,0,9999.0,1.86,1,1,0,1,0,0
31.2,0,0,0,0,9999.0,2.02,1,0,0,0,1,0
1964.26,0,0,0,0,9999.0,2.77,1,1,0,1,1,0
312.8,0,0,0,0,9999.0,1.97,1,0,0,0,0,0
8000.0,0,0,0,1,2.6,3.93,0,1,0,1,0,1
36.5,0,0,0,0,9999.0,2.07,1,1,0,0,0,0
390.71,0,0,0,0,9999.0,1.61,1,1,0,0,1,0
12.01,0,0,0,0,9999.0,2.11,1,0,0,0,1,0
97.55,0,0,0,0,9999.0,1.22,1,0,0,0,1,0
8000.0,0,0,0,1,8.2,2.92,1,0,0,1,1,1
2887.41,0,0,0,0,9999.0,1.29,1,0,0,0,0,0
41055.28,0,0,0,1,4.0,3.29,1,1,0,2,1,1
10272.49,1,1,0,0,17.1,3.62,1,1,0,1,0,1
23.78,0,0,0,0,9999.0,3.02,1,0,0,0,0,0
2097.13,0,0,0,0,9999.0,2.24,1,0,0,0,0,0
14589.5,1,1,0,1,10.8,3.16,1,1,0,1,1,1
2531.31,0,0,0,0,9999.0,2.73,1,1,0,0,0,0
2990.27,0,0,0,0,9999.0,1.46,1,0,0,1,1,0
2500.0,1,0,0,1,2.6,4.2,1,1,1,2,0,1
756.68,0,0,0,0,9999.0,1.8,1,0,0,0,0,0
114.26,0,0,0,0,9999.0,1.98,1,0,0,0,1,0
711.7,0,0,0,0,9999.0,1.81,1,0,0,0,0,0
370.53,0,0,0,0,9999.0,1.26,1,1,0,0,0,0
92.33,0,0,0,0,9999.0,1.8,1,0,0,0,0,0
120.7,0,0,0,0,9999.0,1.93,1,0,0,1,0,0
2201.72,0,0,0,0,9999.0,2.3,1,0,0,1,0,0
56.59,0,0,0,0,9999.0,2.26,1,1,0,1,0,0
28.61,0,0,0,0,9999.0,2.41,1,0,0,1,0,0
59.92,0,0,0,1,904.7234654944466,2.93,1,0,0,1,0,0
134.08,0,0,0,0,9999.0,1.49,1,0,0,2,0,0
1227.49,0,0,0,0,9999.0,1.48,1,0,0,0,0,0
25000.0,1,0,0,1,34.3,4.49,1,1,0,2,0,1
78.06,0,0,0,0,9999.0,1.41,1,0,0,0,1,0
610.75,0,0,0,0,9999.0,2.51,1,1,0,0,0,0
122.34,1,0,0,0,9999.0,2.84,1,0,0,1,0,0
25000.0,1,0,0,1,44.4,2.96,1,1,0,1,1,1
2418.94,0,0,0,0,9999.0,1.61,1,0,0,0,0,0
76.81,0,0,0,0,9999.0,2.71,1,1,0,0,0,0
10247.75,1,0,0,1,8.8,3.5,0,1,0,0,1,1
764.58,1,0,0,0,9999.0,3.06,1,0,0,0,0,0
33.44,0,0,0,0,9999.0,2.08,1,0,0,0,0,0
1560.12,0,0,0,0,9999.0,2.09,1,0,0,0,0,0
140.32,0,0,0,0,9999.0,2.46,1,1,0,0,0,0
2613.81,0,0,0,0,9999.0,1.4,1,0,0,1,0,0
849.16,0,0,0,0,9999.0,2.54,1,0,0,0,0,0
716.06,0,0,0,0,9999.0,1.64,1,1,0,0,0,0
2254.9,0,0,0,0,9999.0,2.67,1,0,0,1,0,0
119.55,0,0,0,0,9999.0,2.88,1,0,0,1,0,0
1538.62,0,0,0,1,1.5,4.7,1,1,0,1,0,1
41.35,1,0,0,0,9999.0,1.89,1,0,0,0,1,0
2982.6,0,0,0,0,9999.0,1.8,1,0,0,0,0,0
319.67,0,0,0,0,9999.0,2.84,1,0,0,0,0,0
26.18,0,0,0,1,884.3559355340886,2.79,1,0,0,0,1,0
37199.62,1,1,1,1,11.7,4.11,1,1,0,2,0,1
817.42,0,0,0,1,1065.9390840736862,1.55,1,1,0,0,1,0
1610.33,0,0,0,0,9999.0,2.78,1,0,0,1,0,0
1687.11,0,0,0,0,9999.0,2.62,1,1,0,0,0,0
3000.0,0,0,0,1,37.0,3.06,0,1,0,0,0,1
2149.02,0,0,0,0,9999.0,1.89,1,1,0,0,0,0
105.74,0,0,0,0,9999.0,1.25,1,0,0,0,0,0
51.72,0,0,0,0,9999.0,1.37,1,1,0,0,1,0
17202.8,0,0,0,0,9999.0,2.61,1,0,0,0,0,0
18424.88,1,1,0,1,18.7,4.56,1,0,0,0,0,1
2773.78,1,0,0,0,9999.0,2.01,1,0,0,0,1,0
2473.06,0,0,0,0,9999.0,1.85,1,0,0,1,0,0
2190.08,0,0,0,0,9999.0,1.95,1,0,0,0,0,0
114.91,0,0,0,0,9999.0,2.24,1,0,0,0,1,0
24948.68,0,0,0,0,9999.0,2.1,1,1,0,0,0,0
15.5,0,0,0,0,9999.0,3.06,1,0,0,0,0,0
2355.29,0,0,0,0,9999.0,3.05,1,0,0,1,0,0
1694.62,0,0,0,0,9999.0,1.95,1,0,0,0,0,0
70.25,0,0,0,0,9999.0,1.51,1,1,0,0,0,0
2602.22,1,0,0,1,773.8990423137536,2.47,1,0,0,0,0,0
52.39,0,0,0,0,9999.0,2.21,1,0,0,0,1,0
2024.42,0,0,0,0,9999.0,2.32,1,0,0,0,0,0
753.16,0,0,0,0,9999.0,2.73,1,0,0,0,0,0
140.6,0,0,0,0,9999.0,2.95,1,0,0,0,0,0
3000.0,0,0,0,1,4.7,4.15,0,1,0,0,0,1
2392.4,0,0,0,0,9999.0,2.63,1,0,0,1,0,0
24515.14,1,1,0,1,18.3,4.69,1,1,0,0,0,1
1192.39,0,0,0,0,9999.0,2.44,1,0,0,0,1,0
1646.56,0,0,0,0,9999.0,1.74,1,0,0,0,0,0
68.68,0,0,0,0,9999.0,1.42,1,0,0,0,0,0
115.25,0,0,0,0,9999.0,2.92,1,1,0,0,0,0
14.93,0,0,0,0,9999.0,2.62,1,1,0,0,0,0
1452.64,0,0,0,0,9999.0,2.47,1,0,0,0,0,0
2491.02,0,0,0,0,9999.0,2.06,1,0,0,2,0,0
40898.79,1,0,0,1,8.2,3.81,0,1,0,1,1,1
16542.6,0,0,0,0,9999.0,2.05,1,0,0,0,0,0
2495.04,0,0,0,0,9999.0,1.26,1,0,0,0,1,0
153243.66,1,0,0,1,30.6,4.7,0,1,0,1,1,1
1444.81,0,0,0,0,9999.0,2.61,1,0,0,0,0,0
91.66,0,0,0,0,9999.0,2.88,1,0,0,0,0,0
106.84,0,0,0,0,9999.0,2.46,1,0,0,0,1,0
2433.85,0,0,0,1,1013.004418549394,2.84,1,0,0,0,1,0
86.96,0,0,0,0,9999.0,1.99,1,1,0,0,1,0
75.72,0,0,0,0,9999.0,2.83,1,0,0,1,0,0
56.58,1,0,0,0,9999.0,2.99,1,0,0,1,0,0
11756.14,0,0,0,0,9999.0,1.38,1,1,0,0,0,0
1896.51,0,0,0,0,9999.0,2.01,1,0,0,1,0,0
1289.78,0,0,0,1,1386.5024835073057,2.89,1,1,0,0,0,0
14998.5,0,0,0,1,107.50249264414911,2.3,1,0,0,0,0,0
81.46,0,0,0,1,1362.0374081581992,1.69,1,0,0,0,0,0
884.94,1,0,0,1,1.8,4.72,0,1,0,0,0,1
2252.85,0,0,0,0,9999.0,3.09,1,0,0,0,1,0
1889.09,0,0,0,1,891.991735309294,1.63,1,0,0,0,0,0
58.57,0,0,0,0,9999.0,2.02,1,1,0,0,0,0
80.63,0,0,0,0,9999.0,1.7,1,0,0,2,0,0
89.69,0,0,0,0,9999.0,2.85,1,0,0,0,0,0
145.34,0,0,0,1,655.2491349988221,3.02,1,0,0,0,0,0
113.11,0,0,0,0,9999.0,1.3,1,0,0,0,0,0
146.49,0,0,0,0,9999.0,1.98,1,0,0,0,0,0
104.76,0,0,0,0,9999.0,1.32,1,0,0,0,1,0
28.73,0,0,0,0,9999.0,3.01,1,0,0,0,0,0
39.9,0,0,0,0,9999.0,1.98,1,1,0,2,1,0
19.53,0,0,0,0,9999.0,1.8,1,0,0,1,0,0
18.53,0,0,0,0,9999.0,2.53,1,0,0,1,0,0
72.49,1,0,0,0,9999.0,2.58,1,0,0,0,1,0
1791.15,0,0,0,0,9999.0,1.72,1,0,0,0,0,0
42.6,0,0,0,0,9999.0,2.13,1,0,0,0,0,0
2235.4,0,0,0,0,9999.0,2.54,1,0,0,0,0,0
2009.94,0,0,0,0,9999.0,2.07,1,0,0,0,0,0
106.83,0,0,0,0,9999.0,2.71,1,0,0,0,0,0
2630.4,0,0,0,0,9999.0,2.77,1,0,0,0,0,0
142.02,0,0,0,0,9999.0,2.36,1,1,0,0,0,0
19224.3,0,0,0,0,9999.0,1.73,1,1,0,1,1,0
75458.41,1,1,0,1,9.7,4.3,1,1,0,0,0,1
2510.1,0,0,0,0,9999.0,2.83,1,0,0,0,1,0
2462.09,0,0,0,0,9999.0,2.46,1,1,0,0,0,0
11.67,1,0,0,0,9999.0,1.47,1,1,0,1,0,0
584.24,0,0,0,0,9999.0,2.98,1,0,0,0,0,0
1639.27,0,0,0,0,9999.0,2.35,1,0,0,1,0,0
66.16,0,0,0,0,9999.0,3.0,1,0,0,0,1,0
149.27,0,0,0,0,9999.0,3.04,1,0,0,0,1,0
107.14,0,0,0,0,9999.0,1.78,1,1,0,0,0,0
118.77,0,0,0,0,9999.0,1.33,1,0,0,2,0,0
14.62,0,0,0,0,9999.0,3.01,1,0,0,0,0,0
138.96,0,0,0,0,9999.0,3.05,1,0,0,1,0,0
1486.81,0,0,0,1,1307.653925939746,2.93,1,1,0,0,1,0
133.02,0,0,0,0,9999.0,1.57,1,1,0,0,0,0
1513.37,0,0,0,0,9999.0,1.33,1,1,0,0,0,0
2254.2,0,0,0,0,9999.0,2.8,1,0,0,0,0,0
17.66,0,0,0,0,9999.0,1.23,1,0,0,0,0,0
10.96,0,0,0,0,9999.0,2.09,1,0,0,0,0,0
1396.69,0,0,0,0,9999.0,2.13,1,0,0,0,1,0
5000.0,1,0,0,1,0.7,4.62,0,1,1,2,0,1
62.54,0,0,0,0,9999.0,2.39,1,0,0,0,0,0
137.34,1,0,0,0,9999.0,1.71,1,1,0,0,1,0
3691.25,1,0,0,1,14.7,3.13,1,1,0,0,0,1
22.38,0,0,0,0,9999.0,1.85,1,1,0,2,1,0
17.93,0,0,0,0,9999.0,1.43,1,0,0,0,0,0
60.57,0,0,0,1,699.0923232976414,2.41,1,0,0,1,0,0
2682.47,0,0,0,0,9999.0,1.98,1,0,0,0,0,0
39.61,0,0,0,1,1230.7297740243048,2.6,1,0,0,1,0,0
11.21,0,0,0,0,9999.0,1.24,1,0,0,0,0,0
852.45,0,0,0,0,9999.0,2.74,1,0,0,1,0,0
1838.54,0,0,0,0,9999.0,2.05,1,0,0,2,0,0
2766.92,0,0,0,0,9999.0,2.72,1,0,0,0,0,0
1170.81,0,0,0,0,9999.0,3.01,1,0,0,0,0,0
118.92,0,0,0,0,9999.0,1.62,1,0,0,0,0,0
33324.26,0,0,0,0,9999.0,1.74,1,0,0,0,0,0
2085.58,0,0,0,0,9999.0,2.37,1,1,0,2,0,0
793.83,0,0,0,0,9999.0,1.65,1,0,0,1,1,0
10.99,0,0,0,0,9999.0,2.49,1,1,0,0,0,0
61.62,0,0,0,0,9999.0,2.66,1,1,0,1,0,0
674.83,0,0,0,0,9999.0,2.98,1,1,0,1,0,0
9999.0,1,0,0,1,7.7,3.6,0,1,1,1,0,1
240.24,0,0,0,0,9999.0,1.29,1,0,0,0,0,0
117.18,0,0,0,0,9999.0,1.6,1,0,0,0,0,0
2335.1,0,0,0,0,9999.0,2.31,1,0,0,1,0,0
1541.76,0,0,0,0,9999.0,2.47,1,1,0,2,1,0
72.65,0,0,0,0,9999.0,1.39,1,0,0,0,0,0
116.84,0,0,0,0,9999.0,2.72,1,0,0,0,0,0
1662.64,0,0,0,0,9999.0,1.35,1,0,0,0,0,0
122.77,0,0,0,1,1053.7464697480889,1.84,1,0,0,1,1,0
1760.83,0,0,0,0,9999.0,3.06,1,1,0,0,0,0
1080.72,0,0,0,0,9999.0,1.36,1,0,0,0,0,0
414.54,0,0,0,0,9999.0,2.46,1,0,0,1,1,0
2491.24,0,0,0,0,9999.0,2.5,1,0,0,0,0,0
27.3,0,0,0,0,9999.0,1.44,1,0,0,0,1,0
306.54,0,0,0,0,9999.0,2.58,1,0,0,1,1,0
522.44,0,0,0,0,9999.0,2.32,1,0,0,0,0,0
513.63,0,0,0,0,9999.0,2.81,1,0,0,0,0,0
66.51,0,0,0,0,9999.0,3.09,1,0,0,0,0,0
2987.73,0,0,0,0,9999.0,2.46,1,0,0,1,0,0
89.31,0,0,0,0,9999.0,2.43,1,0,0,0,1,0
1643.36,0,0,0,0,9999.0,1.83,1,1,0,0,0,0
22.58,0,0,0,1,33.07964142872077,1.69,1,0,0,0,0,0
8119.85,1,1,0,1,13.5,4.33,0,1,0,1,0,1
2688.51,0,0,0,0,9999.0,2.52,1,0,0,0,0,0
1212.5,0,0,0,0,9999.0,1.97,1,1,0,2,0,0
1581.19,0,0,0,0,9999.0,1.21,1,0,0,0,0,0
803.44,0,0,0,0,9999.0,1.62,1,1,0,0,0,0
2697.24,0,0,0,0,9999.0,1.75,1,0,0,1,0,0
5837.95,1,0,0,1,3.3,4.61,1,0,0,2,0,1
1841.73,0,0,0,0,9999.0,2.46,1,0,0,0,0,0
2450.81,0,0,0,0,9999.0,2.17,1,0,0,0,0,0
114.24,1,0,0,0,9999.0,3.03,1,1,0,0,0,0
108.45,0,0,0,0,9999.0,1.24,1,0,0,0,0,0
2277.28,0,0,0,0,9999.0,2.12,1,1,0,0,0,0
2181.71,0,0,0,0,9999.0,1.88,1,0,0,0,0,0
147.05,0,0,0,0,9999.0,1.93,1,0,0,0,0,0
151151.21,1,1,0,1,3.5,4.76,0,1,0,2,0,1
89.69,0,0,0,1,979.7898631153402,2.95,1,1,0,0,0,0
1475.3,0,0,0,0,9999.0,2.31,1,0,0,0,0,0
44137.13,0,0,1,1,24.2,4.0,1,1,0,0,0,1
1760.31,0,0,0,0,9999.0,2.61,1,0,0,1,0,0
25000.0,0,0,0,1,21.1,3.68,1,1,0,2,1,1
9999.0,1,0,0,0,3.4,4.3,0,1,1,0,0,1
134.03,0,0,0,0,9999.0,2.67,1,1,0,0,0,0
112.22,0,0,0,0,9999.0,1.94,1,1,0,0,0,0
2064.4,0,0,0,0,9999.0,1.92,1,1,0,0,0,0
149.93,0,0,0,0,9999.0,2.38,1,0,0,0,0,0
374.94,0,0,0,0,9999.0,2.57,1,0,0,1,1,0
2585.51,1,0,0,0,9999.0,1.88,1,0,0,0,0,0
2310.55,0,0,0,0,9999.0,2.38,1,0,0,0,0,0
8944.98,0,1,1,1,7.6,4.21,0,1,0,1,0,1
30.33,0,0,0,0,9999.0,2.2,1,1,0,0,0,0
982.17,0,0,0,0,9999.0,1.86,1,1,0,0,1,0
786.37,0,0,0,1,983.381840169358,2.22,1,1,0,1,0,0
60.33,0,0,0,0,9999.0,2.83,1,0,0,1,1,0
110.04,0,0,0,0,9999.0,2.38,1,1,0,2,0,0
114.1,0,0,0,0,9999.0,2.63,1,0,0,0,0,0
49.65,0,0,0,0,9999.0,2.87,1,0,0,0,0,0
1155.22,0,0,0,0,9999.0,2.62,1,0,0,2,1,0
139.58,0,0,0,0,9999.0,2.16,1,0,0,0,0,0
44.98,0,0,0,0,9999.0,1.88,1,0,0,0,1,0
2725.35,1,0,0,0,9999.0,2.05,1,0,0,0,0,0
2063.87,0,0,0,0,9999.0,1.57,1,0,0,0,0,0
38.12,0,0,0,0,9999.0,1.78,1,0,0,2,0,0
114.06,0,0,0,1,127.71935348643568,2.03,1,1,0,0,0,0
104.88,0,0,0,0,9999.0,1.63,1,0,0,0,0,0
1361.88,0,0,0,0,9999.0,1.58,1,0,0,0,0,0
1767.21,0,0,0,0,9999.0,1.88,1,1,0,0,1,0
981.6,0,0,0,0,9999.0,2.43,1,1,0,0,0,0
46.54,0,0,0,0,9999.0,2.86,1,1,0,0,0,0
121.85,0,0,0,0,9999.0,2.73,1,0,0,0,0,0
52.63,0,0,0,0,9999.0,1.25,1,0,0,1,0,0
57.49,0,0,0,0,9999.0,2.15,1,0,0,0,0,0
1855.64,0,0,0,0,9999.0,2.88,1,1,0,1,0,0
1448.2,0,0,0,0,9999.0,1.21,1,0,0,0,0,0
30.0,0,0,0,0,9999.0,2.65,1,1,0,1,0,0
35372.59,0,0,0,1,277.567486464809,1.42,1,0,0,0,1,0
93.75,1,0,0,0,9999.0,2.34,1,0,0,0,0,0
81.59,0,0,0,0,9999.0,2.73,1,0,0,0,0,0
69.66,0,0,0,0,9999.0,2.25,1,0,0,1,1,0
56.61,0,0,0,0,9999.0,1.44,1,0,0,2,0,0
91.17,0,0,0,0,9999.0,2.39,1,0,0,2,1,0
23.97,0,0,0,0,9999.0,1.3,1,0,0,0,1,0
2100.31,0,0,0,0,9999.0,2.97,1,1,0,0,0,0
2488.07,1,0,0,1,5.2,3.53,1,1,0,0,1,1
1855.78,0,0,0,0,9999.0,2.57,1,1,0,0,0,0
1363.84,0,0,0,0,9999.0,1.93,1,0,0,0,1,0
41.66,0,0,0,0,9999.0,2.86,1,1,0,0,0,0
69.85,0,0,0,0,9999.0,2.59,1,0,0,0,0,0
11.37,0,0,0,1,179.8527013144555,1.34,1,0,0,1,0,0
1535.74,0,0,0,0,9999.0,2.79,1,1,0,1,0,0
2604.76,0,0,0,0,9999.0,2.39,1,1,0,1,0,0
7066.39,0,1,0,1,19.1,3.86,1,1,0,2,1,1
2255.69,0,0,0,0,9999.0,2.24,1,0,0,1,0,0
17.48,0,0,0,0,9999.0,2.05,1,0,0,0,0,0
20.13,0,0,0,1,1144.700249294529,1.75,1,1,0,0,1,0
2685.12,0,0,0,0,9999.0,2.42,1,0,0,0,1,0
42309.54,1,1,1,1,10.9,2.95,0,1,0,1,1,1
63.06,0,0,0,0,9999.0,1.87,1,0,0,0,0,0
580.56,0,0,0,0,9999.0,2.73,1,0,0,0,0,0
73.79,0,0,0,0,9999.0,2.54,1,1,0,0,0,0
127.02,0,0,0,0,9999.0,1.39,1,0,0,0,0,0
136.36,0,0,0,0,9999.0,1.34,1,1,0,1,0,0
112.58,0,0,0,0,9999.0,2.37,1,0,0,0,0,0
2493.62,0,0,0,0,9999.0,1.49,1,1,0,0,1,0
2398.02,0,0,0,0,9999.0,2.71,1,0,0,0,0,0
1410.25,0,0,0,0,9999.0,2.26,1,0,0,0,0,0
64.33,0,0,0,0,9999.0,1.66,1,1,0,2,0,0
138.96,0,0,0,0,9999.0,2.86,1,0,0,0,0,0
1667.63,1,0,0,0,9999.0,1.74,1,0,0,0,0,0
127.37,1,0,0,1,1434.5908073700712,2.44,1,0,0,0,0,0
1678.53,0,0,0,0,9999.0,3.04,1,1,0,0,0,0
11.51,0,0,0,0,9999.0,2.53,1,0,0,0,0,0
77.02,0,0,0,0,9999.0,1.53,1,1,0,1,0,0
1965.59,1,0,0,1,11.7,3.74,1,1,0,0,1,1
1511.31,0,0,0,0,9999.0,1.35,1,0,0,1,0,0
112.33,0,0,0,0,9999.0,1.75,1,1,0,0,0,0
115.87,0,0,0,0,9999.0,1.72,1,1,0,0,0,0
5000.0,0,0,0,1,2.0,4.36,1,1,1,0,1,1
80.27,0,0,0,0,9999.0,2.35,1,0,0,1,0,0
2810.84,0,0,0,0,9999.0,3.0,1,0,0,1,0,0
63.64,0,0,0,0,9999.0,2.71,1,0,0,0,0,0
2825.57,0,0,0,0,9999.0,2.93,1,1,0,1,1,0
142.64,0,0,0,0,9999.0,2.0,1,0,0,0,0,0
1823.8,0,0,0,0,9999.0,2.02,1,1,0,0,0,0
825.81,0,0,0,0,9999.0,2.74,1,1,0,0,0,0
110.85,0,0,0,0,9999.0,2.04,1,0,0,1,0,0
77.88,1,0,0,0,9999.0,1.87,1,0,0,0,1,0
116.17,0,0,0,0,9999.0,2.35,1,0,0,0,0,0
142.78,0,0,0,0,9999.0,2.8,1,1,0,0,1,0
1219.54,0,0,0,0,9999.0,2.41,1,0,0,0,1,0
120.5,0,0,0,0,9999.0,1.26,1,1,0,0,1,0
1439.66,0,0,0,0,9999.0,3.0,1,0,0,0,0,0
729.59,0,0,0,0,9999.0,2.29,1,0,0,0,0,0
101.59,0,0,0,0,9999.0,2.21,1,1,0,0,0,0
2178.6,0,0,0,0,9999.0,2.99,1,0,0,0,0,0
1500.0,0,0,0,1,12.1,4.11,0,1,0,0,1,1
1529.34,0,0,0,0,9999.0,1.4,1,0,0,0,0,0
45.14,0,0,0,0,9999.0,2.5,1,0,0,0,0,0
548.41,0,0,0,0,9999.0,1.86,1,1,0,0,0,0
12.57,0,0,0,0,9999.0,2.51,1,0,0,0,0,0
1131.66,0,0,0,0,9999.0,1.34,1,0,0,0,0,0
37.02,0,0,0,0,9999.0,1.42,1,0,0,0,0,0
354.31,0,0,0,0,9999.0,2.89,1,1,0,1,1,0
510.89,0,0,0,0,9999.0,1.27,1,1,0,2,0,0
670.99,0,0,0,0,9999.0,2.78,1,0,0,0,0,0
43625.02,0,0,0,0,9999.0,1.81,1,1,0,1,0,0
2166.01,0,0,0,0,9999.0,2.53,1,0,0,0,0,0
86.19,0,0,0,0,9999.0,1.22,1,0,0,0,0,0
2415.66,0,0,0,0,9999.0,2.88,1,1,0,0,0,0
2627.82,0,0,0,0,9999.0,3.01,1,0,0,1,0,0
133.72,0,0,0,1,1115.1954510759529,2.27,1,0,0,0,0,0
2395.0,0,0,0,1,1143.0248491010436,1.82,1,1,0,0,0,0
48.11,0,0,0,0,9999.0,1.93,1,1,0,0,0,0
1084.83,0,0,0,1,677.1473024721419,2.86,1,1,0,0,1,0
90.18,0,0,0,0,9999.0,2.15,1,1,0,0,0,0
557.14,0,0,0,0,9999.0,2.4,1,0,0,1,0,0
143.2,0,0,0,0,9999.0,2.38,1,1,0,1,0,0
1239.1,0,0,0,0,9999.0,2.57,1,0,0,0,1,0
142.16,1,0,0,0,9999.0,1.29,1,1,0,0,0,0
34.65,0,0,0,0,9999.0,2.69,1,0,0,1,1,0
1028.3,0,0,0,0,9999.0,2.89,1,1,0,0,1,0
21881.6,1,0,0,1,23.1,3.68,1,1,0,2,0,1
147.7,0,0,0,0,9999.0,2.47,1,0,0,0,0,0
46.78,0,0,0,0,9999.0,1.51,1,0,0,0,0,0
123.72,0,0,0,0,9999.0,2.63,1,1,0,0,0,0
1601.0,0,0,0,0,9999.0,1.88,1,0,0,0,0,0
1555.62,0,0,0,0,9999.0,2.18,1,0,0,0,1,0
1550.79,0,0,0,0,9999.0,1.38,1,1,0,1,0,0
93.02,0,0,0,0,9999.0,2.98,1,0,0,0,1,0
1194.81,0,0,0,0,9999.0,1.29,1,0,0,1,0,0
72.62,0,0,0,0,9999.0,1.34,1,1,0,2,0,0
25000.0,0,0,0,1,41.9,3.64,0,1,0,1,1,1
23480.69,0,0,0,0,9999.0,1.85,1,1,0,0,0,0
122.82,0,0,0,0,9999.0,3.08,1,0,0,1,0,0
2278.64,0,0,0,0,9999.0,2.19,1,0,0,0,0,0
2821.47,0,0,0,0,9999.0,2.85,1,1,0,0,0,0
1097.1,0,0,0,0,9999.0,2.96,1,0,0,0,1,0
99.38,0,0,0,0,9999.0,1.74,1,0,0,0,0,0
31125.34,0,0,0,0,9999.0,2.97,1,0,0,0,0,0
2077.51,1,0,0,0,9999.0,1.8,1,0,0,1,0,0
1547.33,0,0,0,0,9999.0,2.07,1,0,0,0,0,0
36882.74,1,1,1,1,12.4,2.99,1,1,0,1,0,1
73.79,0,0,0,0,9999.0,2.35,1,0,0,0,0,0
1729.08,0,0,0,0,9999.0,2.78,1,0,0,0,0,0
1379.13,0,0,0,0,9999.0,1.98,1,0,0,0,0,0
146.24,0,0,0,0,9999.0,1.57,1,0,0,0,1,0
1722.07,0,0,0,0,9999.0,2.44,1,0,0,0,0,0
125.17,0,0,0,0,9999.0,1.6,1,0,0,0,0,0
2576.55,0,0,0,0,9999.0,2.54,1,0,0,0,0,0
148.89,0,0,0,0,9999.0,1.45,1,1,0,0,0,0
44.27,0,0,0,0,9999.0,2.49,1,0,0,0,0,0
1021.33,0,0,0,0,9999.0,2.82,1,1,0,1,0,0
27.06,0,0,0,0,9999.0,2.17,1,0,0,0,1,0
29.72,0,0,0,1,119.20036726715146,2.39,1,1,0,0,0,0
2074.18,0,0,0,0,9999.0,2.78,1,0,0,0,0,0
48.49,0,0,0,0,9999.0,1.26,1,0,0,0,1,0
139.04,0,0,0,0,9999.0,2.64,1,1,0,0,0,0
2395.07,0,0,0,0,9999.0,2.06,1,1,0,0,0,0
39.33,0,0,0,0,9999.0,2.07,1,1,0,0,1,0
115.92,0,0,0,0,9999.0,1.69,1,0,0,0,0,0
1525.0,0,0,0,0,9999.0,2.37,1,0,0,1,0,0
125.67,0,0,0,0,9999.0,1.63,1,0,0,0,0,0
47.99,1,0,0,0,9999.0,2.82,1,0,0,0,0,0
109.05,0,0,0,0,9999.0,1.26,1,1,0,2,0,0
57.08,0,0,0,0,9999.0,1.65,1,0,0,1,0,0
2500.0,0,0,0,1,6.6,3.28,0,1,1,2,0,1
87.72,0,0,0,0,9999.0,2.59,1,0,0,1,0,0
84.27,0,0,0,0,9999.0,1.99,1,1,0,0,0,0
137.88,0,0,0,0,9999.0,1.98,1,1,0,1,0,0
25000.0,0,0,0,1,23.3,4.34,1,1,0,1,1,1
49.26,0,0,0,0,9999.0,2.59,1,0,0,0,0,0
10.03,0,0,0,0,9999.0,1.44,1,1,0,0,1,0
377.9,0,0,0,0,9999.0,1.95,1,1,0,0,0,0
10777.1,0,0,0,0,9999.0,1.78,1,1,0,1,0,0
25000.0,0,0,0,1,39.4,4.16,0,1,0,1,0,1
682.5,0,0,0,0,9999.0,1.24,1,1,0,0,0,0
2747.24,0,0,0,0,9999.0,3.07,1,0,0,0,0,0
148.74,0,0,0,0,9999.0,2.19,1,0,0,0,0,0
59.1,0,0,0,0,9999.0,2.64,1,0,0,0,1,0
117.95,0,0,0,0,9999.0,2.03,1,1,0,2,1,0
1227.59,1,0,0,1,1164.0696452672787,1.4,1,0,0,0,0,0
91.43,0,0,0,0,9999.0,3.05,1,1,0,0,0,0
45.46,0,0,0,0,9999.0,2.93,1,0,0,0,0,0
1207.76,0,0,0,0,9999.0,2.47,1,0,0,0,0,0
13618.23,0,0,0,0,9999.0,1.54,1,0,0,0,1,0
93.53,0,0,0,0,9999.0,2.35,1,0,0,0,0,0
657.93,0,0,0,0,9999.0,1.26,1,0,0,0,0,0
557.19,0,0,0,0,9999.0,2.92,1,0,0,1,0,0
2160.39,0,0,0,0,9999.0,3.02,1,0,0,0,0,0
2339.92,0,0,0,1,932.3385030115444,3.09,1,1,0,1,1,0
20782.28,0,0,0,1,5.4,3.89,0,1,0,0,1,1
2730.13,0,0,0,0,9999.0,1.41,1,0,0,0,0,0
95.11,0,0,0,0,9999.0,2.29,1,0,0,1,0,0
696.12,0,0,0,0,9999.0,2.03,1,1,0,1,0,0
1677.86,0,0,0,0,9999.0,3.1,1,1,0,0,0,0
41970.73,1,0,0,1,15.6,3.74,1,1,0,0,0,1
55.36,0,0,0,0,9999.0,2.32,1,0,0,0,0,0
36834.68,0,0,0,0,9999.0,3.04,1,1,0,0,0,0
54.38,0,0,0,0,9999.0,2.81,1,1,0,0,0,0
1163.41,0,0,0,0,9999.0,3.09,1,1,0,0,0,0
76.24,0,0,0,0,9999.0,2.4,1,1,0,0,0,0
109.79,0,0,0,0,9999.0,1.29,1,0,0,0,0,0
114.62,0,0,0,0,9999.0,1.3,1,0,0,2,0,0
135.51,0,0,0,0,9999.0,2.41,1,1,0,0,1,0
2119.69,0,0,0,0,9999.0,2.64,1,0,0,0,0,0
8205.28,0,0,0,1,18.3,3.85,1,1,0,0,0,1
68.73,0,0,0,0,9999.0,1.8,1,0,0,1,0,0
2382.27,0,0,0,0,9999.0,2.85,1,0,0,0,1,0
2795.57,0,0,0,0,9999.0,2.46,1,0,0,2,1,0
2600.14,0,0,0,0,9999.0,1.29,1,0,0,0,0,0
2051.81,0,0,0,0,9999.0,1.4,1,0,0,0,1,0
66.92,0,0,0,1,1065.0930995355727,2.3,1,0,0,0,0,0
1689.67,0,0,0,0,9999.0,1.84,1,1,0,2,1,0
33.39,0,0,0,0,9999.0,3.09,1,0,0,0,0,0
4713.71,1,0,0,1,1.6,3.43,1,1,0,2,0,1
49.3,0,0,0,0,9999.0,3.1,1,0,0,0,0,0
12.61,0,0,0,0,9999.0,2.73,1,0,0,0,0,0
2035.27,0,0,0,0,9999.0,1.22,1,1,0,0,0,0
2258.79,0,0,0,0,9999.0,2.13,1,0,0,0,0,0
2728.05,0,0,0,0,9999.0,1.95,1,1,0,0,1,0
32275.01,0,0,0,0,9999.0,2.78,1,1,0,0,0,0
2939.64,1,0,0,0,9999.0,2.74,1,0,0,0,0,0
1749.77,0,0,0,0,9999.0,2.14,1,0,0,0,0,0
15000.0,1,0,0,1,3.7,3.21,1,1,1,2,0,1
79.72,0,0,0,0,9999.0,2.25,1,0,0,1,1,0
799.69,0,0,0,0,9999.0,1.31,1,0,0,0,0,0
94.87,0,0,0,0,9999.0,1.84,1,0,0,0,0,0
11.69,1,0,0,0,9999.0,2.19,1,0,0,0,1,0
43.22,0,0,0,0,9999.0,1.7,1,0,0,0,0,0
1394.46,0,0,0,0,9999.0,2.89,1,1,0,0,0,0
64.39,0,0,0,0,9999.0,2.84,1,1,0,0,0,0
73.58,0,0,0,0,9999.0,1.93,1,1,0,0,0,0
17.55,0,0,0,0,9999.0,2.18,1,0,0,0,0,0
34.3,0,0,0,0,9999.0,3.02,1,1,0,0,0,0
2716.19,0,0,0,0,9999.0,1.51,1,1,0,0,0,0
1351.95,1,0,0,0,9999.0,3.0,1,0,0,0,0,0
102.24,0,0,0,0,9999.0,2.28,1,0,0,0,1,0
110.33,0,0,0,0,9999.0,2.03,1,0,0,0,0,0
2977.64,0,0,0,0,9999.0,2.5,1,1,0,0,0,0
1192.53,0,0,0,0,9999.0,2.44,1,1,0,0,0,0
25000.0,1,0,0,1,7.9,3.57,1,1,0,2,1,1
223.14,0,0,0,0,9999.0,2.68,1,0,0,1,0,0
223.42,0,0,0,1,950.1848964637684,1.36,1,0,0,0,0,0
138.84,0,0,0,0,9999.0,2.04,1,1,0,0,0,0
2507.7,0,0,0,0,9999.0,2.57,1,1,0,0,0,0
138.35,0,0,0,0,9999.0,2.26,1,0,0,1,1,0
2500.0,0,0,0,1,5.6,4.2,1,1,1,0,0,1
27284.65,0,0,0,0,9999.0,1.22,1,0,0,1,0,0
9999.0,0,0,0,1,4.3,4.17,1,1,1,0,0,1
122.7,0,0,0,0,9999.0,1.24,1,1,0,0,0,0
1805.99,0,0,0,0,9999.0,2.15,1,1,0,0,0,0
500.44,0,0,0,0,9999.0,1.59,1,0,0,0,0,0
1500.0,1,0,0,1,15.0,4.36,1,1,0,0,1,1
510.65,0,0,0,0,9999.0,2.27,1,0,0,0,1,0
1461.5,0,0,0,0,9999.0,1.22,1,0,0,0,0,0
969.94,0,0,0,0,9999.0,1.35,1,0,0,0,0,0
1984.85,0,0,0,1,1183.3585272188595,2.25,1,0,0,0,0,0
76.72,0,0,0,0,9999.0,1.76,1,0,0,1,1,0
1420.94,0,0,0,0,9999.0,2.4,1,0,0,0,0,0
17.32,0,0,0,0,9999.0,1.68,1,0,0,0,0,0
1055.61,0,0,0,1,630.0337875523718,2.18,1,0,0,0,0,0
1408.54,0,0,0,0,9999.0,2.57,1,0,0,0,0,0
36905.89,1,1,0,1,34.7,3.42,1,1,0,2,1,1
141.83,0,0,0,0,9999.0,2.55,1,0,0,0,0,0
1052.24,0,0,0,0,9999.0,2.97,1,0,0,0,0,0
1665.12,0,0,0,0,9999.0,1.29,1,1,0,0,0,0
2591.25,0,0,0,0,9999.0,2.72,1,0,0,0,1,0
2750.46,0,0,0,0,9999.0,2.75,1,0,0,0,0,0
2099.36,0,0,0,0,9999.0,2.02,1,0,0,0,0,0
1325.97,0,0,0,0,9999.0,2.42,1,0,0,1,1,0
1837.98,0,0,0,0,9999.0,2.51,1,1,0,0,0,0
1530.22,0,0,0,0,9999.0,2.71,1,0,0,0,0,0
81.14,0,0,0,0,9999.0,1.32,1,1,0,1,0,0
789.29,0,0,0,1,500.25241866464216,1.8,1,0,0,0,0,0
1175.83,0,0,0,0,9999.0,1.45,1,0,0,0,0,0
2817.03,0,0,0,0,9999.0,1.22,1,0,0,0,0,0
1500.0,0,0,0,1,37.0,2.83,1,1,0,2,1,1
2887.77,1,0,0,0,9999.0,2.49,1,0,0,0,1,0
2123.47,0,0,0,0,9999.0,2.7,1,0,0,0,0,0
2750.23,0,0,0,0,9999.0,2.81,1,0,0,0,1,0
25000.0,0,0,0,1,13.0,3.0,0,1,0,0,0,1
97.52,0,0,0,0,9999.0,1.84,1,0,0,0,0,0
36.44,0,0,0,0,9999.0,1.71,1,0,0,1,0,0
1199.42,0,0,0,0,9999.0,3.08,1,0,0,0,0,0
1786.38,0,0,0,0,9999.0,3.02,1,0,0,0,0,0
32563.53,0,0,0,0,9999.0,1.73,1,1,0,1,1,0
1906.05,0,0,0,0,9999.0,2.09,1,0,0,0,0,0
249.93,0,0,0,0,9999.0,2.23,1,0,0,0,0,0
1581.89,0,0,0,0,9999.0,2.87,1,0,0,0,1,0
2400.11,0,0,0,0,9999.0,3.0,1,0,0,2,0,0
39525.54,0,0,0,0,9999.0,1.54,1,1,0,0,0,0
687.72,0,0,0,0,9999.0,2.32,1,0,0,0,0,0
2663.59,0,0,0,0,9999.0,1.82,1,0,0,1,0,0
1840.51,0,0,0,0,9999.0,1.54,1,1,0,0,0,0
2118.07,0,0,0,0,9999.0,1.67,1,0,0,0,0,0
2031.01,0,0,0,1,1038.257678002664,2.95,1,0,0,0,0,0
1829.6,0,0,0,0,9999.0,1.84,1,0,0,0,0,0
561.3,0,0,0,0,9999.0,2.2,1,0,0,0,0,0
17.6,0,0,0,0,9999.0,2.33,1,0,0,0,1,0
596.35,0,0,0,0,9999.0,2.78,1,0,0,2,0,0
25000.0,1,0,0,1,6.7,3.18,1,1,1,0,0,1
843.51,0,0,0,0,9999.0,1.2,1,1,0,0,0,0
35062.21,0,0,0,0,9999.0,1.81,1,0,0,0,1,0
131.98,0,0,0,0,9999.0,2.46,1,0,0,0,0,0
9999.0,1,0,0,1,6.7,4.25,0,1,1,0,0,1
1309.8,0,0,0,0,9999.0,1.35,1,0,0,0,0,0
10.38,0,0,0,0,9999.0,2.02,1,0,0,0,1,0
787.37,0,0,0,1,1412.3842479282575,1.34,1,0,0,0,1,0
15.52,1,0,0,0,9999.0,2.32,1,0,0,1,0,0
973.04,0,0,0,0,9999.0,1.61,1,0,0,0,0,0
16033.67,1,0,0,0,9999.0,1.88,1,1,0,0,0,0
1887.07,0,0,0,0,9999.0,1.34,1,0,0,0,0,0
73.13,0,0,0,0,9999.0,2.77,1,0,0,1,0,0
81.0,0,0,0,0,9999.0,2.69,1,1,0,0,0,0
128.06,0,0,0,0,9999.0,2.13,1,0,0,0,0,0
45.32,0,0,0,0,9999.0,1.5,1,1,0,0,0,0
1474.04,0,0,0,0,9999.0,2.66,1,0,0,0,0,0
19576.86,1,0,0,1,6.8,4.11,0,1,0,2,0,1
2159.2,0,0,0,0,9999.0,1.67,1,1,0,0,1,0
71.9,0,0,0,0,9999.0,1.34,1,0,0,0,1,0
32.15,0,0,0,0,9999.0,2.52,1,0,0,1,0,0
77.7,0,0,0,0,9999.0,2.15,1,0,0,1,0,0
50.23,0,0,0,0,9999.0,1.51,1,0,0,1,0,0
1620.48,0,0,0,0,9999.0,1.68,1,0,0,0,0,0
1474.89,0,0,0,0,9999.0,2.53,1,0,0,1,0,0
81.16,0,0,0,0,9999.0,1.25,1,0,0,0,0,0
2434.43,0,0,0,0,9999.0,2.03,1,0,0,0,0,0
2061.47,0,0,0,0,9999.0,1.61,1,1,0,0,0,0
726.52,0,0,0,0,9999.0,2.83,1,0,0,0,0,0
2356.25,0,0,0,1,1187.6550454059677,2.08,1,1,0,0,0,0
114.74,0,0,0,0,9999.0,2.09,1,1,0,0,0,0
14.62,0,0,0,0,9999.0,2.82,1,0,0,0,0,0
2800.27,0,0,0,1,11.6,3.34,0,1,0,2,0,1
793.79,0,0,0,0,9999.0,3.04,1,1,0,1,1,0
1148.64,0,0,0,0,9999.0,1.53,1,0,0,2,0,0
64.99,0,0,0,0,9999.0,2.52,1,1,0,0,0,0
82.44,0,0,0,1,939.9373287833572,1.23,1,0,0,0,1,0
28.32,0,0,0,0,9999.0,2.48,1,0,0,2,0,0
1003.71,0,0,0,0,9999.0,2.68,1,1,0,0,0,0
2099.85,0,0,0,0,9999.0,1.58,1,0,0,1,0,0
825.13,0,0,0,0,9999.0,3.09,1,0,0,0,0,0
20291.39,0,0,0,0,9999.0,2.55,1,0,0,0,0,0
11950.74,0,0,0,0,9999.0,2.29,1,1,0,0,0,0
2813.17,0,0,0,0,9999.0,2.73,1,0,0,1,0,0
937.42,0,0,0,0,9999.0,1.6,1,0,0,0,0,0
1223.26,0,0,0,0,9999.0,2.98,1,0,0,0,0,0
123.66,0,0,0,0,9999.0,2.57,1,1,0,1,0,0
30.83,0,0,0,0,9999.0,2.26,1,1,0,0,0,0
693.9,0,0,0,0,9999.0,2.35,1,0,0,0,0,0
1709.88,0,0,0,1,1207.673300092881,2.37,1,0,0,1,1,0
10.44,0,0,0,0,9999.0,1.78,1,0,0,0,1,0
102.59,0,0,0,0,9999.0,1.75,1,0,0,0,0,0
45.18,0,0,0,0,9999.0,1.52,1,0,0,0,0,0
1739.94,0,0,0,0,9999.0,2.13,1,0,0,0,0,0
5000.0,1,0,0,1,6.8,3.58,1,1,1,1,0,1
1428.94,0,0,0,0,9999.0,3.01,1,0,0,0,0,0
1470.14,0,0,0,0,9999.0,2.92,1,1,0,0,0,0
138.02,0,0,0,0,9999.0,2.63,1,1,0,0,0,0
1571.7,0,0,0,0,9999.0,1.26,1,0,0,2,0,0
1683.2,0,0,0,0,9999.0,1.22,1,0,0,0,0,0
31569.47,0,0,0,0,9999.0,2.98,1,1,0,1,0,0
915.38,0,0,0,1,7.3,3.54,0,0,0,1,1,1
1504.16,0,0,0,0,9999.0,2.17,1,0,0,1,0,0
95.19,0,0,0,0,9999.0,2.54,1,0,0,1,0,0
12455.6,0,0,0,1,16.2,3.32,1,1,0,0,0,1
1365.13,0,0,0,0,9999.0,1.23,1,0,0,0,0,0
43790.48,0,0,0,0,9999.0,1.99,1,0,0,0,0,0
77.55,0,0,0,0,9999.0,1.85,1,0,0,0,0,0
907.19,0,0,0,0,9999.0,2.47,1,1,0,2,0,0
130.57,0,0,0,0,9999.0,1.48,1,1,0,0,0,0
78.1,0,0,0,0,9999.0,2.39,1,1,0,0,1,0
19.96,0,0,0,0,9999.0,2.9,1,1,0,0,0,0
1708.56,0,0,0,0,9999.0,1.69,1,0,0,1,1,0
294.22,0,0,0,0,9999.0,2.48,1,0,0,0,0,0
130.45,0,0,0,0,9999.0,2.23,1,0,0,0,0,0
1166.17,0,0,0,0,9999.0,1.48,1,0,0,0,0,0
74.53,0,0,0,0,9999.0,2.61,1,1,0,0,0,0
144.68,0,0,0,0,9999.0,2.57,1,0,0,1,0,0
2452.98,0,0,0,0,9999.0,2.53,1,0,0,0,0,0
1761.94,0,0,0,0,9999.0,2.1,1,0,0,0,0,0
2912.34,0,0,0,0,9999.0,1.36,1,0,0,0,0,0
1627.81,0,0,0,1,484.647859160644,1.45,1,1,0,1,0,0
33315.89,0,1,0,1,7.5,3.83,0,1,0,2,0,1
19820.89,1,1,0,1,34.3,4.64,0,1,0,1,1,1
67.33,0,0,0,0,9999.0,1.91,1,1,0,0,0,0
83.13,0,0,0,1,1262.4863524533573,1.21,1,0,0,0,0,0
2141.25,0,0,0,0,9999.0,1.44,1,1,0,0,1,0
19844.1,0,0,0,0,9999.0,3.01,1,0,0,0,0,0
909.09,0,0,0,0,9999.0,3.02,1,0,0,0,0,0
1823.89,0,0,0,0,9999.0,1.37,1,0,0,0,0,0
89.19,0,0,0,0,9999.0,1.47,1,1,0,1,0,0
2129.84,0,0,0,0,9999.0,1.4,1,1,0,0,0,0
2275.51,0,0,0,0,9999.0,3.02,1,1,0,0,0,0
136.63,1,0,0,0,9999.0,2.16,1,0,0,0,0,0
2182.47,0,0,0,0,9999.0,1.68,1,1,0,2,1,0
1583.37,0,0,0,0,9999.0,2.43,1,0,0,0,0,0
49.02,1,0,0,0,9999.0,1.5,1,0,0,0,0,0
2398.57,0,0,0,0,9999.0,1.65,1,0,0,0,0,0
72.75,0,0,0,0,9999.0,2.34,1,0,0,1,0,0
21.61,0,0,0,0,9999.0,2.42,1,0,0,0,0,0
2326.77,0,0,0,0,9999.0,2.82,1,1,0,0,0,0
36071.69,1,1,1,1,12.0,3.54,0,0,0,1,0,1
41900.89,0,0,0,0,9999.0,1.51,1,0,0,0,0,0
764.42,0,0,0,0,9999.0,2.56,1,0,0,0,0,0
885.41,0,0,0,0,9999.0,1.29,1,1,0,0,0,0
29.28,0,0,0,0,9999.0,2.36,1,0,0,0,0,0
1090.43,0,0,0,0,9999.0,2.71,1,0,0,0,0,0
71.95,0,0,0,0,9999.0,2.43,1,0,0,0,0,0
1364.54,0,0,0,0,9999.0,1.98,1,1,0,0,0,0
11894.7,0,0,0,0,9999.0,2.33,1,0,0,0,0,0
2348.38,1,0,0,0,9999.0,2.92,1,0,0,0,0,0
1833.48,0,0,0,0,9999.0,2.62,1,0,0,2,0,0
3000.0,1,0,0,1,44.9,3.89,1,1,0,1,0,1
737.58,0,0,0,0,9999.0,1.63,1,0,0,0,0,0
519.72,0,0,0,0,9999.0,2.49,1,0,0,1,0,0
1990.93,0,0,0,0,9999.0,2.14,1,0,0,0,0,0
1171.08,0,0,0,0,9999.0,1.82,1,1,0,0,0,0
140.27,0,0,0,0,9999.0,2.33,1,1,0,1,0,0
90.22,0,0,0,0,9999.0,1.25,1,0,0,0,0,0
52.61,0,0,0,0,9999.0,2.5,1,1,0,1,0,0
917.62,0,0,0,0,9999.0,2.2,1,0,0,2,0,0
135.26,0,0,0,0,9999.0,2.14,1,0,0,0,1,0
1634.93,0,0,0,0,9999.0,2.55,1,0,0,0,0,0
405.94,0,0,0,0,9999.0,1.62,1,1,0,2,0,0
30.03,0,0,0,0,9999.0,2.96,1,0,0,0,1,0
41.45,0,0,0,0,9999.0,2.74,1,1,0,0,0,0
46.91,0,0,0,0,9999.0,1.32,1,0,0,0,0,0
581.51,0,0,0,0,9999.0,2.91,1,0,0,0,1,0
149.56,0,0,0,0,9999.0,1.71,1,1,0,2,0,0
606.89,0,0,0,0,9999.0,2.72,1,1,0,0,0,0
115.3,0,0,0,0,9999.0,1.35,1,0,0,0,0,0
111.45,0,0,0,0,9999.0,1.74,1,1,0,0,0,0
2500.0,1,0,0,1,6.4,3.98,1,1,1,1,1,1
1414.35,0,0,0,0,9999.0,1.58,1,0,0,1,0,0
26105.72,1,1,1,0,6.3,4.23,0,1,0,2,0,1
34.27,0,0,0,0,9999.0,1.85,1,0,0,0,1,0
2472.63,0,0,0,0,9999.0,1.37,1,0,0,0,0,0
1911.24,0,0,0,0,9999.0,2.3,1,1,0,0,0,0
9657.4,1,1,0,1,21.4,3.26,1,1,0,1,0,1
30123.37,0,0,0,0,9999.0,2.89,1,0,0,1,0,0
1674.83,0,0,0,0,9999.0,2.89,1,1,0,0,0,0
2184.44,0,0,0,0,9999.0,1.46,1,1,0,0,0,0
11353.97,0,0,0,0,9999.0,2.63,1,0,0,0,0,0
1500.0,0,0,0,1,19.4,2.96,1,1,0,1,0,1
2316.57,0,0,0,0,9999.0,2.43,1,0,0,0,1,0
1047.69,1,0,0,0,9999.0,2.14,1,0,0,0,0,0
32.45,0,0,0,0,9999.0,2.43,1,1,0,1,0,0
1699.72,0,0,0,1,986.7292891293912,1.31,1,0,0,0,0,0
139.25,0,0,0,0,9999.0,2.73,1,0,0,0,0,0
3000.0,1,0,0,1,3.1,4.04,0,1,0,1,0,1
362.77,1,0,0,0,9999.0,2.97,1,0,0,0,0,0
1307.14,0,0,0,0,9999.0,2.53,1,0,0,0,0,0
30.93,0,0,0,1,377.7305659938504,2.3,1,0,0,0,0,0
1973.31,0,0,0,0,9999.0,2.07,1,0,0,0,0,0
16.02,0,0,0,0,9999.0,2.85,1,0,0,0,1,0
1897.31,0,0,0,0,9999.0,1.69,1,0,0,0,0,0
8000.0,1,0,0,1,44.7,3.28,0,1,0,1,0,1
741.73,0,0,0,0,9999.0,2.89,1,0,0,0,0,0
1431.89,0,0,0,0,9999.0,1.38,1,1,0,0,0,0
98.26,1,0,0,0,9999.0,2.21,1,0,0,0,1,0
78.65,0,0,0,0,9999.0,2.67,1,0,0,1,0,0
69.12,0,0,0,0,9999.0,1.68,1,0,0,0,0,0
21.46,0,0,0,1,1388.6049351410993,1.77,1,0,0,0,0,0
2281.24,0,0,0,0,9999.0,1.61,1,0,0,0,0,0
494.68,0,0,0,0,9999.0,2.66,1,0,0,0,0,0
38726.9,1,1,0,1,27.1,4.27,0,1,0,2,0,1
1996.54,0,0,0,0,9999.0,1.6,1,0,0,1,0,0
114.45,0,0,0,0,9999.0,1.59,1,0,0,1,0,0
2051.31,0,0,0,0,9999.0,1.75,1,0,0,0,1,0
36845.44,0,0,0,0,9999.0,2.99,1,0,0,0,0,0
544.6,0,0,0,0,9999.0,2.36,1,0,0,1,0,0
906.15,0,0,0,0,9999.0,1.82,1,1,0,0,0,0
128.07,0,0,0,0,9999.0,2.56,1,1,0,0,1,0
111.33,0,0,0,1,157.83354479816705,2.92,1,1,0,0,0,0
629.68,0,0,0,0,9999.0,1.59,1,0,0,0,0,0
13994.56,1,1,1,1,23.0,3.26,1,0,0,1,0,1
323.12,0,0,0,0,9999.0,2.79,1,0,0,0,0,0
2762.49,0,0,0,0,9999.0,1.99,1,0,0,0,0,0
97.88,0,0,0,0,9999.0,1.55,1,0,0,0,0,0
69.62,0,0,0,0,9999.0,1.56,1,1,0,1,0,0
2303.48,0,0,0,0,9999.0,1.82,1,1,0,0,0,0
1427.33,0,0,0,1,402.9349514199447,2.58,1,1,0,0,0,0
29.43,0,0,0,0,9999.0,1.77,1,0,0,0,0,0
4362.39,1,0,1,1,11.6,3.98,1,1,0,1,1,1
74.13,0,0,0,0,9999.0,1.45,1,0,0,0,0,0
143.6,0,0,0,0,9999.0,1.47,1,1,0,0,1,0
5000.0,1,0,0,1,1.2,4.34,1,1,1,0,1,1
1979.74,0,0,0,0,9999.0,1.48,1,1,0,0,1,0
1496.73,0,0,0,0,9999.0,1.5,1,0,0,0,0,0
523.2,0,0,0,0,9999.0,2.03,1,1,0,2,0,0
27.82,0,0,0,0,9999.0,2.69,1,1,0,0,0,0
674.9,0,0,0,0,9999.0,2.26,1,0,0,0,0,0
36.71,0,0,0,0,9999.0,2.88,1,1,0,0,0,0
53.87,1,0,0,0,9999.0,2.34,1,0,0,0,1,0
554.82,0,0,0,1,628.6466635949033,2.59,1,0,0,1,0,0
1568.38,0,0,0,0,9999.0,2.89,1,1,0,1,0,0
1825.45,0,0,0,0,9999.0,2.33,1,0,0,0,0,0
1850.25,0,0,0,0,9999.0,2.5,1,0,0,0,1,0
1352.46,0,0,0,0,9999.0,1.83,1,1,0,2,0,0
1368.93,0,0,0,0,9999.0,2.64,1,0,0,0,0,0
42.28,0,0,0,0,9999.0,2.09,1,0,0,0,0,0
4710.85,0,0,0,1,12.8,4.46,1,1,0,2,0,1
148.32,0,0,0,0,9999.0,2.69,1,0,0,0,0,0
899.11,0,0,0,1,1156.411368769475,2.29,1,1,0,0,0,0
9999.0,0,0,0,1,8.0,4.57,0,1,1,1,0,1
820.79,0,0,0,0,9999.0,1.85,1,0,0,0,0,0
29.75,0,0,0,0,9999.0,2.55,1,1,0,0,0,0
127.37,1,0,0,0,9999.0,2.26,1,0,0,0,0,0
1512.74,0,0,0,0,9999.0,2.33,1,1,0,0,0,0
2846.14,0,0,0,0,9999.0,2.24,1,1,0,0,0,0
2143.29,0,0,0,0,9999.0,1.43,1,1,0,0,0,0
79.36,0,0,0,0,9999.0,1.39,1,1,0,0,0,0
2768.79,0,0,0,0,9999.0,2.49,1,1,0,0,0,0
16.24,0,0,0,0,9999.0,2.69,1,0,0,0,1,0
566.06,0,0,0,1,1165.9480646376348,1.61,1,0,0,0,0,0
14.68,0,0,0,1,65.25579911933488,1.93,1,1,0,1,0,0
779.28,0,0,0,0,9999.0,2.25,1,0,0,0,0,0
68.57,0,0,0,0,9999.0,2.96,1,1,0,0,0,0
1321.84,0,0,0,0,9999.0,3.07,1,1,0,0,0,0
124.07,0,0,0,0,9999.0,1.88,1,0,0,0,1,0
21671.53,1,1,1,1,8.3,3.41,0,1,0,2,0,1
1996.29,0,0,0,0,9999.0,3.09,1,0,0,0,0,0
896.71,0,0,0,0,9999.0,2.62,1,0,0,0,0,0
49.99,0,0,0,0,9999.0,2.84,1,1,0,0,1,0
2956.51,0,0,0,0,9999.0,2.26,1,0,0,0,0,0
85.17,0,0,0,0,9999.0,2.27,1,0,0,0,0,0
2330.22,1,0,0,0,9999.0,1.31,1,0,0,0,0,0
1340.59,0,0,0,0,9999.0,2.53,1,1,0,1,1,0
1856.64,0,0,0,0,9999.0,1.79,1,1,0,0,1,0
70.1,0,0,0,0,9999.0,2.63,1,0,0,0,1,0
124.32,0,0,0,0,9999.0,2.85,1,0,0,1,1,0
2900.63,0,0,0,0,9999.0,1.49,1,0,0,0,0,0
146.54,0,0,0,0,9999.0,2.54,1,1,0,0,0,0
1840.4,0,0,0,0,9999.0,2.59,1,0,0,0,1,0
48.89,0,0,0,0,9999.0,2.47,1,1,0,0,0,0
79236.84,1,0,0,1,20.4,4.31,0,1,0,2,1,1
2490.16,0,0,0,0,9999.0,1.75,1,0,0,0,0,0
1566.4,0,0,0,0,9999.0,1.39,1,0,0,0,0,0
2949.71,0,0,0,1,435.9922249216952,1.32,1,1,0,1,1,0
536.01,0,0,0,0,9999.0,2.21,1,0,0,0,0,0
9999.0,0,0,0,0,5.1,4.77,1,1,1,1,1,1
2106.25,0,0,0,0,9999.0,2.01,1,0,0,0,0,0
44.14,0,0,0,0,9999.0,1.77,1,0,0,0,0,0
19.38,0,0,0,1,990.4532961197018,2.9,1,0,0,0,0,0
1538.06,0,0,0,0,9999.0,2.02,1,0,0,1,1,0
75263.61,1,0,0,1,11.8,3.0,0,1,0,1,0,1
1650.41,0,0,0,0,9999.0,2.61,1,1,0,1,0,0
2331.78,0,0,0,0,9999.0,1.73,1,0,0,0,0,0
31.89,0,0,0,0,9999.0,2.5,1,0,0,0,0,0
16.37,0,0,0,0,9999.0,1.5,1,0,0,0,0,0
44.45,0,0,0,0,9999.0,2.49,1,1,0,0,0,0
1827.11,0,0,0,0,9999.0,1.49,1,0,0,2,0,0
14.77,0,0,0,0,9999.0,2.5,1,1,0,2,1,0
85.74,0,0,0,0,9999.0,2.9,1,0,0,0,1,0
522.82,0,0,0,0,9999.0,2.96,1,1,0,0,0,0
3000.0,0,0,0,1,26.8,4.75,1,1,0,0,1,1
53.3,0,0,0,0,9999.0,2.15,1,0,0,0,0,0
779.15,0,0,0,0,9999.0,2.38,1,0,0,0,0,0
19081.71,1,1,0,1,25.7,3.61,1,1,0,0,0,1
39.17,0,0,0,0,9999.0,1.44,1,0,0,0,0,0
1235.7,1,0,0,1,7.4,4.25,1,1,0,1,1,1
1750.57,0,0,0,0,9999.0,1.86,1,0,0,0,0,0
2363.1,0,0,0,0,9999.0,1.82,1,1,0,1,0,0
14.06,0,0,0,0,9999.0,1.41,1,0,0,0,1,0
38266.29,1,1,1,0,17.1,4.38,1,1,0,1,0,1
21464.15,1,0,0,0,9999.0,2.95,1,0,0,0,0,0
25.97,0,0,0,0,9999.0,1.86,1,1,0,0,1,0
76.33,0,0,0,0,9999.0,2.43,1,0,0,0,0,0
1869.19,0,0,0,0,9999.0,1.76,1,0,0,0,0,0
58.14,0,0,0,0,9999.0,2.37,1,1,0,0,1,0
33253.14,0,0,0,0,9999.0,2.49,1,0,0,0,1,0
20.18,0,0,0,0,9999.0,2.56,1,1,0,0,0,0
1500.0,1,0,0,1,41.3,3.76,1,1,0,2,0,1
2931.23,0,0,0,0,9999.0,2.86,1,1,0,0,0,0
2613.44,0,0,0,0,9999.0,2.13,1,0,0,0,0,0
57.06,0,0,0,0,9999.0,1.92,1,0,0,0,0,0
19.46,0,0,0,0,9999.0,1.26,1,0,0,0,1,0
573.51,0,0,0,0,9999.0,2.87,1,0,0,1,0,0
11.09,0,0,0,0,9999.0,2.52,1,0,0,2,0,0
113.66,0,0,0,0,9999.0,2.05,1,0,0,0,0,0
11431.05,0,0,0,1,941.4671149687246,1.35,1,1,0,0,0,0
17486.35,0,0,0,0,9999.0,2.34,1,1,0,0,0,0
147.46,0,0,0,0,9999.0,2.53,1,0,0,0,0,0
2969.7,0,0,0,0,9999.0,2.89,1,0,0,1,1,0
74.68,0,0,0,0,9999.0,1.22,1,0,0,2,1,0
391.07,0,0,0,0,9999.0,1.72,1,0,0,0,0,0
106.39,0,0,0,1,523.4965072292418,2.78,1,0,0,1,1,0
101.04,0,0,0,0,9999.0,1.43,1,0,0,0,0,0
8000.0,0,0,0,1,35.3,3.73,0,1,0,1,1,1
627.43,0,0,0,0,9999.0,2.78,1,0,0,0,0,0
2001.86,0,0,0,0,9999.0,1.32,1,1,0,0,0,0
775.76,1,0,0,0,9999.0,2.64,1,0,0,1,0,0
1220.24,0,0,0,0,9999.0,2.34,1,0,0,0,0,0
12509.87,1,0,0,0,9999.0,1.28,1,0,0,1,0,0
1656.73,0,0,0,1,8.8,3.53,1,1,0,1,0,1
2530.23,0,0,0,1,99.16553734878934,2.07,1,0,0,1,0,0
26917.4,0,0,0,0,9999.0,1.83,1,0,0,1,0,0
81.1,0,0,0,0,9999.0,3.1,1,0,0,0,0,0
41.69,0,0,0,0,9999.0,2.09,1,0,0,2,0,0
40.47,0,0,0,0,9999.0,1.46,1,0,0,0,0,0
39.77,0,0,0,0,9999.0,1.91,1,0,0,0,0,0
65.08,0,0,0,0,9999.0,1.32,1,0,0,0,0,0
32945.79,0,0,0,0,9999.0,2.23,1,1,0,0,0,0
33289.17,0,0,0,1,252.34102762313768,3.02,1,0,0,0,0,0
2961.8,0,0,0,0,9999.0,2.01,1,0,0,0,0,0
10.17,0,0,0,0,9999.0,2.37,1,0,0,0,0,0
2219.18,0,0,0,1,336.9979382883047,1.68,1,0,0,0,0,0
2000.21,0,0,0,0,9999.0,2.84,1,0,0,0,0,0
2667.71,0,0,0,0,9999.0,2.31,1,1,0,0,0,0
91.41,0,0,0,0,9999.0,1.45,1,1,0,0,0,0
1285.97,0,0,0,0,9999.0,1.39,1,1,0,0,0,0
2854.17,0,0,0,0,9999.0,2.56,1,1,0,0,0,0
87.31,0,0,0,0,9999.0,2.26,1,0,0,1,0,0
2232.47,0,0,0,0,9999.0,2.89,1,0,0,1,0,0
31.79,0,0,0,0,9999.0,2.4,1,1,0,0,0,0
1650.23,0,0,0,0,9999.0,2.6,1,0,0,0,0,0
1323.79,0,0,0,1,517.0092935096704,2.62,1,0,0,0,0,0
2767.73,0,0,0,0,9999.0,1.95,1,0,0,0,0,0
2422.55,0,0,0,0,9999.0,1.71,1,0,0,0,1,0
24.42,0,0,0,0,9999.0,1.34,1,0,0,1,0,0
888.32,0,0,0,0,9999.0,2.58,1,1,0,1,0,0
1396.17,0,0,0,0,9999.0,2.32,1,1,0,0,0,0
773.93,0,0,0,0,9999.0,2.13,1,0,0,1,0,0
1119.16,0,0,0,0,9999.0,1.5,1,0,0,0,0,0
363.61,0,0,0,0,9999.0,2.26,1,0,0,1,0,0
1056.97,0,0,0,0,9999.0,1.61,1,0,0,0,0,0
1996.18,0,0,0,0,9999.0,2.47,1,0,0,0,0,0
62.07,0,0,0,0,9999.0,1.25,1,0,0,1,0,0
55.55,0,0,0,0,9999.0,1.49,1,0,0,0,0,0
2539.71,1,0,0,1,9.4,3.55,0,1,0,1,0,1
25000.0,0,0,0,0,5.1,2.84,0,1,1,2,1,1
1659.07,0,0,0,0,9999.0,3.06,1,0,0,0,0,0
44.19,0,0,0,0,9999.0,2.02,1,0,0,0,1,0
2300.99,0,0,0,1,281.83715214635043,2.36,1,0,0,2,0,0
95.96,0,1,0,0,9999.0,1.61,1,0,0,0,0,0
142.55,0,0,0,0,9999.0,1.35,1,0,0,0,1,0
871.47,0,0,0,1,246.9285780678603,2.89,1,1,0,0,0,0
1840.81,0,0,0,0,9999.0,1.44,1,0,0,0,0,0
2445.16,0,0,0,0,9999.0,2.68,1,0,0,0,1,0
87.96,0,0,0,0,9999.0,1.53,1,1,0,0,0,0
2626.5,0,0,0,0,9999.0,2.71,1,1,0,1,0,0
1352.16,0,0,0,0,9999.0,2.56,1,0,0,0,0,0
130.5,0,0,0,0,9999.0,1.48,1,1,0,0,0,0
1018.73,0,0,0,0,9999.0,1.96,1,1,0,0,1,0
2192.5,0,0,0,0,9999.0,2.94,1,0,0,0,0,0
2082.23,0,0,0,0,9999.0,2.25,1,0,0,0,0,0
1500.0,0,0,0,0,34.5,3.42,0,1,0,0,1,1
128.92,0,0,0,1,1289.3255929150012,2.37,1,0,0,0,1,0
125.34,0,0,0,0,9999.0,1.58,1,0,0,0,0,0
2130.02,0,0,0,0,9999.0,1.81,1,1,0,0,0,0
461.13,0,0,0,0,9999.0,2.95,1,0,0,0,0,0
9999.0,1,0,0,0,7.4,3.11,1,0,1,2,0,1
2411.07,0,0,0,0,9999.0,2.74,1,0,0,0,1,0
128.53,0,0,0,1,419.3523469875033,1.99,1,0,0,0,0,0
1767.88,0,0,0,0,9999.0,2.4,1,0,0,0,0,0
1038.36,0,0,0,0,9999.0,1.81,1,0,0,0,0,0
22847.19,0,0,0,0,9999.0,1.59,1,1,0,0,0,0
25000.0,1,0,0,1,3.8,3.35,1,0,0,2,0,1
37.21,0,0,0,0,9999.0,3.05,1,0,0,1,0,0
862.13,0,0,0,0,9999.0,2.23,1,1,0,1,1,0
77.76,0,0,0,1,1009.904119454244,2.53,1,0,0,0,0,0
24.88,0,0,0,0,9999.0,2.92,1,1,0,0,0,0
118.4,0,0,0,1,274.83143080183095,2.55,1,0,0,0,0,0
91.45,0,0,0,0,9999.0,2.19,1,0,0,0,0,0
493.83,0,0,0,0,9999.0,1.24,1,0,0,0,0,0
101.53,0,0,0,0,9999.0,3.09,1,1,0,2,0,0
25.72,0,0,0,0,9999.0,2.58,1,1,0,0,0,0
43.8,0,0,0,0,9999.0,1.32,1,0,0,0,0,0
54.63,0,0,0,0,9999.0,1.3,1,0,0,0,0,0
938.74,0,0,0,0,9999.0,2.6,1,1,0,0,0,0
80.58,0,0,0,1,1210.9634558936166,2.81,1,0,0,0,0,0
2579.93,0,0,0,0,9999.0,3.09,1,0,0,0,0,0
2766.11,0,0,0,0,9999.0,2.39,1,1,0,0,0,0
3000.0,0,0,0,1,10.6,4.32,1,1,0,0,0,1
64.33,0,0,0,0,9999.0,1.73,1,0,0,0,0,0
70.62,0,0,0,1,776.2355303128569,2.43,1,0,0,0,0,0
71.08,0,0,0,0,9999.0,2.4,1,0,0,2,0,0
2172.01,0,0,0,0,9999.0,1.29,1,1,0,0,0,0
105.87,1,0,0,0,9999.0,1.55,1,0,0,2,0,0
2364.61,0,0,0,0,9999.0,2.34,1,0,0,0,0,0
1939.31,0,0,0,1,1191.572835851295,1.24,1,0,0,0,0,0
1258.89,0,0,0,0,9999.0,2.79,1,0,0,1,0,0
696.14,0,0,0,0,9999.0,2.08,1,0,0,0,0,0
27.66,0,0,0,0,9999.0,2.03,1,1,0,1,0,0
887.41,0,0,0,0,9999.0,2.44,1,1,0,0,0,0
2060.88,0,0,0,0,9999.0,2.95,1,0,0,1,1,0
1026.79,0,0,0,1,1234.4506835816828,1.58,1,0,0,0,0,0
120.74,0,0,0,0,9999.0,2.32,1,0,0,0,1,0
207.3,0,0,0,0,9999.0,2.39,1,0,0,1,0,0
123.84,0,0,0,0,9999.0,2.99,1,0,0,0,0,0
1901.56,0,0,0,0,9999.0,2.45,1,1,0,1,0,0
1238.49,0,0,0,0,9999.0,2.59,1,0,0,0,0,0
2707.6,0,0,0,0,9999.0,1.87,1,1,0,0,0,0
2166.2,0,0,0,0,9999.0,2.11,1,0,0,0,0,0
38.7,0,0,0,0,9999.0,2.5,1,0,0,0,0,0
1026.69,0,0,0,0,9999.0,2.66,1,0,0,0,0,0
1411.22,0,0,0,0,9999.0,2.72,1,0,0,0,0,0
1672.18,0,0,0,0,9999.0,1.75,1,0,0,0,0,0
17.28,0,1,0,0,9999.0,1.77,1,0,0,0,0,0
1644.54,0,0,0,0,9999.0,1.57,1,1,0,0,0,0
43.74,0,0,0,0,9999.0,2.15,1,1,0,1,0,0
2481.63,0,0,0,0,9999.0,2.96,1,1,0,0,0,0
1874.55,0,0,0,0,9999.0,1.81,1,0,0,0,0,0
2432.51,1,1,0,1,976.0238571254156,3.05,1,0,0,0,0,0
54.48,0,0,0,1,293.7301861865873,3.08,1,0,0,1,0,0
16.26,0,0,0,0,9999.0,1.71,1,0,0,0,0,0
5934.4,0,0,0,1,10.7,4.59,1,0,0,0,1,1
65.57,0,0,0,0,9999.0,2.31,1,1,0,2,0,0
1291.82,0,0,0,0,9999.0,2.56,1,0,0,0,0,0
15000.0,0,0,0,0,1.8,3.39,1,0,1,2,0,1
42.9,0,0,0,0,9999.0,2.0,1,1,0,0,0,0
873.4,0,0,0,0,9999.0,1.58,1,0,0,0,0,0
88.03,0,0,0,0,9999.0,2.89,1,0,0,0,0,0
77.61,0,0,0,0,9999.0,1.77,1,1,0,0,0,0
16352.05,0,0,0,0,9999.0,1.43,1,0,0,1,0,0
1635.66,0,0,0,0,9999.0,2.1,1,0,0,0,0,0
1458.55,0,0,0,1,539.6844510729286,1.66,1,0,0,0,0,0
899.11,0,0,0,0,9999.0,2.36,1,0,0,0,1,0
13.63,1,0,0,0,9999.0,1.37,1,0,0,1,0,0
2199.04,0,0,0,0,9999.0,2.8,1,0,0,2,0,0
311.46,0,0,0,1,441.33068092430887,2.65,1,0,0,0,0,0
35323.76,1,1,0,1,14.4,4.75,0,1,0,1,0,1
36.51,0,0,0,0,9999.0,1.6,1,0,0,0,0,0
142.61,0,0,0,0,9999.0,3.01,1,1,0,0,0,0
9999.0,0,0,0,0,3.5,3.63,0,1,1,2,1,1
2827.46,0,0,0,0,9999.0,2.41,1,0,0,0,0,0
1090.98,0,0,0,0,9999.0,1.48,1,1,0,1,0,0
39400.87,1,1,0,1,26.8,3.94,0,1,0,2,1,1
1311.04,0,1,0,0,9999.0,2.28,1,1,0,0,0,0
109.28,0,0,0,0,9999.0,1.36,1,1,0,0,0,0
2429.77,0,0,0,0,9999.0,2.3,1,1,0,2,0,0
65.43,0,0,0,0,9999.0,1.72,1,0,0,0,0,0
46.26,0,0,0,0,9999.0,2.13,1,0,0,2,0,0
78.66,0,0,0,0,9999.0,1.34,1,0,0,0,1,0
2896.33,0,0,0,0,9999.0,2.78,1,0,0,0,0,0
107.86,0,0,0,0,9999.0,2.07,1,0,0,2,0,0
644.54,0,0,0,0,9999.0,2.86,1,0,0,0,1,0
2436.5,0,0,0,0,9999.0,1.69,1,0,0,0,1,0
82.25,1,0,0,0,9999.0,1.86,1,0,0,0,0,0
1839.89,0,0,0,0,9999.0,1.23,1,0,0,0,1,0
1870.87,0,0,0,0,9999.0,1.43,1,1,0,0,1,0
139.06,0,0,0,0,9999.0,1.27,1,1,0,0,1,0
2453.08,0,0,0,0,9999.0,2.6,1,1,0,0,0,0
15.45,0,0,0,0,9999.0,1.27,1,1,0,0,1,0
105.07,0,0,0,0,9999.0,2.65,1,0,0,0,0,0
656.22,0,1,0,0,9999.0,2.01,1,0,0,2,0,0
1500.0,1,0,0,1,16.4,3.81,0,1,0,2,1,1
41.19,0,0,0,0,9999.0,2.44,1,0,0,0,0,0
1305.63,0,0,0,0,9999.0,2.36,1,0,0,0,1,0
2111.23,0,0,0,0,9999.0,2.8,1,0,0,0,0,0
13.81,0,0,0,0,9999.0,2.25,1,0,0,0,0,0
12.93,0,0,0,1,1069.0476100788974,3.01,1,1,0,0,0,0
1813.51,0,0,0,0,9999.0,3.01,1,0,0,0,0,0
659.17,0,0,0,0,9999.0,2.08,1,0,0,0,0,0
2617.37,0,0,0,0,9999.0,1.5,1,0,0,1,0,0
720.83,0,0,0,0,9999.0,2.41,1,0,0,0,0,0
1502.78,0,0,0,0,9999.0,2.45,1,0,0,0,0,0
35.46,0,0,0,0,9999.0,2.05,1,0,0,0,0,0
54.83,0,0,0,0,9999.0,1.93,1,0,0,2,0,0
1810.07,0,0,0,0,9999.0,1.41,1,0,0,0,0,0
2165.46,0,0,0,0,9999.0,3.04,1,0,0,0,0,0
50.51,0,0,0,0,9999.0,2.42,1,0,0,0,1,0
399.98,0,0,0,0,9999.0,2.09,1,0,0,0,0,0
8000.0,0,0,0,1,30.2,2.86,0,1,0,1,0,1
54.14,0,0,0,0,9999.0,1.32,1,0,0,0,0,0
2048.01,0,0,0,0,9999.0,1.75,1,0,0,0,0,0
2261.16,0,0,0,0,9999.0,2.35,1,1,0,0,0,0
1069.97,0,0,0,0,9999.0,2.85,1,0,0,0,0,0
5801.08,0,0,0,1,1.6,2.99,0,1,0,2,0,1
74.25,0,0,0,0,9999.0,3.04,1,0,0,0,0,0
31.51,0,0,0,0,9999.0,2.65,1,1,0,1,0,0
1482.44,0,0,0,1,420.7964655203146,2.84,1,1,0,1,0,0
31.91,0,0,0,0,9999.0,1.67,1,0,0,0,0,0
224.57,0,0,0,0,9999.0,1.2,1,0,0,1,1,0
6155.81,0,0,0,1,3.0,4.58,1,1,0,1,1,1
115.45,0,0,0,0,9999.0,2.01,1,1,0,1,0,0
17105.4,1,0,0,1,20.9,4.46,1,1,0,0,1,1
1108.89,0,0,0,0,9999.0,2.15,1,0,0,0,0,0
1793.12,0,0,0,0,9999.0,2.9,1,0,0,0,0,0
886.64,0,0,0,0,9999.0,2.66,1,0,0,1,0,0
2173.54,0,0,0,0,9999.0,1.5,1,0,0,0,0,0
43.42,0,0,0,0,9999.0,1.63,1,0,0,0,0,0
659.66,0,0,0,1,1280.5746788072126,1.48,1,0,0,0,0,0
29.33,0,0,0,1,845.6472839126588,1.45,1,0,0,2,0,0
35.6,1,0,0,0,9999.0,1.47,1,1,0,0,0,0
73.91,0,0,0,1,493.6545961024783,1.72,1,0,0,1,1,0
8000.0,0,0,0,1,42.6,3.32,0,1,0,2,0,1
6151.14,0,0,0,1,12.4,2.99,0,1,0,1,0,1
1743.48,0,0,0,1,435.947325200451,1.59,1,0,0,0,0,0
229.42,0,0,0,1,371.98065730477776,2.65,1,0,0,0,0,0
780.94,0,0,0,0,9999.0,1.7,1,0,0,0,0,0
1441.26,0,0,0,0,9999.0,1.31,1,0,0,0,0,0
1973.19,0,0,0,0,9999.0,1.55,1,0,0,0,0,0
97.99,0,0,0,0,9999.0,1.28,1,0,0,1,1,0
1417.58,0,0,0,0,9999.0,1.72,1,1,0,0,0,0
130.46,0,0,0,0,9999.0,2.21,1,0,0,2,0,0
2486.04,0,0,0,0,9999.0,2.75,1,1,0,1,0,0
1642.17,0,0,0,0,9999.0,2.51,1,0,0,1,0,0
104.12,0,0,0,0,9999.0,3.07,1,1,0,0,0,0
96.34,1,0,0,0,9999.0,1.81,1,0,0,1,0,0
49.49,1,0,0,1,484.7210778829382,2.51,1,1,0,1,0,0
130.25,0,0,0,0,9999.0,1.62,1,0,0,0,0,0
1395.01,0,0,0,0,9999.0,2.18,1,0,0,0,0,0
1986.71,0,0,0,0,9999.0,2.32,1,0,0,0,0,0
1170.93,0,0,0,0,9999.0,2.2,1,0,0,1,1,0
29975.73,0,0,0,0,9999.0,2.04,1,0,0,1,0,0
36.18,0,0,0,0,9999.0,1.86,1,0,0,1,1,0
70.64,0,0,0,0,9999.0,1.47,1,0,0,0,0,0
40771.54,0,0,0,0,9999.0,1.29,1,0,0,0,1,0
2041.9,0,0,0,0,9999.0,1.61,1,0,0,0,1,0
69.37,1,0,0,0,9999.0,2.17,1,0,0,0,0,0
59.17,0,0,0,0,9999.0,1.24,1,1,0,0,0,0
55.57,0,0,0,0,9999.0,1.31,1,1,0,0,0,0
81.81,0,0,0,0,9999.0,1.67,1,1,0,0,0,0
2400.88,0,0,0,0,9999.0,2.56,1,0,0,2,0,0
1946.28,0,0,0,0,9999.0,1.26,1,0,0,0,1,0
1333.7,0,0,0,0,9999.0,1.52,1,0,0,1,0,0
133.25,0,0,0,0,9999.0,1.3,1,0,0,0,0,0
2811.65,0,0,0,1,252.4992366061888,1.78,1,0,0,0,1,0
954.23,0,0,0,0,9999.0,1.74,1,0,0,0,0,0
1287.23,0,0,0,0,9999.0,1.68,1,0,0,1,0,0
25344.66,0,0,0,1,517.2054079915629,1.33,1,1,0,0,0,0
627.98,0,0,0,1,838.3341872259881,1.41,1,0,0,0,0,0
726.82,0,0,0,1,379.2997029415639,1.4,1,0,0,1,1,0
45891.4,1,1,0,1,21.9,3.12,0,1,0,2,1,1
104.87,0,0,0,0,9999.0,1.27,1,0,0,0,0,0
85.22,0,0,0,0,9999.0,2.99,1,0,0,0,0,0
1500.0,1,0,0,1,39.8,3.69,1,1,0,2,0,1
1411.21,0,0,0,0,9999.0,1.89,1,0,0,0,0,0
2903.28,0,0,0,0,9999.0,2.74,1,1,0,0,1,0
18917.73,0,0,0,0,9999.0,2.12,1,0,0,0,0,0
1138.69,0,0,0,0,9999.0,1.2,1,0,0,0,0,0
1404.02,0,0,0,0,9999.0,2.19,1,1,0,0,0,0
41.38,0,0,0,0,9999.0,1.88,1,0,0,0,1,0
126.98,0,0,0,0,9999.0,2.59,1,1,0,0,0,0
1069.12,0,0,0,0,9999.0,2.29,1,0,0,0,0,0
37.19,0,0,0,0,9999.0,1.99,1,0,0,0,1,0
124.64,0,0,0,0,9999.0,1.58,1,0,0,0,0,0
6051.02,1,0,0,1,1.8,2.95,1,0,0,1,0,1
29.21,0,0,0,0,9999.0,1.5,1,0,0,0,0,0
46.06,0,0,0,0,9999.0,2.23,1,1,0,1,0,0
2268.25,0,0,0,0,9999.0,2.92,1,1,0,1,0,0
27.79,0,0,0,1,1120.4278900116358,2.15,1,0,0,1,0,0
763.03,0,1,0,0,9999.0,1.44,1,0,0,0,0,0
619.94,0,0,0,0,9999.0,2.69,1,0,0,1,0,0
2352.46,0,0,0,0,9999.0,2.87,1,0,0,0,0,0
27254.74,0,0,0,0,9999.0,1.6,1,0,0,0,0,0
58.17,0,0,0,0,9999.0,3.08,1,0,0,1,0,0
1659.97,0,0,0,0,9999.0,1.65,1,0,0,0,0,0
2290.89,0,0,0,0,9999.0,2.27,1,0,0,0,0,0
34.0,0,0,0,0,9999.0,3.07,1,0,0,0,0,0
126.49,0,0,0,0,9999.0,1.36,1,1,0,0,0,0
2853.06,0,0,0,0,9999.0,1.28,1,1,0,0,1,0
256.55,0,0,0,0,9999.0,1.5,1,0,0,0,0,0
2051.72,0,0,0,0,9999.0,1.36,1,1,0,0,0,0
31.23,0,0,0,0,9999.0,1.37,1,0,0,0,0,0
15000.0,1,0,0,0,5.5,3.25,0,1,1,0,1,1
1644.49,0,0,0,0,9999.0,2.85,1,0,0,0,0,0
1223.48,0,0,0,1,1377.492813678655,1.35,1,0,0,1,1,0
24013.32,0,0,0,0,9999.0,1.51,1,1,0,0,0,0
77.89,0,0,0,0,9999.0,2.09,1,0,0,0,0,0
25.63,0,0,0,1,322.0299977049175,2.04,1,0,0,0,0,0
2432.78,0,0,0,0,9999.0,1.89,1,0,0,1,0,0
139.16,0,0,0,0,9999.0,1.35,1,0,0,0,0,0
1245.71,0,0,0,0,9999.0,2.61,1,0,0,2,0,0
1124.75,0,0,0,0,9999.0,1.44,1,0,0,0,0,0
15000.0,1,0,0,1,7.6,3.45,1,1,1,1,0,1
118.46,0,0,0,0,9999.0,2.18,1,0,0,0,0,0
3000.0,0,0,0,1,37.4,4.58,1,1,0,1,1,1
12.39,0,0,0,1,280.63201709790627,1.97,1,0,0,0,0,0
15000.0,1,0,0,0,4.3,4.52,1,1,1,0,0,1
2485.45,0,0,0,0,9999.0,3.02,1,0,0,1,1,0
2768.61,0,0,0,0,9999.0,2.08,1,0,0,0,0,0
3921.0,1,0,0,1,2.8,4.42,0,1,0,2,0,1
750.72,0,0,0,0,9999.0,2.64,1,0,0,1,0,0
1647.65,0,0,0,0,9999.0,2.09,1,0,0,0,0,0
1214.02,0,0,0,0,9999.0,2.63,1,0,0,0,1,0
5641.36,1,0,0,1,8.3,4.19,1,1,0,2,1,1
1895.27,0,0,0,0,9999.0,2.51,1,0,0,0,0,0
15000.0,0,0,0,1,5.3,4.01,0,1,1,2,0,1
34743.98,0,0,0,1,1.5,4.31,0,1,0,2,1,1
954.06,0,0,0,0,9999.0,2.25,1,0,0,0,1,0
1670.49,0,0,0,0,9999.0,2.79,1,0,0,0,0,0
110.78,0,0,0,0,9999.0,2.78,1,0,0,0,0,0
1262.67,0,0,0,0,9999.0,2.65,1,0,0,1,0,0
128.04,0,0,0,0,9999.0,1.22,1,1,0,0,0,0
313.45,0,0,0,0,9999.0,2.45,1,1,0,1,0,0
2383.64,0,0,0,0,9999.0,2.45,1,0,0,0,1,0
2340.54,0,0,0,0,9999.0,2.01,1,0,0,0,0,0
140.52,0,0,0,0,9999.0,1.68,1,1,0,0,0,0
106.88,0,0,0,0,9999.0,2.63,1,0,0,0,0,0
2818.12,0,0,0,0,9999.0,2.27,1,0,0,0,1,0
1446.89,0,0,0,0,9999.0,1.31,1,1,0,1,0,0
1481.13,0,0,0,0,9999.0,1.85,1,0,0,0,0,0
26038.28,0,1,1,0,17.3,3.14,1,1,0,1,0,1
2715.13,0,0,0,0,9999.0,2.4,1,1,0,0,0,0
113.03,0,0,0,0,9999.0,2.24,1,1,0,0,0,0
2207.1,0,0,0,0,9999.0,1.35,1,0,0,0,0,0
1315.2,0,0,0,0,9999.0,1.25,1,0,0,0,1,0
2031.7,0,0,0,0,9999.0,1.92,1,0,0,1,0,0
17.97,0,0,0,1,543.1538255997004,1.91,1,0,0,1,0,0
2187.52,0,0,0,0,9999.0,2.2,1,0,0,0,0,0
152482.59,1,1,0,1,21.3,4.13,1,1,0,2,1,1
33.6,0,0,0,0,9999.0,1.95,1,1,0,0,0,0
767.95,0,0,0,0,9999.0,1.78,1,0,0,0,0,0
5020.65,1,0,0,1,13.5,4.12,1,1,0,0,0,1
906.33,0,0,0,1,740.3853121632498,2.93,1,0,0,0,0,0
383.3,0,0,0,0,9999.0,1.92,1,0,0,0,0,0
2451.09,0,0,0,0,9999.0,1.41,1,0,0,0,0,0
35111.58,1,0,0,0,9999.0,2.45,1,0,0,0,0,0
966.04,0,0,0,0,9999.0,2.96,1,0,0,0,0,0
133.42,0,0,0,0,9999.0,1.41,1,0,0,0,0,0
832.13,0,0,0,0,9999.0,2.46,1,0,0,0,0,0
15.22,0,0,0,0,9999.0,2.66,1,1,0,2,0,0
1017.51,0,0,0,0,9999.0,2.33,1,1,0,0,0,0
1283.79,0,0,0,1,456.0815690991777,1.97,1,0,0,0,1,0
92.66,0,0,0,0,9999.0,1.51,1,1,0,0,0,0
953.85,0,0,0,0,9999.0,2.44,1,0,0,0,0,0
403.93,0,0,0,1,183.9679101897389,2.98,1,0,0,0,1,0
121.04,0,0,0,0,9999.0,2.33,1,0,0,1,0,0
133.31,0,0,0,0,9999.0,2.22,1,1,0,0,0,0
63.67,0,0,0,0,9999.0,2.1,1,0,0,1,0,0
2173.76,0,0,0,0,9999.0,2.49,1,0,0,0,0,0
2063.06,1,0,0,0,9999.0,3.03,1,0,0,1,0,0
1833.23,0,0,0,0,9999.0,2.53,1,1,0,0,0,0
110.51,0,0,0,0,9999.0,2.93,1,0,0,1,0,0
2251.97,0,0,0,0,9999.0,1.95,1,1,0,0,1,0
140.91,0,0,0,0,9999.0,2.51,1,0,0,0,0,0
856.27,0,0,0,0,9999.0,2.53,1,0,0,0,0,0
103.0,0,0,0,0,9999.0,2.91,1,1,0,0,0,0
2612.7,0,0,0,0,9999.0,1.45,1,1,0,0,0,0
888.62,0,0,0,0,9999.0,2.51,1,1,0,1,0,0
1891.87,0,0,0,0,9999.0,1.84,1,0,0,0,0,0
45.32,0,0,0,1,490.36069599812186,1.96,1,0,0,1,0,0
462.19,0,0,0,0,9999.0,1.55,1,1,0,1,1,0
126.24,0,0,0,0,9999.0,1.82,1,0,0,1,0,0
49.97,0,0,0,0,9999.0,1.86,1,0,0,0,0,0
2268.57,0,0,0,0,9999.0,2.6,1,0,0,0,1,0
1572.36,0,0,0,0,9999.0,1.47,1,0,0,2,0,0
91.83,0,0,0,0,9999.0,1.82,1,0,0,0,0,0
87.04,1,0,0,1,97.33023692053912,1.76,1,0,0,0,0,0
45.88,0,0,0,0,9999.0,3.05,1,0,0,0,0,0
39.44,0,0,0,0,9999.0,1.46,1,0,0,0,0,0
142.42,0,0,0,0,9999.0,1.36,1,0,0,0,0,0
72.03,0,0,0,0,9999.0,2.66,1,0,0,0,0,0
138.73,0,0,0,0,9999.0,1.76,1,0,0,0,0,0
25000.0,1,0,0,1,7.8,4.29,0,1,1,1,0,1
3000.0,1,0,0,1,29.1,4.58,1,1,0,2,1,1
1685.46,0,0,0,0,9999.0,1.61,1,0,0,1,0,0
74.02,0,0,0,0,9999.0,1.98,1,0,0,1,0,0
221.42,0,0,0,0,9999.0,2.44,1,0,0,0,1,0
131.98,1,0,0,0,9999.0,2.66,1,1,0,0,0,0
113.08,0,0,0,0,9999.0,1.27,1,0,0,2,0,0
602.36,0,0,0,0,9999.0,2.58,1,0,0,1,0,0
25243.77,0,0,0,0,9999.0,2.26,1,0,0,0,0,0
2669.84,0,0,0,0,9999.0,1.87,1,0,0,0,0,0
2476.02,0,0,0,0,9999.0,1.75,1,0,0,2,0,0
1116.37,0,0,0,0,9999.0,2.53,1,0,0,0,0,0
671.56,0,0,0,0,9999.0,2.46,1,0,0,0,0,0
1507.38,0,0,0,0,9999.0,2.09,1,0,0,2,0,0
953.29,0,0,0,0,9999.0,2.54,1,0,0,0,0,0
25802.91,0,0,0,0,9999.0,1.41,1,0,0,2,0,0
11.7,1,0,0,0,9999.0,1.45,1,1,0,2,0,0
1911.38,0,0,0,0,9999.0,1.49,1,0,0,0,0,0
11.84,0,0,0,0,9999.0,2.76,1,0,0,0,0,0
125.32,0,0,0,0,9999.0,2.31,1,1,0,0,0,0
2674.53,0,0,0,0,9999.0,2.5,1,0,0,0,0,0
33683.41,0,0,0,0,9999.0,2.91,1,1,0,0,1,0
88.24,0,0,0,0,9999.0,1.54,1,0,0,0,0,0
719.76,0,0,0,1,1014.998182748434,1.27,1,0,0,0,0,0
57.95,0,0,0,0,9999.0,3.01,1,0,0,2,0,0
1082.91,0,0,0,1,1238.648597986621,1.51,1,1,0,0,0,0
23113.15,0,0,0,0,9999.0,1.52,1,1,0,0,0,0
240.12,0,0,0,0,9999.0,1.82,1,0,0,0,0,0
62.26,0,0,0,0,9999.0,2.27,1,0,0,0,1,0
431.65,0,0,0,0,9999.0,2.19,1,1,0,0,0,0
2450.38,0,0,0,0,9999.0,3.06,1,1,0,0,0,0
694.56,0,0,0,0,9999.0,1.68,1,0,0,0,0,0
945.39,0,0,0,0,9999.0,1.41,1,0,0,1,0,0
1101.55,0,0,0,0,9999.0,1.28,1,0,0,0,0,0
20436.14,1,1,1,1,1.5,3.92,0,1,0,0,1,1
2030.34,0,0,0,0,9999.0,1.9,1,0,0,0,1,0
696.75,0,0,0,0,9999.0,1.23,1,0,0,0,0,0
5000.0,1,0,0,1,6.8,3.32,0,1,1,1,0,1
912.21,0,0,0,0,9999.0,2.02,1,0,0,0,0,0
77.44,0,0,0,0,9999.0,2.21,1,1,0,0,1,0
104.12,0,0,0,0,9999.0,1.86,1,0,0,0,0,0
2927.03,0,0,0,0,9999.0,1.29,1,1,0,0,1,0
37.89,0,0,0,0,9999.0,2.14,1,1,0,1,0,0
31396.58,0,0,0,0,9999.0,2.58,1,0,0,0,0,0
93.82,0,0,0,0,9999.0,2.04,1,0,0,0,0,0
2171.48,0,0,0,0,9999.0,2.5,1,0,0,0,0,0
40374.2,1,1,0,1,4.8,4.37,0,0,0,2,1,1
104.34,0,0,0,0,9999.0,1.28,1,1,0,0,0,0
865.18,0,0,0,0,9999.0,1.85,1,0,0,0,0,0
85.97,0,0,0,0,9999.0,1.91,1,1,0,0,1,0
20578.73,0,0,0,0,9999.0,1.26,1,0,0,0,0,0
134.1,0,0,0,0,9999.0,1.77,1,1,0,0,0,0
26.3,0,0,0,0,9999.0,2.87,1,0,0,0,0,0
3000.0,0,0,0,1,3.6,3.35,0,1,0,2,0,1
2342.29,0,0,0,0,9999.0,2.88,1,0,0,0,0,0
37779.12,1,0,0,1,19.6,3.83,1,1,0,0,0,1
63.63,1,0,0,0,9999.0,1.5,1,1,0,0,0,0
116.84,0,0,0,0,9999.0,2.62,1,0,0,0,1,0
35.59,0,0,0,0,9999.0,2.9,1,1,0,1,0,0
1720.25,0,0,0,0,9999.0,2.47,1,1,0,0,0,0
122.74,0,0,0,0,9999.0,2.44,1,0,0,0,0,0
111.16,0,0,0,0,9999.0,2.5,1,1,0,2,0,0
83.63,0,0,0,0,9999.0,1.64,1,0,0,0,0,0
29570.51,1,1,1,1,14.8,4.27,1,1,0,0,0,1
468.73,0,0,0,0,9999.0,1.95,1,0,0,1,0,0
1486.59,1,0,0,0,9999.0,2.15,1,1,0,0,0,0
141.74,0,0,0,0,9999.0,2.86,1,0,0,0,0,0
1786.65,0,0,0,0,9999.0,1.64,1,0,0,0,0,0
36209.37,0,0,0,0,9999.0,2.37,1,0,0,0,1,0
133.9,0,0,0,0,9999.0,1.71,1,0,0,0,0,0
690.9,0,0,0,0,9999.0,2.69,1,0,0,0,1,0
90.75,0,0,0,0,9999.0,2.6,1,0,0,0,0,0
2765.22,0,0,0,0,9999.0,3.02,1,1,0,0,0,0
2335.07,0,0,0,0,9999.0,2.6,1,1,0,0,0,0
99.37,0,0,0,0,9999.0,2.83,1,1,0,0,0,0
5313.12,1,0,0,1,8.1,3.02,1,1,0,0,1,1
76.27,0,0,0,0,9999.0,2.5,1,0,0,0,0,0
37004.29,1,1,0,1,24.1,3.54,1,1,0,2,0,1
76760.71,1,1,0,1,14.2,2.95,1,1,0,1,1,1
2659.01,0,0,0,0,9999.0,3.02,1,0,0,0,0,0
16.38,0,0,0,0,9999.0,2.91,1,0,0,1,1,0
35315.15,0,0,0,0,9999.0,1.33,1,0,0,0,0,0
83.06,0,0,0,0,9999.0,2.75,1,0,0,0,0,0
24.94,0,0,0,0,9999.0,2.24,1,0,0,0,0,0
304.25,0,0,0,0,9999.0,2.83,1,1,0,0,0,0
1117.64,0,0,0,1,1025.7817196407427,1.91,1,1,0,2,0,0
1069.26,0,0,0,0,9999.0,2.05,1,0,0,0,0,0
103.37,0,0,0,0,9999.0,2.47,1,1,0,0,0,0
45.59,0,0,0,0,9999.0,2.16,1,1,0,0,1,0
42.21,0,0,0,0,9999.0,2.36,1,0,0,0,0,0
2225.18,0,0,0,0,9999.0,1.74,1,0,0,2,0,0
575.9,1,0,0,0,9999.0,3.01,1,0,0,0,0,0
38790.43,0,0,0,0,9999.0,2.46,1,0,0,1,0,0
121.36,0,0,0,0,9999.0,2.38,1,0,0,0,0,0
1530.28,0,0,0,0,9999.0,2.59,1,0,0,0,1,0
1295.26,0,0,0,1,1.7,4.74,1,1,0,1,0,1
2323.37,0,0,0,0,9999.0,2.35,1,1,0,0,0,0
1525.63,0,0,0,0,9999.0,1.76,1,1,0,0,0,0
8377.97,1,1,0,1,21.4,2.82,0,1,0,0,1,1
8000.0,1,0,0,1,3.4,4.49,0,1,0,2,0,1
1705.92,0,0,0,0,9999.0,2.32,1,0,0,0,1,0
1350.98,0,0,0,0,9999.0,1.38,1,1,0,0,0,0
101.98,0,0,0,0,9999.0,2.64,1,0,0,1,0,0
2537.82,0,0,0,0,9999.0,1.78,1,1,0,0,0,0
1264.96,0,0,0,0,9999.0,1.55,1,1,0,0,0,0
650.47,0,0,0,0,9999.0,2.97,1,0,0,0,1,0
92.6,0,0,0,0,9999.0,2.03,1,0,0,2,0,0
19.29,0,0,0,0,9999.0,1.29,1,1,0,1,0,0
19.21,0,0,0,0,9999.0,3.0,1,0,0,0,0,0
143.86,0,0,0,0,9999.0,2.01,1,0,0,0,0,0
15.41,0,0,0,0,9999.0,1.46,1,0,0,0,0,0
10.87,0,0,0,0,9999.0,2.14,1,0,0,0,0,0
115.12,0,0,0,0,9999.0,1.62,1,1,0,0,0,0
1272.37,0,0,0,0,9999.0,1.32,1,0,0,0,0,0
2312.59,0,0,0,0,9999.0,1.41,1,0,0,0,0,0
29988.24,0,0,0,0,9999.0,1.78,1,0,0,0,0,0
69.77,0,0,0,0,9999.0,1.28,1,1,0,0,0,0
1413.33,0,0,0,0,9999.0,3.03,1,0,0,0,0,0
751.7,0,0,0,0,9999.0,2.49,1,0,0,0,0,0
394.18,0,0,0,0,9999.0,1.3,1,0,0,0,0,0
918.36,0,0,0,0,9999.0,1.51,1,0,0,0,1,0
62.84,0,0,0,0,9999.0,1.46,1,0,0,1,0,0
43.68,0,0,0,0,9999.0,1.57,1,1,0,1,0,0
9999.0,1,0,0,1,5.9,4.34,1,1,1,0,0,1
12763.14,0,0,0,0,9999.0,2.22,1,0,0,0,0,0
16322.53,0,0,0,0,9999.0,2.33,1,0,0,0,1,0
2329.08,0,0,0,0,9999.0,1.94,1,1,0,0,0,0
78.94,0,0,0,0,9999.0,2.83,1,0,0,0,0,0
63.15,0,0,0,0,9999.0,1.88,1,0,0,0,0,0
1450.99,0,0,0,0,9999.0,2.74,1,0,0,1,0,0
1413.29,0,0,0,0,9999.0,2.24,1,0,0,0,0,0
91.77,0,0,0,0,9999.0,2.33,1,1,0,0,0,0
63.92,0,0,0,0,9999.0,1.21,1,0,0,0,0,0
112.62,0,0,0,1,40.30778900346649,2.36,1,0,0,0,0,0
2141.59,0,0,0,0,9999.0,2.71,1,0,0,0,0,0
2217.89,0,0,0,0,9999.0,2.45,1,0,0,0,0,0
832.67,0,0,0,0,9999.0,2.94,1,0,0,2,0,0
55.44,0,0,0,0,9999.0,1.21,1,0,0,0,1,0
2314.33,0,0,0,0,9999.0,1.62,1,0,0,0,0,0
2623.05,0,0,0,0,9999.0,2.87,1,1,0,0,0,0
34975.38,1,0,1,1,17.1,3.78,0,1,0,1,0,1
42.21,0,0,0,0,9999.0,1.35,1,1,0,0,1,0
146.61,0,0,0,1,423.2078970776245,1.91,1,0,0,1,1,0
21.42,0,0,0,1,783.9829987330506,2.12,1,0,0,0,1,0
25.02,0,0,0,1,250.9531303922868,1.47,1,0,0,0,0,0
2850.57,0,0,0,0,9999.0,1.94,1,0,0,0,0,0
1381.2,0,0,0,0,9999.0,1.24,1,1,0,0,0,0
60.4,0,0,0,0,9999.0,2.89,1,0,0,0,0,0
73.57,0,0,0,0,9999.0,2.2,1,1,0,1,0,0
1543.79,0,0,0,0,9999.0,2.35,1,0,0,1,0,0
1615.52,0,0,0,0,9999.0,2.52,1,0,0,0,0,0
1978.67,0,0,0,0,9999.0,2.23,1,1,0,0,1,0
2222.25,0,0,0,0,9999.0,2.92,1,1,0,0,1,0
1500.0,0,0,0,1,42.9,3.29,0,1,0,0,1,1
1937.16,0,0,0,0,9999.0,1.33,1,0,0,0,0,0
117.87,0,0,0,0,9999.0,1.28,1,1,0,1,1,0
133.01,0,0,0,0,9999.0,1.28,1,1,0,0,0,0
72.76,1,0,0,0,9999.0,1.39,1,1,0,1,1,0
2629.82,1,0,0,0,9999.0,1.51,1,1,0,1,0,0
559.17,0,0,0,0,9999.0,1.89,1,1,0,0,0,0
113.29,0,0,0,0,9999.0,2.06,1,1,0,0,0,0
2525.29,0,0,0,0,9999.0,1.65,1,0,0,1,1,0
108.08,0,0,0,0,9999.0,3.01,1,1,0,0,0,0
73.31,0,0,0,0,9999.0,1.37,1,0,0,0,0,0
16.43,0,0,0,0,9999.0,2.87,1,0,0,0,0,0
2968.18,0,0,0,0,9999.0,1.34,1,0,0,0,1,0
1576.04,0,0,0,0,9999.0,2.87,1,0,0,1,0,0
92.59,0,0,0,0,9999.0,2.85,1,0,0,0,0,0
43253.77,0,0,0,0,9999.0,2.53,1,0,0,0,1,0
2996.43,0,0,0,0,9999.0,3.01,1,0,0,0,0,0
79377.03,1,0,1,0,5.8,4.53,1,1,0,0,0,1
44.01,0,0,0,0,9999.0,2.36,1,1,0,0,1,0
85.8,0,0,0,0,9999.0,2.37,1,0,0,0,0,0
1134.08,0,0,0,0,9999.0,1.78,1,0,0,0,0,0
153272.72,1,1,1,1,11.3,3.77,0,1,0,1,1,1
2272.15,0,0,0,0,9999.0,2.78,1,1,0,2,0,0
2310.7,0,0,0,1,9.4,3.91,0,1,0,0,1,1
2067.37,0,0,0,0,9999.0,1.87,1,1,0,1,0,0
2586.52,0,0,0,0,9999.0,1.58,1,1,0,0,1,0
692.16,0,0,0,0,9999.0,2.4,1,0,0,0,0,0
2316.15,0,0,0,0,9999.0,2.75,1,1,0,0,0,0
81.9,0,0,0,0,9999.0,2.46,1,0,0,1,1,0
114.06,0,0,0,0,9999.0,2.07,1,0,0,0,0,0
1294.92,0,0,0,0,9999.0,2.29,1,1,0,0,0,0
837.6,0,0,0,0,9999.0,2.09,1,1,0,0,0,0
1776.11,0,0,0,0,9999.0,2.82,1,1,0,0,0,0
1307.62,0,0,0,0,9999.0,2.11,1,0,0,0,0,0
2334.07,0,0,0,0,9999.0,2.7,1,1,0,1,0,0
96.29,1,0,0,1,584.1846882527743,1.69,1,0,0,0,1,0
2205.66,0,0,0,0,9999.0,2.88,1,0,0,2,0,0
1091.54,0,0,0,0,9999.0,1.66,1,0,0,0,1,0
129.27,0,0,0,0,9999.0,2.67,1,0,0,0,0,0
1261.33,0,0,0,0,9999.0,2.2,1,0,0,0,0,0
708.89,0,0,0,0,9999.0,1.39,1,1,0,2,0,0
20415.03,0,0,1,1,12.0,2.95,1,1,0,0,0,1
85.47,0,0,0,0,9999.0,2.71,1,1,0,0,0,0
1709.45,0,0,0,0,9999.0,1.58,1,0,0,0,0,0
113.4,0,0,0,0,9999.0,2.11,1,0,0,0,1,0
2237.91,0,0,0,0,9999.0,2.38,1,1,0,0,0,0
2653.66,0,0,0,0,9999.0,1.72,1,0,0,0,1,0
782.53,0,0,0,0,9999.0,2.86,1,0,0,0,0,0
34184.1,0,0,0,0,9999.0,2.89,1,0,0,0,0,0
123.34,0,0,0,0,9999.0,3.01,1,0,0,0,1,0
128.24,0,0,0,1,238.29691124930972,2.48,1,1,0,1,1,0
103.44,0,0,0,0,9999.0,2.89,1,0,0,1,1,0
15000.0,1,0,0,1,5.4,4.6,1,1,1,2,1,1
128.43,0,0,0,0,9999.0,2.35,1,0,0,0,0,0
40319.22,1,0,0,1,3.7,3.95,1,1,0,1,0,1
143.12,0,0,0,0,9999.0,1.72,1,0,0,0,0,0
53.87,0,0,0,0,9999.0,1.99,1,0,0,0,0,0
138.12,0,0,0,0,9999.0,2.58,1,1,0,0,0,0
2985.86,0,0,0,0,9999.0,2.09,1,1,0,0,0,0
2265.77,0,0,0,0,9999.0,1.63,1,1,0,0,0,0
1115.48,0,0,0,0,9999.0,2.4,1,0,0,0,0,0
236.74,0,0,0,0,9999.0,1.8,1,1,0,1,0,0
29917.56,0,0,0,0,9999.0,1.59,1,0,0,0,1,0
15000.0,1,0,0,1,0.8,4.64,1,0,1,1,1,1
696.85,0,0,0,0,9999.0,2.27,1,0,0,0,1,0
1406.73,0,0,0,0,9999.0,1.46,1,1,0,0,0,0
1226.21,0,0,0,0,9999.0,1.57,1,0,0,1,0,0
41.93,0,0,0,0,9999.0,1.25,1,0,0,0,0,0
1220.42,0,0,0,1,65.94285853197209,1.48,1,0,0,0,0,0
133.34,0,0,0,0,9999.0,1.87,1,1,0,1,0,0
19.03,1,0,0,0,9999.0,1.58,1,0,0,0,0,0
1403.7,1,0,0,0,9999.0,2.57,1,0,0,0,0,0
143.0,0,0,0,0,9999.0,2.83,1,0,0,0,0,0
884.22,0,0,0,0,9999.0,2.61,1,1,0,0,0,0
1654.26,0,0,0,0,9999.0,1.62,1,0,0,0,1,0
239.43,0,0,0,0,9999.0,2.4,1,0,0,0,0,0
1529.49,0,0,0,0,9999.0,2.6,1,0,0,0,0,0
2324.12,0,0,0,0,9999.0,1.81,1,1,0,0,0,0
21.93,0,0,0,0,9999.0,1.8,1,0,0,0,1,0
17106.04,0,0,0,0,9999.0,1.41,1,1,0,1,0,0
121.63,0,0,0,0,9999.0,2.48,1,0,0,0,0,0
700.79,0,0,0,0,9999.0,1.84,1,0,0,0,0,0
2204.21,0,0,0,0,9999.0,1.49,1,0,0,0,0,0
8000.0,0,0,0,1,29.9,3.24,0,1,0,1,0,1
236.86,0,0,0,0,9999.0,2.6,1,1,0,0,0,0
59.44,0,0,0,1,861.1149410519911,2.77,1,0,0,0,0,0
1191.78,1,0,0,1,1251.692780694313,2.37,1,0,0,1,0,0
2895.8,0,0,0,0,9999.0,2.29,1,0,0,0,0,0
28.63,0,0,0,0,9999.0,2.99,1,1,0,0,0,0
2378.36,1,0,0,0,9999.0,2.01,1,0,0,0,0,0
72.99,0,0,0,0,9999.0,1.5,1,0,0,0,0,0
1598.31,0,0,0,0,9999.0,1.44,1,1,0,1,0,0
43.98,0,0,0,0,9999.0,2.18,1,1,0,0,0,0
1812.55,0,0,0,0,9999.0,1.95,1,1,0,0,0,0
1470.5,0,0,0,0,9999.0,2.88,1,0,0,1,1,0
28.25,0,0,0,0,9999.0,2.49,1,0,0,1,0,0
67.51,0,0,0,0,9999.0,2.24,1,0,0,0,0,0
58.01,0,0,0,0,9999.0,1.33,1,0,0,1,0,0
2083.03,0,0,0,0,9999.0,1.28,1,0,0,0,0,0
112.36,0,0,0,0,9999.0,2.68,1,1,0,0,0,0
600.34,0,0,0,0,9999.0,2.88,1,1,0,2,0,0
2816.12,0,0,0,0,9999.0,2.68,1,0,0,1,0,0
1619.72,0,0,0,0,9999.0,1.48,1,0,0,0,0,0
54.07,0,0,0,0,9999.0,1.81,1,1,0,0,0,0
729.0,0,0,0,0,9999.0,1.5,1,0,0,1,0,0
982.0,0,0,0,0,9999.0,1.83,1,0,0,0,1,0
1561.38,0,0,0,0,9999.0,2.95,1,0,0,0,0,0
20593.15,0,1,0,1,12.7,4.27,1,1,0,0,1,1
1107.72,0,0,0,0,9999.0,2.61,1,1,0,0,1,0
2106.85,0,0,0,0,9999.0,2.13,1,0,0,0,0,0
46.49,0,0,0,0,9999.0,3.02,1,1,0,1,0,0
153800.98,1,0,0,1,12.2,3.13,1,1,0,2,1,1
981.32,0,0,0,0,9999.0,2.65,1,0,0,0,0,0
75457.41,1,0,0,0,16.9,3.9,0,1,0,2,0,1
130.67,0,0,0,0,9999.0,1.83,1,0,0,0,0,0
58.05,0,0,0,0,9999.0,2.75,1,1,0,2,0,0
1699.4,0,0,0,0,9999.0,1.23,1,0,0,2,0,0
14.29,0,0,0,0,9999.0,1.38,1,0,0,0,1,0
1408.13,0,0,0,0,9999.0,1.73,1,1,0,0,1,0
507.85,0,0,0,0,9999.0,1.89,1,0,0,0,0,0
41.31,0,0,0,0,9999.0,1.72,1,0,0,0,0,0
1952.49,0,0,0,0,9999.0,1.84,1,1,0,0,0,0
779.03,0,0,0,0,9999.0,2.68,1,1,0,0,0,0
603.65,0,0,0,0,9999.0,2.98,1,1,0,0,1,0
2137.41,1,0,0,0,9999.0,2.89,1,1,0,0,0,0
2471.63,0,0,0,1,385.6572988985026,1.69,1,0,0,0,0,0
27.64,1,0,0,0,9999.0,1.63,1,0,0,1,0,0
2520.7,0,0,0,0,9999.0,2.87,1,0,0,1,0,0
21285.92,0,0,0,1,3.3,3.52,0,0,0,2,1,1
153101.26,1,0,0,1,14.1,3.12,1,1,0,1,0,1
364.16,0,0,0,0,9999.0,1.48,1,1,0,0,0,0
107.86,0,0,0,1,449.5166702876394,1.37,1,1,0,0,0,0
1130.1,0,0,0,1,161.2653579456541,2.79,1,1,0,0,0,0
1041.76,0,0,0,0,9999.0,2.47,1,0,0,0,0,0
1500.0,0,0,0,1,42.8,4.43,0,1,0,1,1,1
2131.76,0,0,0,0,9999.0,2.23,1,0,0,0,1,0
1806.88,0,0,0,0,9999.0,1.57,1,0,0,0,0,0
51.5,0,0,0,0,9999.0,2.67,1,1,0,1,0,0
80.9,0,0,0,0,9999.0,2.96,1,0,0,0,0,0
1556.72,0,0,0,0,9999.0,2.19,1,0,0,0,1,0
1080.72,0,0,0,0,9999.0,1.63,1,0,0,2,0,0
958.35,0,0,0,0,9999.0,1.66,1,0,0,0,0,0
44.58,0,0,0,0,9999.0,1.98,1,0,0,0,0,0
2120.77,0,0,0,0,9999.0,2.52,1,1,0,0,0,0
130.21,0,0,0,0,9999.0,1.5,1,1,0,1,0,0
987.22,0,0,0,0,9999.0,3.07,1,0,0,0,0,0
3000.0,1,0,0,1,31.1,4.04,0,1,0,0,1,1
1167.66,0,0,0,1,65.87167059673948,1.82,1,0,0,0,0,0
1614.18,0,0,0,0,9999.0,1.46,1,0,0,0,0,0
39413.72,0,1,0,1,8.7,2.99,0,1,0,1,0,1
35346.25,1,0,0,1,16.2,3.74,0,1,0,1,1,1
129.39,0,0,0,1,926.0310519205484,2.16,1,1,0,0,1,0
302.84,0,0,0,0,9999.0,2.72,1,0,0,0,0,0
2787.07,0,0,0,0,9999.0,1.51,1,0,0,0,0,0
15000.0,1,0,0,1,3.4,3.89,1,1,1,2,1,1
20.78,0,0,0,0,9999.0,2.7,1,1,0,1,0,0
1033.46,0,0,0,0,9999.0,2.58,1,1,0,0,0,0
87.45,0,0,0,1,725.1082265239376,2.99,1,0,0,1,0,0
1098.73,0,0,0,0,9999.0,2.53,1,0,0,0,0,0
398.63,0,0,0,0,9999.0,2.33,1,0,0,1,0,0
2500.0,1,0,0,1,2.0,3.17,1,1,1,1,0,1
2521.09,1,0,0,0,9999.0,1.72,1,1,0,1,0,0
2195.71,0,0,0,1,279.8716106594226,3.07,1,0,0,0,0,0
57.18,0,0,0,1,1419.5203125962496,2.84,1,0,0,0,1,0
1999.69,0,0,0,0,9999.0,1.67,1,0,0,0,0,0
36358.02,0,0,0,0,9999.0,3.03,1,0,0,0,0,0
56.48,0,0,0,0,9999.0,2.27,1,1,0,1,1,0
85.19,1,0,0,0,9999.0,2.4,1,1,0,2,0,0
54.75,0,0,0,0,9999.0,2.08,1,0,0,0,0,0
16067.53,0,0,0,0,9999.0,1.48,1,1,0,0,0,0
11534.65,0,0,0,0,9999.0,1.65,1,0,0,0,0,0
30971.9,0,0,0,0,9999.0,2.41,1,1,0,1,0,0
38088.43,0,0,0,0,9999.0,2.78,1,1,0,0,1,0
2992.02,0,0,0,0,9999.0,1.69,1,1,0,1,0,0
815.94,1,0,0,1,1412.450905504861,1.84,1,0,0,2,0,0
21406.36,0,0,1,0,14.1,3.37,0,1,0,2,1,1
2500.0,1,0,0,1,5.2,3.77,1,1,1,1,1,1
101.02,0,1,0,0,9999.0,1.58,1,0,0,0,0,0
2188.11,0,0,0,0,9999.0,2.6,1,1,0,1,0,0
63.19,0,0,0,0,9999.0,3.02,1,0,0,0,0,0
1697.4,0,0,0,0,9999.0,2.68,1,0,0,0,1,0
2265.47,0,0,0,0,9999.0,2.05,1,0,0,1,0,0
30844.27,0,0,0,0,9999.0,2.69,1,1,0,0,0,0
960.25,0,0,0,0,9999.0,1.48,1,0,0,0,0,0
1383.09,0,0,0,1,789.5246431564607,1.74,1,1,0,1,0,0
222.73,0,0,0,0,9999.0,2.04,1,0,0,0,0,0
1441.51,0,0,0,0,9999.0,1.25,1,1,0,0,0,0
139.94,0,0,0,0,9999.0,2.19,1,0,0,0,0,0
21.05,0,0,0,0,9999.0,1.25,1,0,0,0,0,0
133.91,0,0,0,1,225.29455673347445,1.96,1,0,0,0,0,0
16.28,0,0,0,0,9999.0,1.76,1,1,0,2,0,0
16257.17,0,0,0,0,9999.0,2.17,1,0,0,0,0,0
2329.12,0,0,0,0,9999.0,2.0,1,0,0,0,0,0
2278.68,0,0,0,1,861.5515248902689,3.04,1,1,0,0,0,0
40.83,0,0,0,0,9999.0,2.46,1,1,0,0,0,0
139.52,0,0,0,0,9999.0,2.25,1,1,0,0,0,0
989.3,0,0,0,0,9999.0,1.62,1,1,0,2,0,0
133.98,0,0,0,0,9999.0,2.63,1,0,0,1,0,0
114.32,0,0,0,0,9999.0,1.84,1,0,0,0,1,0
431.69,1,0,0,0,9999.0,2.32,1,0,0,1,0,0
58.73,0,0,0,0,9999.0,1.63,1,1,0,0,0,0
1643.98,0,0,0,0,9999.0,2.63,1,1,0,0,0,0
22963.71,1,1,0,0,14.1,4.8,1,1,0,2,0,1
348.34,0,0,0,0,9999.0,1.35,1,0,0,0,0,0
2371.16,0,0,0,0,9999.0,2.2,1,0,0,0,0,0
1363.68,0,0,0,0,9999.0,1.39,1,1,0,0,0,0
44.2,0,0,0,1,188.19997590349536,2.9,1,0,0,1,0,0
77.53,0,0,0,0,9999.0,2.51,1,0,0,1,1,0
12645.48,0,0,0,0,9999.0,1.21,1,0,0,0,0,0
1847.8,0,0,0,0,9999.0,2.46,1,0,0,0,0,0
15000.0,0,0,0,1,5.5,4.62,1,0,1,1,1,1
43058.02,1,0,0,1,80.54025477763062,1.52,1,1,0,0,0,0
1057.78,0,0,0,0,9999.0,2.47,1,0,0,1,0,0
1287.07,0,0,0,0,9999.0,2.07,1,1,0,0,0,0
1121.73,0,0,0,0,9999.0,1.98,1,1,0,0,0,0
688.5,0,0,0,0,9999.0,1.65,1,0,0,0,0,0
21.48,0,0,0,0,9999.0,2.2,1,1,0,1,0,0
2500.0,0,0,0,0,4.8,3.79,1,1,1,1,0,1
104.57,0,0,0,0,9999.0,1.76,1,0,0,0,0,0
79174.89,0,1,0,1,14.2,3.45,1,1,0,0,1,1
87.38,0,0,0,0,9999.0,2.3,1,0,0,0,0,0
94.96,0,0,0,0,9999.0,2.74,1,1,0,1,0,0
893.42,0,0,0,0,9999.0,2.67,1,0,0,0,1,0
85.75,0,0,0,0,9999.0,1.8,1,1,0,0,0,0
21077.85,1,1,1,1,19.1,4.51,0,1,0,2,1,1
50.73,0,0,0,0,9999.0,1.96,1,0,0,1,0,0
1420.96,0,0,0,0,9999.0,3.0,1,0,0,0,0,0
91.06,0,0,0,0,9999.0,2.34,1,0,0,1,1,0
521.87,0,0,0,0,9999.0,1.36,1,1,0,0,0,0
109.49,0,0,0,0,9999.0,2.12,1,1,0,0,1,0
1124.54,0,0,0,0,9999.0,1.71,1,1,0,1,1,0
27.43,0,0,0,0,9999.0,2.16,1,0,0,0,0,0
3000.0,0,0,0,1,39.4,3.86,1,1,0,2,0,1
1176.43,0,0,0,0,9999.0,1.61,1,1,0,0,0,0
2867.9,1,0,0,0,9999.0,1.7,1,1,0,0,0,0
110.22,0,0,0,0,9999.0,2.74,1,0,0,2,1,0
982.68,0,0,0,1,881.4923732041289,1.51,1,0,0,0,0,0
152326.01,1,1,0,1,3.7,3.36,0,1,0,1,0,1
1224.73,0,0,0,0,9999.0,1.78,1,1,0,1,1,0
31.64,0,0,0,0,9999.0,2.21,1,1,0,0,1,0
105.74,0,0,0,0,9999.0,2.73,1,0,0,0,1,0
149.6,0,0,0,0,9999.0,2.62,1,1,0,1,0,0
835.66,0,0,0,0,9999.0,2.46,1,0,0,1,0,0
142.68,0,0,0,0,9999.0,2.5,1,1,0,0,0,0
103.19,0,0,0,0,9999.0,2.17,1,0,0,0,0,0
370.29,0,0,0,0,9999.0,1.73,1,1,0,0,0,0
101.21,1,0,0,0,9999.0,2.61,1,1,0,1,1,0
153026.84,1,1,0,1,32.3,3.39,1,1,0,1,1,1
75.72,0,0,0,0,9999.0,2.51,1,1,0,1,0,0
875.42,0,0,0,0,9999.0,2.71,1,0,0,0,0,0
2237.82,0,0,0,0,9999.0,1.98,1,0,0,1,0,0
6352.04,1,0,0,1,22.2,4.1,1,1,0,2,1,1
1787.4,0,0,0,0,9999.0,2.32,1,0,0,0,1,0
3000.0,1,0,0,1,26.1,4.03,1,1,0,2,1,1
78.3,1,0,0,0,9999.0,2.92,1,0,0,1,1,0
2566.37,0,0,0,0,9999.0,1.36,1,0,0,0,0,0
40176.37,0,0,0,0,9999.0,1.23,1,1,0,1,1,0
1302.38,0,0,0,0,9999.0,2.2,1,0,0,0,0,0
12002.92,0,0,0,0,9999.0,2.32,1,0,0,0,0,0
1234.06,0,0,0,0,9999.0,2.83,1,0,0,0,0,0
830.55,0,0,0,1,1303.5268138695596,1.99,1,1,0,0,0,0
78911.3,1,1,0,1,7.5,2.89,0,1,0,1,1,1
1430.44,0,0,0,0,9999.0,2.69,1,1,0,1,0,0
19.8,0,0,0,0,9999.0,2.22,1,1,0,1,0,0
132.82,0,0,0,1,1128.583532084616,2.79,1,0,0,0,0,0
123.12,0,0,0,0,9999.0,1.94,1,1,0,0,0,0
1647.21,0,0,0,1,121.28025016783768,2.16,1,1,0,0,0,0
1118.62,0,1,0,0,9999.0,1.97,1,1,0,0,0,0
554.58,0,0,0,0,9999.0,1.64,1,1,0,1,1,0
126.84,0,0,0,0,9999.0,2.66,1,1,0,0,0,0
662.32,0,0,0,0,9999.0,2.8,1,0,0,0,0,0
2532.93,0,0,0,0,9999.0,1.81,1,0,0,0,0,0
147.89,0,0,0,0,9999.0,2.36,1,0,0,0,0,0
1905.39,0,0,0,0,9999.0,1.62,1,0,0,0,0,0
2914.67,0,0,0,0,9999.0,3.06,1,0,0,0,0,0
1560.44,0,0,0,1,1237.9382626904558,1.74,1,0,0,0,1,0
147.68,1,0,0,0,9999.0,1.78,1,0,0,1,0,0
25.62,0,0,0,0,9999.0,1.99,1,1,0,0,1,0
1631.87,0,0,0,0,9999.0,1.77,1,0,0,1,0,0
1500.0,0,0,0,1,19.1,3.26,0,1,0,2,0,1
1560.52,1,0,0,0,9999.0,2.64,1,0,0,0,0,0
1124.36,0,0,0,0,9999.0,2.45,1,0,0,0,0,0
70.63,0,0,0,0,9999.0,2.05,1,1,0,0,0,0
2621.44,0,0,0,0,9999.0,1.38,1,0,0,0,0,0
1615.62,0,0,0,0,9999.0,1.81,1,0,0,0,0,0
408.81,0,0,0,0,9999.0,2.78,1,0,0,1,0,0
1814.15,0,0,0,0,9999.0,1.76,1,0,0,0,0,0
257.06,0,0,0,0,9999.0,2.8,1,1,0,0,1,0
1080.66,0,0,0,0,9999.0,2.7,1,0,0,0,0,0
2354.26,0,0,0,0,9999.0,2.82,1,1,0,0,0,0
1890.82,0,0,0,0,9999.0,3.01,1,0,0,0,0,0
14.07,0,0,0,0,9999.0,2.19,1,0,0,1,0,0
31416.99,0,0,0,0,9999.0,1.53,1,1,0,0,1,0
27.84,0,0,0,0,9999.0,1.76,1,0,0,0,0,0
2689.98,0,0,0,0,9999.0,1.75,1,0,0,1,0,0
2114.81,1,0,0,0,9999.0,1.97,1,0,0,0,0,0
35012.71,0,0,0,0,9999.0,1.9,1,0,0,0,0,0
88.62,0,0,0,0,9999.0,1.31,1,0,0,0,0,0
2943.69,0,0,0,0,9999.0,1.46,1,0,0,0,0,0
2277.8,0,0,0,0,9999.0,1.57,1,1,0,0,1,0
131.4,0,0,0,0,9999.0,1.51,1,0,0,0,0,0
121.69,0,0,0,0,9999.0,1.88,1,1,0,0,0,0
2490.39,0,0,0,1,142.71922135853617,1.38,1,0,0,0,1,0
481.87,0,0,0,0,9999.0,2.04,1,0,0,0,0,0
615.89,0,0,0,0,9999.0,2.87,1,0,0,0,0,0
1367.61,0,0,0,0,9999.0,2.74,1,1,0,0,0,0
16656.53,0,0,0,1,861.0983910308559,1.43,1,0,0,0,0,0
1793.76,0,0,0,0,9999.0,1.53,1,0,0,0,0,0
1518.41,0,0,0,0,9999.0,2.47,1,1,0,0,0,0
2267.47,0,0,0,0,9999.0,3.08,1,0,0,1,0,0
120.91,0,0,0,1,305.15342048411,1.36,1,0,0,0,0,0
85.85,0,0,0,0,9999.0,3.01,1,0,0,0,0,0
9999.0,1,0,0,0,4.9,3.86,1,1,1,0,1,1
141.23,0,0,0,0,9999.0,1.22,1,1,0,0,0,0
2032.2,0,0,0,0,9999.0,2.87,1,1,0,1,0,0
2738.64,0,0,0,0,9999.0,1.54,1,0,0,0,0,0
72.61,1,0,0,0,9999.0,1.92,1,0,0,0,0,0
66.6,0,0,0,0,9999.0,3.07,1,0,0,0,0,0
21871.47,0,1,1,0,13.1,3.01,1,1,0,0,0,1
105.16,0,0,0,0,9999.0,2.13,1,0,0,0,0,0
751.64,0,0,0,0,9999.0,2.14,1,0,0,0,0,0
131.38,0,0,0,0,9999.0,2.62,1,0,0,0,0,0
1430.63,0,0,0,0,9999.0,2.94,1,1,0,0,0,0
106.21,0,0,0,0,9999.0,2.82,1,0,0,0,1,0
2731.75,0,0,0,1,969.7842867034822,2.92,1,0,0,0,0,0
25087.98,0,0,0,0,9999.0,2.97,1,0,0,2,0,0
76.39,0,0,0,0,9999.0,2.88,1,0,0,0,0,0
1978.72,0,0,0,0,9999.0,1.89,1,0,0,0,1,0
144.73,0,0,0,0,9999.0,1.23,1,1,0,0,0,0
16.29,0,0,0,1,37.96008528927125,2.52,1,1,0,0,0,0
1736.27,0,0,0,0,9999.0,1.93,1,0,0,0,0,0
1130.27,0,0,0,0,9999.0,2.03,1,1,0,0,0,0
74.92,1,0,0,0,9999.0,1.77,1,0,0,0,1,0
815.69,1,0,0,1,1116.4713331226835,1.25,1,1,0,0,0,0
2982.65,0,0,0,0,9999.0,2.13,1,1,0,0,0,0
65.59,0,0,0,0,9999.0,1.39,1,0,0,1,1,0
15000.0,0,0,0,1,0.4,4.14,1,1,1,0,1,1
1370.18,0,0,0,0,9999.0,1.33,1,0,0,0,0,0
94.39,0,0,0,0,9999.0,2.43,1,0,0,0,0,0
1250.75,0,0,0,0,9999.0,2.55,1,1,0,1,0,0
2735.91,0,0,0,0,9999.0,1.69,1,1,0,0,0,0
1933.14,0,0,0,0,9999.0,3.05,1,0,0,0,0,0
47.44,0,0,0,0,9999.0,2.49,1,1,0,0,0,0
1500.0,0,0,0,1,26.9,4.8,1,1,0,2,0,1
10818.22,0,0,0,0,9999.0,2.22,1,0,0,0,1,0
1139.64,0,0,0,0,9999.0,2.03,1,0,0,0,0,0
95.63,0,0,0,0,9999.0,1.45,1,0,0,0,0,0
71.14,0,0,0,0,9999.0,2.93,1,1,0,0,1,0
2065.85,0,0,0,0,9999.0,2.48,1,0,0,0,0,0
1986.04,0,0,0,0,9999.0,2.5,1,0,0,0,0,0
84.93,0,0,0,0,9999.0,2.93,1,0,0,0,0,0
97.59,0,0,0,0,9999.0,1.98,1,0,0,1,0,0
113.38,0,0,0,0,9999.0,3.0,1,0,0,0,1,0
12.87,0,0,0,0,9999.0,2.69,1,0,0,0,0,0
19488.32,0,0,0,0,9999.0,2.54,1,1,0,0,0,0
11177.53,0,0,0,0,9999.0,1.32,1,0,0,0,0,0
1672.3,0,0,0,1,1053.0469282365234,2.99,1,0,0,0,0,0
31.57,0,0,0,0,9999.0,2.8,1,0,0,0,0,0
1121.06,0,0,0,0,9999.0,1.88,1,0,0,1,0,0
13.03,0,0,0,0,9999.0,2.33,1,1,0,0,0,0
67.16,0,0,0,0,9999.0,2.31,1,1,0,0,1,0
77588.24,1,0,0,0,24.5,3.09,1,1,0,2,0,1
117.31,0,0,0,0,9999.0,2.88,1,1,0,0,1,0
1497.41,0,0,0,0,9999.0,2.84,1,1,0,0,1,0
1865.21,1,0,0,0,9999.0,2.18,1,0,0,1,0,0
3605.84,1,0,0,1,7.8,4.3,0,1,0,0,1,1
453.54,0,0,0,0,9999.0,1.87,1,0,0,0,0,0
95.51,0,0,0,0,9999.0,2.7,1,1,0,0,0,0
57.07,0,0,0,0,9999.0,2.31,1,0,0,0,0,0
115.39,0,0,0,0,9999.0,1.29,1,0,0,0,0,0
1473.69,0,0,0,0,9999.0,2.73,1,1,0,0,1,0
30410.66,0,0,0,0,9999.0,2.08,1,0,0,0,1,0
44.75,0,0,0,0,9999.0,2.93,1,0,0,0,0,0
58.37,0,0,0,0,9999.0,2.06,1,1,0,0,1,0
114.75,0,0,0,0,9999.0,2.34,1,0,0,0,1,0
1649.28,0,1,0,0,9999.0,1.81,1,1,0,0,0,0
130.76,0,0,0,0,9999.0,1.74,1,1,0,0,1,0
1826.76,0,0,0,0,9999.0,2.84,1,1,0,0,0,0
143.77,0,0,0,0,9999.0,2.19,1,1,0,0,1,0
2242.68,1,0,0,1,14.3,4.72,1,1,0,0,0,1
2447.84,0,0,0,0,9999.0,2.64,1,1,0,0,0,0
20.1,1,0,0,0,9999.0,1.6,1,0,0,0,1,0
2234.7,0,0,0,0,9999.0,2.33,1,1,0,1,1,0
2711.12,0,0,0,0,9999.0,2.71,1,1,0,0,0,0
45.94,0,0,0,0,9999.0,1.44,1,1,0,0,1,0
1495.24,0,0,0,0,9999.0,2.82,1,0,0,0,0,0
2463.28,1,0,0,0,9999.0,1.88,1,0,0,0,0,0
15000.0,0,0,0,1,7.2,4.04,1,0,1,2,0,1
2232.42,0,0,0,1,283.1568578197753,3.01,1,1,0,1,0,0
504.99,0,0,0,0,9999.0,2.78,1,0,0,0,0,0
62.12,0,0,0,0,9999.0,2.34,1,0,0,1,0,0
25000.0,1,0,0,0,5.1,3.22,1,1,1,1,1,1
1572.83,0,0,0,0,9999.0,2.38,1,1,0,2,0,0
2494.6,0,0,0,0,9999.0,2.83,1,1,0,1,0,0
2040.17,0,0,0,0,9999.0,3.05,1,1,0,0,0,0
1026.3,0,0,0,0,9999.0,2.48,1,0,0,0,0,0
72.57,0,0,0,0,9999.0,2.99,1,0,0,1,1,0
43256.64,0,0,0,0,9999.0,2.82,1,0,0,0,0,0
135.34,0,0,0,0,9999.0,2.3,1,0,0,0,0,0
1201.22,0,0,0,0,9999.0,1.93,1,0,0,0,0,0
109.47,0,0,0,0,9999.0,1.76,1,0,0,0,0,0
2063.1,0,0,0,0,9999.0,1.76,1,0,0,0,0,0
91.75,1,0,0,0,9999.0,2.38,1,0,0,0,0,0
818.09,0,0,0,0,9999.0,3.03,1,0,0,0,0,0
1833.79,0,0,0,0,9999.0,1.91,1,1,0,1,0,0
87.24,0,0,0,0,9999.0,1.73,1,1,0,1,0,0
109.68,0,0,0,0,9999.0,2.94,1,0,0,0,1,0
1542.85,0,0,0,0,9999.0,1.75,1,0,0,0,0,0
151316.5,1,0,1,1,31.5,4.52,0,0,0,2,1,1
2306.32,0,0,0,0,9999.0,2.91,1,0,0,0,1,0
778.94,0,0,0,0,9999.0,1.74,1,0,0,0,0,0
80.82,0,0,0,0,9999.0,2.42,1,1,0,2,0,0
8000.0,0,0,0,1,26.5,4.18,1,1,0,0,0,1
2500.0,1,0,0,1,3.6,3.32,0,0,1,1,1,1
12.33,0,0,0,1,582.7581490713576,2.8,1,1,0,0,0,0
44912.59,0,0,0,1,1027.9420312138193,2.67,1,0,0,0,0,0
28307.13,0,0,0,1,1362.9688444849237,1.55,1,0,0,0,0,0
2179.74,0,0,0,0,9999.0,2.0,1,0,0,1,0,0
1904.13,0,0,0,0,9999.0,1.99,1,0,0,0,0,0
30.64,0,0,0,0,9999.0,1.62,1,0,0,0,0,0
2996.23,0,0,0,0,9999.0,2.99,1,0,0,0,0,0
2297.36,0,0,0,1,1126.9000569866705,1.67,1,0,0,2,0,0
78.4,0,0,0,0,9999.0,1.99,1,1,0,1,0,0
84.13,0,0,0,0,9999.0,1.29,1,0,0,1,0,0
513.93,0,0,0,0,9999.0,2.44,1,0,0,2,0,0
710.52,0,0,0,0,9999.0,2.33,1,0,0,0,0,0
15208.07,0,0,0,0,9999.0,2.21,1,0,0,0,0,0
861.01,1,0,0,0,9999.0,3.01,1,0,0,0,0,0
22.23,0,0,0,0,9999.0,2.24,1,0,0,0,0,0
121.53,0,0,0,0,9999.0,2.31,1,0,0,0,0,0
37001.5,1,0,1,1,2.8,3.38,1,0,0,2,0,1
2680.53,0,0,0,0,9999.0,1.2,1,0,0,0,0,0
124.3,0,0,0,1,806.0403617848057,2.67,1,0,0,0,0,0
1719.4,0,0,0,0,9999.0,2.92,1,0,0,0,1,0
43.47,1,0,0,0,9999.0,2.4,1,1,0,1,0,0
2915.87,0,0,0,0,9999.0,3.08,1,0,0,2,0,0
92.54,0,0,0,0,9999.0,2.35,1,0,0,0,0,0
67.99,0,0,0,0,9999.0,1.86,1,0,0,1,0,0
76.79,0,0,0,0,9999.0,2.71,1,0,0,0,0,0
18190.74,1,1,0,0,28.2,3.84,1,1,0,0,1,1
1369.89,0,0,0,0,9999.0,1.73,1,0,0,0,1,0
2986.78,0,0,0,0,9999.0,3.01,1,0,0,0,1,0
1564.53,1,0,0,1,5.8,3.78,1,1,0,2,0,1
110.7,0,0,0,0,9999.0,2.07,1,0,0,0,0,0
138.85,0,0,0,1,452.9484657429025,2.07,1,1,0,0,1,0
63.02,0,0,0,0,9999.0,1.36,1,1,0,0,0,0
56.03,0,0,0,1,383.4039766268674,2.76,1,0,0,1,0,0
2072.35,0,0,0,0,9999.0,2.83,1,1,0,0,0,0
2295.12,0,0,0,1,298.0251969515266,2.36,1,0,0,0,1,0
3648.71,0,0,0,1,9.0,3.73,1,1,0,0,1,1
71.08,0,0,0,0,9999.0,2.04,1,0,0,0,0,0
27.37,0,0,0,0,9999.0,1.22,1,1,0,0,0,0
87.88,0,0,0,0,9999.0,1.72,1,0,0,0,0,0
50.05,0,0,0,0,9999.0,1.32,1,1,0,0,0,0
2756.05,0,0,0,0,9999.0,2.28,1,0,0,0,0,0
140.2,0,0,0,0,9999.0,1.82,1,1,0,0,1,0
630.61,0,0,0,0,9999.0,2.71,1,0,0,0,0,0
67.42,0,0,0,0,9999.0,2.04,1,1,0,1,0,0
2871.26,0,0,0,0,9999.0,2.1,1,1,0,0,0,0
21342.59,1,1,0,1,2.9,3.5,1,1,0,2,0,1
68.37,0,0,0,0,9999.0,1.89,1,0,0,1,1,0
124.44,0,0,0,0,9999.0,1.73,1,1,0,0,1,0
141.48,0,0,0,0,9999.0,1.28,1,0,0,1,0,0
2577.66,0,0,0,0,9999.0,2.32,1,0,0,0,0,0
141.6,0,0,0,0,9999.0,2.24,1,0,0,0,1,0
88.38,0,0,0,0,9999.0,1.99,1,1,0,1,0,0
26.05,0,0,0,0,9999.0,2.8,1,0,0,1,0,0
1062.59,0,0,0,0,9999.0,2.71,1,0,0,1,0,0
1500.0,0,0,0,1,11.9,4.04,1,0,0,1,0,1
56.37,0,0,0,0,9999.0,1.33,1,0,0,0,0,0
529.25,0,0,0,0,9999.0,1.83,1,0,0,0,0,0
64.52,0,0,0,0,9999.0,2.43,1,0,0,0,1,0
127.69,0,0,0,0,9999.0,2.85,1,0,0,0,0,0
1670.76,0,0,0,0,9999.0,2.08,1,1,0,0,0,0
140.26,0,0,0,0,9999.0,1.74,1,0,0,0,0,0
14.99,1,0,0,0,9999.0,3.05,1,0,0,0,0,0
566.41,0,0,0,0,9999.0,2.72,1,0,0,0,0,0
38.48,0,0,0,0,9999.0,1.74,1,1,0,0,0,0
10507.1,0,0,0,0,9999.0,2.63,1,0,0,0,1,0
70.62,1,0,0,0,9999.0,1.61,1,0,0,0,1,0
32988.0,1,0,0,1,8.8,3.98,1,1,0,2,0,1
1918.3,0,0,0,0,9999.0,1.79,1,1,0,0,0,0
134.65,0,0,0,0,9999.0,2.84,1,0,0,0,0,0
48.87,0,0,0,0,9999.0,2.43,1,0,0,0,0,0
144.42,0,0,0,0,9999.0,2.51,1,1,0,1,0,0
565.61,1,0,0,0,9999.0,2.56,1,0,0,0,0,0
37228.46,1,0,0,1,6.5,3.59,1,1,0,2,0,1
2277.97,0,0,0,0,9999.0,1.68,1,1,0,0,0,0
97.06,0,0,0,0,9999.0,1.88,1,0,0,0,0,0
391.79,0,0,0,0,9999.0,1.6,1,0,0,0,1,0
2975.65,1,0,0,0,9999.0,2.21,1,0,0,0,0,0
1119.32,0,0,0,0,9999.0,2.76,1,0,0,0,1,0
2462.29,0,0,0,0,9999.0,3.03,1,1,0,0,1,0
26.31,0,0,0,0,9999.0,2.96,1,1,0,1,0,0
70.26,1,0,0,1,968.112554138334,1.59,1,1,0,0,0,0
48.41,0,0,0,0,9999.0,2.0,1,0,0,1,0,0
116.14,1,0,0,0,9999.0,2.5,1,0,0,0,0,0
77637.25,1,1,1,1,8.0,4.22,1,1,0,0,0,1
805.81,0,0,0,0,9999.0,2.47,1,0,0,0,0,0
1116.42,0,0,0,1,1350.472023071602,2.51,1,0,0,0,0,0
53.96,0,0,0,0,9999.0,1.43,1,0,0,0,0,0
13750.72,1,1,0,1,13.4,4.26,1,0,0,0,0,1
2956.07,0,0,0,0,9999.0,2.18,1,1,0,1,1,0
145.81,0,0,0,0,9999.0,2.68,1,0,0,0,0,0
2647.08,0,0,0,0,9999.0,1.5,1,1,0,0,0,0
2335.48,0,0,0,0,9999.0,3.09,1,1,0,0,1,0
651.47,1,0,0,0,9999.0,2.56,1,1,0,0,0,0
41.08,0,0,0,0,9999.0,2.24,1,1,0,0,0,0
92.28,0,0,0,0,9999.0,2.3,1,0,0,0,0,0
75.43,0,0,0,0,9999.0,1.5,1,0,0,0,0,0
1843.06,0,0,0,0,9999.0,1.39,1,0,0,1,0,0
117.97,0,0,0,0,9999.0,2.94,1,1,0,1,1,0
2269.12,0,0,0,0,9999.0,2.94,1,1,0,0,0,0
73.17,0,0,0,0,9999.0,1.96,1,1,0,0,0,0
1119.9,0,0,0,0,9999.0,1.39,1,0,0,0,1,0
2068.26,0,0,0,0,9999.0,2.58,1,0,0,0,0,0
11.38,0,0,0,0,9999.0,2.73,1,0,0,0,0,0
1457.28,0,0,0,0,9999.0,1.51,1,0,0,0,0,0
818.88,0,0,0,1,905.5626631516936,2.51,1,0,0,1,0,0
1312.82,0,0,0,0,9999.0,1.93,1,0,0,0,0,0
40393.87,0,0,0,0,9999.0,2.39,1,1,0,0,0,0
284.4,0,0,0,0,9999.0,1.75,1,0,0,0,0,0
673.08,0,0,0,0,9999.0,1.82,1,0,0,0,1,0
95.32,0,0,0,0,9999.0,2.48,1,0,0,0,0,0
34507.95,1,1,1,1,19.7,2.96,1,1,0,2,1,1
1028.03,0,0,0,0,9999.0,2.64,1,0,0,0,0,0
2438.49,0,0,0,0,9999.0,1.65,1,1,0,0,0,0
1348.8,1,0,0,0,9999.0,2.5,1,0,0,0,1,0
52.29,0,0,0,0,9999.0,1.81,1,0,0,0,0,0
2378.14,0,0,0,0,9999.0,2.37,1,1,0,0,0,0
99.22,0,0,0,0,9999.0,1.9,1,1,0,1,0,0
1173.87,0,0,0,0,9999.0,1.76,1,0,0,0,0,0
29948.07,1,0,0,1,16.0,3.61,0,1,0,2,0,1
2938.1,0,0,0,0,9999.0,2.73,1,0,0,1,1,0
121.5,0,0,0,0,9999.0,1.68,1,0,0,0,0,0
21.7,0,0,0,0,9999.0,2.81,1,1,0,0,0,0
465.03,0,0,0,1,772.5903548170965,1.76,1,1,0,0,0,0
119.88,0,0,0,0,9999.0,2.02,1,0,0,0,0,0
2198.38,0,0,0,0,9999.0,2.46,1,0,0,0,0,0
2405.62,0,0,0,0,9999.0,2.29,1,0,0,0,1,0
77.0,0,0,0,0,9999.0,2.17,1,0,0,0,0,0
136.78,0,0,0,0,9999.0,2.28,1,0,0,0,0,0
86.48,0,0,0,0,9999.0,1.32,1,1,0,0,0,0
1614.54,0,0,0,0,9999.0,2.33,1,1,0,1,0,0
60.23,0,0,0,0,9999.0,1.98,1,1,0,0,1,0
70.68,0,0,0,0,9999.0,2.54,1,0,0,1,0,0
2519.43,0,0,0,0,9999.0,2.7,1,1,0,1,1,0
7343.5,1,1,1,1,19.5,3.16,0,1,0,0,0,1
97.95,0,0,0,0,9999.0,2.9,1,1,0,2,0,0
1290.38,0,0,0,0,9999.0,2.91,1,0,0,1,0,0
146.59,0,0,0,0,9999.0,2.35,1,1,0,0,1,0
1152.8,0,0,0,0,9999.0,1.54,1,1,0,1,1,0
835.39,0,0,0,0,9999.0,2.39,1,1,0,1,0,0
113.47,0,0,0,0,9999.0,2.08,1,0,0,0,0,0
19.27,0,0,0,0,9999.0,2.07,1,1,0,0,0,0
1910.83,0,0,0,0,9999.0,1.35,1,0,0,0,0,0
1482.37,0,0,0,0,9999.0,2.49,1,0,0,0,0,0
212.91,0,0,0,0,9999.0,2.43,1,0,0,0,1,0
29.43,0,0,0,0,9999.0,1.35,1,0,0,1,0,0
1413.38,0,0,0,1,962.8722100768332,2.71,1,0,0,1,0,0
1145.22,0,0,0,0,9999.0,3.04,1,0,0,1,0,0
102.28,0,0,0,0,9999.0,3.06,1,0,0,0,0,0
2644.92,0,0,0,0,9999.0,2.17,1,0,0,0,0,0
1713.67,1,0,0,0,9999.0,1.67,1,0,0,0,0,0
1337.13,0,0,0,1,715.0109476833339,2.84,1,0,0,0,0,0
23.09,1,0,0,0,9999.0,1.73,1,0,0,2,0,0
355.63,0,0,0,1,993.3621186448164,2.56,1,0,0,0,0,0
1348.42,0,0,0,0,9999.0,1.48,1,0,0,0,0,0
106.64,1,0,0,0,9999.0,2.61,1,0,0,1,0,0
90.36,0,0,0,0,9999.0,2.91,1,1,0,0,0,0
88.5,0,0,0,0,9999.0,2.03,1,0,0,0,1,0
1500.0,0,0,0,1,9.9,3.96,1,1,0,0,0,1
127.88,0,0,0,0,9999.0,1.43,1,0,0,2,0,0
1153.21,0,0,0,0,9999.0,2.43,1,1,0,2,0,0
2437.14,0,0,0,0,9999.0,2.98,1,0,0,0,0,0
809.32,0,0,0,0,9999.0,2.13,1,0,0,0,1,0
2923.69,0,0,0,0,9999.0,2.61,1,0,0,0,0,0
3504.78,1,0,0,0,7.2,4.48,0,1,0,0,0,1
2041.37,0,0,0,0,9999.0,3.09,1,1,0,1,0,0
139.62,0,0,0,0,9999.0,2.67,1,0,0,1,0,0
74.25,0,0,0,0,9999.0,1.71,1,0,0,1,0,0
85.71,0,0,0,0,9999.0,2.95,1,0,0,0,0,0
1412.47,0,0,0,1,370.7888186871068,2.08,1,1,0,0,0,0
121.73,0,0,0,0,9999.0,3.04,1,1,0,0,0,0
21.16,0,0,0,1,452.7208675580458,2.38,1,0,0,1,0,0
1960.5,0,0,0,0,9999.0,2.74,1,1,0,0,0,0
1145.76,0,0,0,1,1034.8040179869483,2.94,1,1,0,0,0,0
2005.17,0,0,0,0,9999.0,2.22,1,0,0,1,1,0
641.62,0,0,0,0,9999.0,1.83,1,0,0,0,1,0
1266.23,0,0,0,0,9999.0,2.34,1,0,0,0,0,0
25000.0,0,0,0,1,30.2,3.26,1,1,0,1,1,1
137.95,1,0,0,0,9999.0,1.85,1,0,0,0,0,0
25859.68,0,0,0,0,9999.0,2.98,1,1,0,0,0,0
37116.78,1,1,0,1,23.3,3.47,1,1,0,2,0,1
1884.58,0,0,0,0,9999.0,1.21,1,0,0,0,0,0
79.36,0,0,0,0,9999.0,3.01,1,0,0,0,0,0
2762.92,0,0,0,0,9999.0,1.59,1,0,0,1,0,0
105.17,0,0,0,0,9999.0,2.54,1,1,0,0,0,0
22828.87,0,0,0,0,9999.0,3.06,1,0,0,0,0,0
33453.74,0,0,0,0,9999.0,2.64,1,0,0,0,0,0
2524.68,0,0,0,0,9999.0,1.64,1,0,0,0,0,0
25000.0,0,0,0,1,41.1,3.64,1,1,0,0,0,1
82.15,0,0,0,0,9999.0,2.58,1,0,0,0,1,0
2330.59,0,0,0,0,9999.0,2.57,1,0,0,0,0,0
623.02,0,0,0,0,9999.0,3.05,1,0,0,1,0,0
2057.53,0,0,0,0,9999.0,3.03,1,0,0,0,1,0
2483.16,0,0,0,0,9999.0,2.01,1,0,0,0,0,0
59.58,0,0,0,0,9999.0,1.42,1,0,0,1,0,0
1253.11,0,0,0,0,9999.0,1.44,1,1,0,0,0,0
1249.13,0,0,0,1,1011.0005762341264,2.94,1,0,0,0,0,0
1609.66,0,0,0,0,9999.0,2.29,1,0,0,0,0,0
2855.87,0,0,0,0,9999.0,1.78,1,0,0,0,0,0
1369.75,0,0,0,0,9999.0,2.29,1,1,0,0,0,0
1800.71,0,0,0,0,9999.0,2.56,1,1,0,0,0,0
2885.33,1,1,0,0,9999.0,3.02,1,1,0,0,0,0
123.21,0,0,0,0,9999.0,1.48,1,0,0,0,0,0
2333.7,0,0,0,0,9999.0,1.77,1,0,0,0,0,0
1603.93,0,0,0,0,9999.0,2.38,1,0,0,1,0,0
46.97,0,0,0,0,9999.0,1.63,1,0,0,2,0,0
112.89,0,0,0,0,9999.0,1.57,1,0,0,0,0,0
2084.74,0,0,0,0,9999.0,1.34,1,0,0,1,0,0
370.27,0,0,0,0,9999.0,2.35,1,1,0,0,0,0
37.44,0,0,0,0,9999.0,1.95,1,0,0,0,0,0
106.35,0,0,0,0,9999.0,1.78,1,0,0,1,0,0
19776.82,1,1,0,1,24.5,3.04,1,0,0,1,0,1
1810.13,0,0,0,0,9999.0,2.62,1,1,0,0,0,0
836.29,0,0,0,0,9999.0,2.55,1,1,0,0,0,0
23.97,0,0,0,0,9999.0,2.75,1,0,0,0,0,0
49.52,1,0,0,0,9999.0,1.72,1,1,0,0,0,0
2152.99,0,0,0,0,9999.0,2.92,1,1,0,0,0,0
101.79,0,0,0,0,9999.0,2.07,1,0,0,1,0,0
104.6,0,0,0,0,9999.0,1.61,1,1,0,0,1,0
31180.07,0,0,0,0,9999.0,2.8,1,0,0,0,0,0
1164.79,0,0,0,1,247.8475542083778,1.79,1,0,0,1,0,0
99.01,0,0,0,1,637.7712154486874,2.5,1,0,0,0,0,0
73.85,0,0,0,0,9999.0,2.75,1,0,0,0,0,0
62.92,0,0,0,0,9999.0,1.95,1,1,0,2,0,0
43506.37,0,0,0,0,9999.0,1.54,1,0,0,0,0,0
24937.86,0,0,0,0,9999.0,1.88,1,1,0,0,0,0
32.48,0,0,0,1,795.426044954188,1.79,1,0,0,0,0,0
2299.9,0,0,0,0,9999.0,2.44,1,1,0,0,1,0
13112.29,0,0,0,0,9999.0,2.11,1,0,0,0,0,0
763.81,1,0,0,0,9999.0,1.27,1,0,0,1,0,0
74.41,0,0,0,0,9999.0,1.7,1,0,0,1,0,0
1939.63,0,0,0,0,9999.0,1.29,1,0,0,0,0,0
897.15,0,0,0,0,9999.0,2.08,1,1,0,0,1,0
99.4,0,0,0,0,9999.0,2.39,1,0,0,0,0,0
3000.0,0,0,0,1,4.9,3.05,1,0,0,2,1,1
140.11,0,0,0,1,633.2516402005128,2.09,1,1,0,1,0,0
1711.64,0,0,0,0,9999.0,2.58,1,0,0,1,0,0
977.55,0,0,0,0,9999.0,2.88,1,1,0,1,0,0
127.08,0,0,0,0,9999.0,2.74,1,1,0,0,0,0
9999.0,1,0,0,1,0.8,4.79,0,0,1,2,1,1
2181.15,1,0,0,0,9999.0,2.02,1,0,0,0,0,0
9999.0,1,0,0,1,7.0,4.41,1,1,1,2,1,1
1939.18,0,0,0,0,9999.0,1.24,1,0,0,1,0,0
750.06,0,0,0,0,9999.0,2.73,1,0,0,1,0,0
372.18,0,0,0,0,9999.0,1.49,1,0,0,0,1,0
1661.62,0,0,0,0,9999.0,2.58,1,0,0,0,0,0
849.75,0,0,0,0,9999.0,2.88,1,0,0,0,1,0
293.73,0,0,0,0,9999.0,2.94,1,1,0,1,0,0
885.03,0,0,0,0,9999.0,2.04,1,0,0,1,0,0
212.71,0,0,0,0,9999.0,2.91,1,0,0,0,0,0
88.98,0,0,0,0,9999.0,1.91,1,1,0,0,0,0
23.27,0,0,0,0,9999.0,2.26,1,0,0,0,0,0
61.36,0,0,0,0,9999.0,2.36,1,1,0,0,1,0
3862.22,1,0,0,1,9.1,2.8,0,0,0,2,0,1
92.35,0,0,0,0,9999.0,3.0,1,0,0,2,0,0
140.42,0,0,0,0,9999.0,1.41,1,0,0,0,0,0
2242.16,0,0,0,0,9999.0,2.01,1,0,0,1,0,0
55.14,0,0,0,0,9999.0,2.64,1,1,0,0,0,0
137.8,0,0,0,0,9999.0,1.77,1,0,0,0,1,0
70.25,0,0,0,0,9999.0,2.69,1,0,0,0,0,0
111.05,0,0,0,0,9999.0,2.87,1,0,0,0,0,0
6153.3,0,0,0,1,5.7,3.97,1,1,0,0,1,1
32790.87,0,0,0,0,9999.0,2.56,1,0,0,0,0,0
54.96,0,0,0,0,9999.0,3.09,1,0,0,0,0,0
20.57,0,0,0,0,9999.0,2.93,1,0,0,1,0,0
76.16,0,0,0,0,9999.0,2.43,1,1,0,1,0,0
126.1,0,0,0,0,9999.0,2.6,1,0,0,0,0,0
136.07,0,0,0,0,9999.0,2.52,1,1,0,0,0,0
1450.9,0,0,0,0,9999.0,2.6,1,0,0,0,0,0
2412.03,1,0,0,0,9999.0,1.91,1,1,0,0,0,0
2402.07,0,0,0,0,9999.0,2.26,1,0,0,1,0,0
1150.12,1,0,0,0,9999.0,1.67,1,0,0,0,0,0
2904.33,1,0,0,0,9999.0,3.06,1,0,0,0,0,0
268.83,0,0,0,0,9999.0,2.39,1,1,0,0,0,0
2605.67,0,0,0,0,9999.0,1.93,1,1,0,0,0,0
2244.32,0,0,0,0,9999.0,2.38,1,1,0,2,1,0
949.25,0,0,0,0,9999.0,1.49,1,1,0,1,1,0
597.23,0,0,0,0,9999.0,2.71,1,1,0,0,0,0
84.37,0,0,0,0,9999.0,1.46,1,0,0,0,0,0
20086.12,0,0,0,0,9999.0,1.32,1,0,0,2,0,0
2507.85,0,0,0,0,9999.0,2.9,1,0,0,0,0,0
24.05,0,0,0,0,9999.0,1.83,1,0,0,0,0,0
51.1,0,0,0,0,9999.0,2.1,1,0,0,1,0,0
25000.0,0,0,0,1,2.9,3.11,1,0,1,1,0,1
4453.35,1,1,0,0,8.3,3.17,1,1,0,2,1,1
48.54,0,0,0,0,9999.0,2.33,1,0,0,0,0,0
34.23,0,0,0,0,9999.0,2.37,1,0,0,0,0,0
30018.29,0,0,0,0,9999.0,3.0,1,0,0,0,1,0
81.54,0,0,0,0,9999.0,2.35,1,0,0,1,0,0
39703.29,0,0,0,0,9999.0,1.69,1,0,0,1,1,0
993.1,0,0,0,0,9999.0,1.41,1,0,0,1,0,0
39786.49,0,0,0,0,9999.0,2.63,1,0,0,0,0,0
88.27,0,0,0,0,9999.0,1.7,1,0,0,0,0,0
76.86,0,0,0,0,9999.0,1.97,1,1,0,2,0,0
79.89,0,0,0,0,9999.0,1.44,1,1,0,2,0,0
27.95,0,0,0,0,9999.0,2.64,1,0,0,0,1,0
63.41,0,0,0,0,9999.0,1.53,1,1,0,0,1,0
49.27,0,0,0,0,9999.0,1.99,1,1,0,0,1,0
82.19,0,0,0,0,9999.0,1.49,1,0,0,0,0,0
2064.3,0,0,0,0,9999.0,1.58,1,0,0,0,0,0
112.43,0,0,0,1,974.4779372706824,2.09,1,1,0,1,0,0
5548.46,1,0,0,1,11.8,3.32,1,1,0,2,0,1
64.14,0,0,0,0,9999.0,2.88,1,1,0,0,0,0
1045.13,0,0,0,1,745.730640417998,2.46,1,0,0,0,0,0
2162.54,0,0,0,0,9999.0,1.46,1,0,0,0,0,0
204.05,0,0,0,0,9999.0,1.87,1,1,0,1,1,0
1129.62,0,0,0,0,9999.0,1.66,1,1,0,0,0,0
857.54,1,0,0,1,1037.2229716068186,1.76,1,0,0,1,0,0
62.02,0,0,0,0,9999.0,3.06,1,0,0,0,0,0
498.52,1,0,0,0,9999.0,1.64,1,0,0,0,0,0
66.17,0,0,0,0,9999.0,2.28,1,0,0,0,0,0
2038.26,0,0,0,0,9999.0,3.09,1,0,0,0,0,0
1583.4,0,0,0,1,673.3211026101823,2.37,1,1,0,0,1,0
1065.47,0,0,0,0,9999.0,2.16,1,0,0,0,0,0
1949.96,0,0,0,0,9999.0,2.86,1,0,0,0,1,0
11337.03,0,0,0,1,313.12555268959375,2.96,1,0,0,0,0,0
2929.46,0,0,0,0,9999.0,2.35,1,1,0,1,0,0
46.31,0,0,0,0,9999.0,1.91,1,0,0,0,1,0
88.82,0,0,0,0,9999.0,2.15,1,0,0,0,0,0
1302.11,0,0,0,0,9999.0,2.81,1,1,0,0,0,0
2785.17,0,0,0,0,9999.0,2.41,1,1,0,2,0,0
44.27,0,0,0,0,9999.0,1.84,1,0,0,0,0,0
1556.96,0,0,0,0,9999.0,2.87,1,1,0,0,0,0
137.48,0,0,0,0,9999.0,1.4,1,0,0,1,0,0
73.12,1,0,0,0,9999.0,2.52,1,1,0,0,0,0
66.12,0,0,0,0,9999.0,1.84,1,0,0,0,1,0
1122.48,0,0,0,0,9999.0,2.17,1,0,0,0,0,0
136.9,0,0,0,1,315.8304010800694,2.83,1,0,0,1,0,0
20198.85,1,1,1,1,18.0,3.93,1,1,0,2,0,1
1774.92,0,0,0,0,9999.0,2.89,1,0,0,0,1,0
832.38,0,0,0,1,141.62547067026054,2.91,1,0,0,0,1,0
1529.73,0,0,0,0,9999.0,1.86,1,0,0,0,0,0
126.32,0,0,0,1,607.0261398369214,2.98,1,1,0,0,0,0
1621.82,0,0,0,1,538.7063446440557,2.47,1,0,0,1,0,0
2607.65,0,0,0,0,9999.0,1.21,1,0,0,0,0,0
2397.72,0,0,0,1,971.0948784164434,2.22,1,1,0,0,0,0
110.66,0,0,0,0,9999.0,2.77,1,1,0,0,0,0
97.24,0,0,0,0,9999.0,2.88,1,1,0,1,0,0
1282.19,0,0,0,0,9999.0,2.2,1,0,0,1,1,0
104.74,0,0,0,0,9999.0,1.99,1,0,0,0,0,0
83.65,0,0,0,0,9999.0,1.22,1,0,0,0,0,0
402.65,0,0,0,0,9999.0,1.4,1,0,0,1,1,0
1687.89,0,0,0,0,9999.0,3.05,1,0,0,1,0,0
142.11,0,0,0,0,9999.0,2.15,1,0,0,0,1,0
23.31,0,0,0,0,9999.0,1.66,1,0,0,1,1,0
922.63,0,0,0,0,9999.0,2.96,1,0,0,0,0,0
2178.16,0,0,0,0,9999.0,1.26,1,0,0,0,0,0
1516.34,0,0,0,0,9999.0,3.03,1,0,0,0,0,0
10.84,0,0,0,0,9999.0,1.61,1,1,0,0,0,0
776.16,0,0,0,0,9999.0,1.69,1,1,0,0,0,0
113.8,0,0,0,0,9999.0,1.5,1,0,0,1,0,0
1652.74,0,0,0,0,9999.0,1.55,1,0,0,0,0,0
1783.12,0,0,0,0,9999.0,2.54,1,0,0,0,0,0
1472.81,0,0,0,1,625.3855579917786,2.05,1,1,0,1,0,0
50.5,0,0,0,0,9999.0,2.49,1,0,0,1,0,0
392.99,0,0,0,0,9999.0,1.39,1,0,0,0,0,0
2257.76,0,0,0,0,9999.0,3.07,1,0,0,1,0,0
148.01,0,0,0,0,9999.0,2.72,1,1,0,1,0,0
1378.52,0,0,0,0,9999.0,2.44,1,0,0,0,0,0
20074.68,1,1,0,1,22.5,4.09,1,0,0,2,1,1
138.11,0,0,0,0,9999.0,2.01,1,0,0,0,0,0
139.87,0,0,0,0,9999.0,2.28,1,1,0,0,1,0
17.75,0,0,0,0,9999.0,1.86,1,0,0,0,0,0
45.83,0,0,0,0,9999.0,1.78,1,0,0,0,1,0
1916.42,0,0,0,0,9999.0,1.21,1,1,0,0,0,0
2292.97,0,0,0,0,9999.0,1.51,1,1,0,0,0,0
88.82,0,0,0,0,9999.0,2.65,1,1,0,0,0,0
130.33,0,0,0,0,9999.0,1.79,1,0,0,0,0,0
25000.0,0,0,0,1,7.3,3.69,1,1,0,1,0,1
89.78,0,0,0,0,9999.0,1.61,1,0,0,0,0,0
114.64,0,0,0,0,9999.0,1.93,1,0,0,0,0,0
1391.66,0,0,0,0,9999.0,2.12,1,0,0,0,0,0
1124.65,0,0,0,0,9999.0,2.88,1,0,0,1,0,0
1146.96,0,0,0,0,9999.0,1.28,1,0,0,0,0,0
132.41,0,0,0,0,9999.0,1.47,1,1,0,0,0,0
1390.5,0,0,0,0,9999.0,2.48,1,0,0,2,0,0
1784.33,1,0,0,0,9999.0,2.16,1,1,0,1,0,0
38501.67,0,0,0,0,9999.0,2.99,1,0,0,1,0,0
63.73,0,0,0,0,9999.0,2.24,1,0,0,0,0,0
31.34,0,0,0,1,1309.2616273973754,2.44,1,0,0,0,0,0
3000.0,0,0,0,1,34.4,3.42,0,1,0,0,0,1
27.68,0,0,0,0,9999.0,2.08,1,1,0,0,0,0
1502.02,0,0,0,0,9999.0,2.7,1,1,0,0,0,0
5442.89,1,0,0,0,2.5,3.33,0,1,0,1,0,1
45353.66,0,1,0,1,19.8,4.56,0,1,0,2,1,1
33.31,0,0,0,1,1020.6539190239164,1.81,1,0,0,0,0,0
1699.94,0,0,0,0,9999.0,1.26,1,0,0,0,0,0
25633.03,0,0,0,0,9999.0,1.69,1,0,0,0,0,0
129.79,0,0,0,0,9999.0,2.15,1,1,0,0,0,0
2232.53,0,0,0,0,9999.0,1.28,1,1,0,0,0,0
59.06,0,0,0,0,9999.0,1.37,1,0,0,0,0,0
340.35,1,0,0,0,9999.0,1.57,1,0,0,0,0,0
1588.11,0,0,0,0,9999.0,2.4,1,0,0,0,0,0
740.85,0,0,0,0,9999.0,2.91,1,0,0,0,0,0
151044.9,0,0,0,1,32.3,3.74,0,1,0,2,0,1
2770.02,0,0,0,0,9999.0,1.22,1,0,0,0,0,0
2203.3,0,0,0,0,9999.0,2.76,1,1,0,0,0,0
1822.56,0,0,0,1,131.46837465736508,2.84,1,0,0,0,1,0
1116.78,0,0,0,0,9999.0,2.81,1,0,0,0,0,0
41.42,0,0,0,0,9999.0,1.9,1,1,0,0,0,0
52.79,0,0,0,1,1247.5905325915098,2.49,1,1,0,0,0,0
1064.85,1,0,0,0,9999.0,2.65,1,1,0,0,0,0
64.84,0,0,0,0,9999.0,2.92,1,1,0,1,0,0
8000.0,0,0,0,1,27.8,4.74,0,1,0,0,0,1
1301.17,0,0,0,0,9999.0,2.04,1,0,0,0,0,0
9999.0,0,0,0,1,3.5,4.8,0,1,1,1,1,1
38220.33,0,0,0,1,1439.8463976323817,1.27,1,0,0,1,0,0
112.26,0,0,0,0,9999.0,1.95,1,0,0,1,0,0
14.52,0,0,0,1,866.2109712295315,2.89,1,0,0,0,0,0
127.88,0,0,0,0,9999.0,1.76,1,1,0,0,0,0
13003.51,0,0,0,0,9999.0,1.22,1,0,0,0,0,0
407.41,0,0,0,0,9999.0,2.79,1,0,0,0,0,0
15259.04,1,0,1,1,21.7,4.54,1,1,0,2,1,1
1431.92,0,0,0,0,9999.0,1.46,1,0,0,0,0,0
77341.1,1,1,0,1,15.1,2.92,0,1,0,0,1,1
1339.2,0,0,0,1,759.7771093506668,2.75,1,0,0,1,0,0
64.12,1,0,0,0,9999.0,1.56,1,1,0,0,1,0
1210.92,0,0,0,1,1015.6829370074717,2.0,1,1,0,1,0,0
78.78,0,0,0,0,9999.0,1.9,1,0,0,0,0,0
789.99,0,0,0,0,9999.0,2.25,1,0,0,0,0,0
275.47,0,0,0,0,9999.0,1.37,1,0,0,0,1,0
1554.08,0,0,0,0,9999.0,1.37,1,0,0,0,0,0
45.12,0,0,0,0,9999.0,2.5,1,0,0,0,0,0
90.17,0,0,0,0,9999.0,1.55,1,0,0,2,0,0
2015.79,0,0,0,0,9999.0,3.0,1,1,0,0,1,0
13512.34,0,0,0,0,9999.0,2.03,1,1,0,0,1,0
13.91,0,0,0,0,9999.0,2.89,1,1,0,1,0,0
1671.15,0,0,0,1,592.1093198153285,3.02,1,0,0,0,0,0
1191.91,0,0,0,0,9999.0,2.23,1,0,0,0,1,0
3178.43,1,0,0,1,1.3,3.7,0,1,0,0,1,1
1354.73,0,0,0,0,9999.0,1.52,1,0,0,1,0,0
945.23,0,0,0,0,9999.0,1.43,1,0,0,0,0,0
2643.65,0,0,0,0,9999.0,1.73,1,0,0,0,1,0
33.35,0,0,0,1,766.9878115444283,1.53,1,0,0,0,0,0
1121.37,0,0,0,0,9999.0,1.7,1,1,0,0,0,0
1338.44,0,0,0,0,9999.0,2.69,1,1,0,0,0,0
112.4,0,0,0,0,9999.0,1.72,1,0,0,0,0,0
616.55,0,0,0,0,9999.0,2.82,1,0,0,0,0,0
98.74,0,0,0,0,9999.0,2.06,1,0,0,1,0,0
121.59,0,0,0,0,9999.0,1.82,1,0,0,1,0,0
1031.37,0,0,0,0,9999.0,1.38,1,1,0,1,0,0
43498.51,0,0,0,0,9999.0,2.83,1,0,0,0,0,0
512.78,0,0,0,0,9999.0,1.98,1,1,0,0,0,0
4552.23,0,0,0,1,14.7,3.92,0,1,0,2,1,1
1737.33,0,0,0,0,9999.0,1.73,1,0,0,0,0,0
76.6,1,0,0,0,9999.0,1.96,1,1,0,1,0,0
49.28,0,0,0,0,9999.0,2.9,1,0,0,1,0,0
1775.03,0,0,0,0,9999.0,2.34,1,0,0,0,1,0
27.0,1,0,0,0,9999.0,1.27,1,0,0,0,0,0
15000.0,0,0,0,1,1.7,4.28,1,1,1,2,0,1
119.29,0,0,0,0,9999.0,2.78,1,1,0,2,0,0
65.56,0,0,0,0,9999.0,1.41,1,0,0,1,0,0
2527.75,0,0,0,0,9999.0,2.16,1,0,0,1,0,0
1883.57,0,0,0,1,173.10268817436503,1.43,1,0,0,0,1,0
63.97,0,0,0,0,9999.0,2.31,1,0,0,0,0,0
108.56,0,0,0,0,9999.0,1.47,1,0,0,0,0,0
852.11,0,0,0,0,9999.0,2.6,1,0,0,0,0,0
1113.63,0,0,0,1,578.1763033184759,2.22,1,0,0,0,0,0
56.96,0,0,0,1,831.4228150206335,2.36,1,0,0,1,1,0
1310.88,0,0,0,0,9999.0,2.26,1,0,0,0,0,0
72.77,1,0,0,0,9999.0,2.71,1,0,0,0,1,0
373.93,0,0,0,1,913.613767174832,2.4,1,0,0,0,0,0
125.99,0,0,0,0,9999.0,1.67,1,0,0,0,0,0
8000.0,0,0,0,1,28.0,2.81,1,1,0,1,0,1
149.88,0,0,0,0,9999.0,1.76,1,0,0,1,0,0
2782.72,1,0,0,0,9999.0,2.14,1,1,0,0,0,0
24187.32,0,0,0,0,9999.0,2.07,1,1,0,0,1,0
27.88,0,0,0,0,9999.0,2.75,1,1,0,0,1,0
800.94,0,0,0,0,9999.0,1.85,1,0,0,0,0,0
2919.48,0,0,0,0,9999.0,2.93,1,0,0,0,0,0
2313.0,0,0,0,0,9999.0,1.49,1,0,0,1,0,0
140.49,0,0,0,0,9999.0,1.64,1,0,0,0,0,0
2038.66,0,0,0,0,9999.0,2.78,1,0,0,0,0,0
1968.55,0,0,0,0,9999.0,1.24,1,0,0,1,0,0
1360.71,0,0,0,0,9999.0,2.15,1,1,0,0,1,0
1148.95,0,0,0,0,9999.0,2.65,1,0,0,0,1,0
2496.62,0,0,0,0,9999.0,2.91,1,0,0,0,0,0
1376.1,0,0,0,1,1069.670282135054,2.95,1,0,0,1,0,0
51.67,0,0,0,0,9999.0,2.38,1,1,0,0,0,0
116.44,0,0,0,0,9999.0,2.3,1,1,0,0,0,0
271.01,0,0,0,0,9999.0,1.22,1,0,0,1,1,0
60.26,0,0,0,0,9999.0,2.17,1,0,0,0,0,0
1050.74,0,0,0,0,9999.0,2.59,1,0,0,0,0,0
2683.26,0,0,0,0,9999.0,1.62,1,1,0,0,0,0
1591.6,0,0,0,0,9999.0,1.44,1,0,0,2,0,0
119.49,0,0,0,0,9999.0,1.92,1,0,0,0,0,0
25000.0,0,0,0,1,3.6,3.14,1,1,1,0,1,1
1900.61,0,0,0,0,9999.0,2.62,1,1,0,1,0,0
2312.12,0,0,0,0,9999.0,2.21,1,0,0,0,0,0
1735.56,0,0,0,0,9999.0,1.62,1,0,0,0,0,0
2097.03,0,0,0,0,9999.0,2.27,1,1,0,0,0,0
139.51,1,0,0,0,9999.0,1.24,1,0,0,0,0,0
111.95,1,0,0,0,9999.0,2.44,1,0,0,1,0,0
2385.67,0,0,0,0,9999.0,2.53,1,1,0,0,0,0
10.12,1,0,0,0,9999.0,3.01,1,0,0,1,1,0
101.58,0,0,0,0,9999.0,1.55,1,1,0,0,0,0
777.3,0,0,0,0,9999.0,1.88,1,0,0,0,0,0
723.88,0,0,0,0,9999.0,2.09,1,1,0,0,0,0
17739.66,1,1,0,1,4.7,3.39,1,1,0,1,1,1
88.05,0,0,0,0,9999.0,1.44,1,0,0,0,1,0
1294.72,0,0,0,1,1150.1462317865933,2.27,1,0,0,0,1,0
9999.0,0,0,0,1,0.6,4.61,1,1,1,0,0,1
103.1,0,0,0,0,9999.0,1.6,1,0,0,0,0,0
10.03,0,0,0,0,9999.0,2.73,1,1,0,1,0,0
2513.66,0,0,0,0,9999.0,1.29,1,0,0,0,0,0
249.54,0,0,0,0,9999.0,2.41,1,0,0,0,0,0
3260.31,1,0,0,0,1.6,4.36,0,1,0,0,1,1
70.33,0,0,0,0,9999.0,1.83,1,0,0,1,1,0
2009.45,0,0,0,0,9999.0,2.26,1,1,0,1,1,0
51.41,0,0,0,0,9999.0,2.17,1,0,0,0,1,0
300.97,0,0,0,0,9999.0,1.36,1,1,0,1,0,0
121.66,0,0,0,0,9999.0,1.63,1,0,0,0,0,0
787.65,0,0,0,0,9999.0,1.64,1,1,0,0,1,0
66.85,0,0,0,0,9999.0,1.83,1,0,0,0,0,0
2159.42,0,0,0,0,9999.0,2.44,1,1,0,1,0,0
101.17,0,0,0,0,9999.0,1.39,1,1,0,1,0,0
1964.93,0,0,0,0,9999.0,1.92,1,0,0,0,1,0
1111.49,0,0,0,1,993.3529620766092,2.17,1,0,0,0,0,0
2794.09,1,0,0,0,9999.0,1.93,1,1,0,0,0,0
13.8,0,1,0,0,9999.0,3.05,1,1,0,1,0,0
498.01,0,0,0,1,436.99436527400974,2.13,1,0,0,0,0,0
2311.89,0,0,0,0,9999.0,1.27,1,0,0,0,0,0
377.82,0,0,0,0,9999.0,1.55,1,0,0,0,0,0
59.51,0,0,0,0,9999.0,2.37,1,0,0,0,0,0
64.03,0,0,0,1,1266.5933518809163,2.39,1,0,0,0,0,0
118.48,1,0,0,0,9999.0,1.43,1,0,0,1,0,0
1443.88,0,0,0,0,9999.0,1.79,1,1,0,0,1,0
1618.62,0,0,0,1,1433.4326664184405,2.44,1,1,0,0,1,0
2318.35,0,0,0,0,9999.0,2.92,1,1,0,1,0,0
1890.8,0,0,0,0,9999.0,2.98,1,0,0,0,0,0
1500.0,0,0,0,1,12.1,3.99,0,1,0,2,1,1
17.73,0,0,0,0,9999.0,2.17,1,0,0,0,0,0
47.17,0,0,0,0,9999.0,2.5,1,1,0,0,0,0
308.83,1,0,0,0,9999.0,2.19,1,0,0,0,0,0
1249.05,0,0,0,0,9999.0,1.36,1,1,0,0,0,0
28.87,0,0,0,0,9999.0,2.25,1,0,0,0,0,0
1338.93,0,0,0,0,9999.0,1.54,1,1,0,0,0,0
132.38,0,0,0,0,9999.0,2.18,1,0,0,0,0,0
1458.86,1,0,0,0,9999.0,3.08,1,1,0,0,0,0
81.5,0,0,0,0,9999.0,2.83,1,1,0,0,1,0
2671.83,0,0,0,0,9999.0,1.45,1,1,0,0,0,0
71.78,0,0,0,0,9999.0,2.14,1,0,0,1,0,0
84.03,0,0,0,0,9999.0,2.02,1,0,0,0,0,0
25.28,0,0,0,0,9999.0,2.88,1,0,0,0,0,0
102.12,0,0,0,1,725.2718597195825,2.9,1,1,0,1,0,0
118.24,0,0,0,0,9999.0,1.35,1,0,0,0,0,0
125.07,0,0,0,0,9999.0,3.08,1,0,0,0,0,0
2061.56,0,0,0,0,9999.0,2.07,1,0,0,0,0,0
832.31,1,0,0,0,9999.0,2.12,1,0,0,2,0,0
1500.0,1,0,0,1,44.0,3.87,0,1,0,2,0,1
317.53,0,0,0,0,9999.0,2.12,1,1,0,1,0,0
36.39,0,0,0,0,9999.0,1.69,1,0,0,0,0,0
233.61,0,0,0,0,9999.0,1.31,1,0,0,0,1,0
2836.31,0,0,0,0,9999.0,2.38,1,1,0,0,0,0
64.29,0,0,0,0,9999.0,2.8,1,0,0,0,1,0
1939.47,0,0,0,0,9999.0,2.04,1,0,0,1,0,0
142.01,0,0,0,0,9999.0,1.83,1,0,0,0,0,0
28583.6,0,0,0,1,2.0,3.85,1,1,0,0,1,1
145.15,0,0,0,0,9999.0,1.5,1,0,0,0,0,0
453.84,0,0,0,0,9999.0,1.76,1,0,0,0,1,0
2637.28,1,0,0,0,9999.0,2.55,1,0,0,0,1,0
37.54,0,0,0,0,9999.0,1.41,1,0,0,1,0,0
131.05,0,0,0,0,9999.0,1.8,1,0,0,0,0,0
1225.22,0,0,0,0,9999.0,2.8,1,1,0,0,0,0
2469.82,0,0,0,0,9999.0,1.41,1,0,0,0,0,0
1911.23,0,0,0,0,9999.0,2.18,1,1,0,1,0,0
42438.12,0,0,0,0,9999.0,3.05,1,0,0,0,0,0
2494.5,0,0,0,0,9999.0,1.92,1,0,0,0,0,0
67.6,0,0,0,0,9999.0,1.97,1,1,0,2,0,0
57.92,1,0,0,0,9999.0,1.6,1,0,0,0,1,0
74.8,0,0,0,0,9999.0,2.56,1,1,0,0,0,0
2187.72,0,0,0,0,9999.0,2.56,1,0,0,0,0,0
106.69,0,0,0,0,9999.0,1.27,1,0,0,0,0,0
132.74,0,0,0,0,9999.0,2.19,1,0,0,0,1,0
253.11,0,0,0,0,9999.0,2.88,1,1,0,0,0,0
2228.55,0,0,0,0,9999.0,3.09,1,0,0,0,0,0
24193.09,0,0,0,0,9999.0,1.63,1,0,0,0,0,0
89.79,0,0,0,0,9999.0,2.56,1,1,0,0,0,0
49.62,0,0,0,0,9999.0,2.44,1,0,0,0,0,0
48.7,1,0,0,0,9999.0,1.47,1,0,0,0,0,0
2223.98,0,0,0,0,9999.0,1.91,1,0,0,0,0,0
2272.02,0,0,0,0,9999.0,2.18,1,0,0,0,0,0
1662.69,0,0,0,0,9999.0,1.75,1,1,0,0,0,0
38.16,0,0,0,0,9999.0,2.5,1,1,0,0,0,0
68.53,0,0,0,0,9999.0,1.59,1,0,0,0,0,0
55.4,0,0,0,0,9999.0,2.58,1,1,0,0,1,0
102.73,0,0,0,0,9999.0,2.05,1,1,0,0,0,0
285.05,0,0,0,0,9999.0,2.43,1,0,0,0,1,0
26.25,0,0,0,0,9999.0,2.2,1,0,0,0,0,0
59.47,0,0,0,0,9999.0,1.57,1,0,0,0,0,0
27.98,0,0,0,0,9999.0,2.92,1,0,0,0,0,0
1555.94,0,0,0,0,9999.0,1.4,1,0,0,0,0,0
1483.02,0,0,0,0,9999.0,2.42,1,0,0,0,0,0
18.9,0,0,0,0,9999.0,2.38,1,0,0,0,0,0
458.89,0,0,0,0,9999.0,2.43,1,0,0,0,0,0
1590.93,0,0,0,0,9999.0,2.33,1,1,0,1,1,0
1901.33,0,0,0,0,9999.0,1.37,1,1,0,0,0,0
12.75,0,0,0,0,9999.0,2.1,1,1,0,0,0,0
2016.63,0,0,0,0,9999.0,2.72,1,0,0,1,0,0
34.71,0,0,0,0,9999.0,1.38,1,0,0,0,0,0
561.28,0,0,0,0,9999.0,2.72,1,1,0,0,0,0
2193.18,0,0,0,1,1282.983854483533,2.42,1,0,0,1,0,0
33.18,0,0,0,0,9999.0,2.76,1,1,0,0,0,0
717.42,1,0,0,0,9999.0,2.19,1,0,0,2,0,0
833.38,0,0,0,0,9999.0,2.41,1,1,0,0,0,0
2183.37,0,0,0,0,9999.0,2.63,1,0,0,0,0,0
1409.68,0,0,0,0,9999.0,2.62,1,0,0,0,0,0
37767.88,0,0,0,0,9999.0,1.92,1,0,0,0,0,0
38.06,0,0,0,0,9999.0,2.51,1,1,0,0,0,0
9999.0,1,0,0,0,4.3,3.41,1,1,1,2,0,1
34.55,0,0,0,0,9999.0,2.34,1,1,0,0,0,0
57.5,0,0,0,0,9999.0,2.19,1,0,0,0,0,0
98.62,0,0,0,0,9999.0,2.01,1,0,0,0,0,0
28505.76,0,0,0,0,9999.0,2.7,1,1,0,1,0,0
31967.15,0,0,0,0,9999.0,1.92,1,1,0,0,1,0
1122.65,0,0,0,0,9999.0,2.29,1,0,0,1,0,0
114.42,0,0,0,0,9999.0,1.7,1,0,0,0,1,0
61.18,0,0,0,0,9999.0,2.47,1,0,0,0,0,0
154441.01,1,1,1,1,28.2,4.16,0,1,0,1,0,1
2362.64,0,0,0,0,9999.0,2.62,1,0,0,0,1,0
145.38,0,0,0,0,9999.0,2.21,1,1,0,1,0,0
120.35,0,0,0,0,9999.0,2.13,1,0,0,0,0,0
254.99,0,0,0,0,9999.0,2.01,1,0,0,0,0,0
26472.59,1,1,1,1,21.6,4.22,0,1,0,1,0,1
2331.99,0,0,0,0,9999.0,1.41,1,0,0,0,0,0
3370.91,1,0,0,1,0.8,3.95,1,0,0,2,0,1
222.13,0,0,0,0,9999.0,2.28,1,0,0,0,0,0
5818.93,0,0,0,1,8.6,4.48,1,1,0,0,0,1
80.82,0,0,0,0,9999.0,1.55,1,0,0,0,1,0
2708.02,0,0,0,0,9999.0,3.05,1,0,0,0,0,0
24.82,0,0,0,1,331.320939246302,3.06,1,1,0,0,0,0
2606.99,0,0,0,0,9999.0,2.6,1,1,0,0,0,0
14.01,0,0,0,0,9999.0,1.51,1,1,0,0,0,0
2616.99,0,0,0,1,12.9,2.94,0,1,0,2,1,1
2088.59,0,0,0,0,9999.0,2.86,1,1,0,1,0,0
35.83,0,0,0,0,9999.0,1.24,1,0,0,0,1,0
518.37,0,0,0,0,9999.0,1.71,1,0,0,1,0,0
25000.0,1,0,0,1,4.3,3.66,0,1,1,0,0,1
94.63,0,0,0,0,9999.0,2.32,1,0,0,0,0,0
463.13,0,0,0,0,9999.0,3.05,1,0,0,0,0,0
44494.21,0,0,0,0,9999.0,1.56,1,0,0,2,0,0
47.57,0,0,0,0,9999.0,2.17,1,0,0,0,1,0
1178.75,0,0,0,0,9999.0,2.1,1,0,0,0,0,0
464.4,0,0,0,0,9999.0,2.38,1,0,0,0,0,0
144.07,0,0,0,0,9999.0,2.46,1,0,0,0,0,0
874.59,0,0,0,0,9999.0,1.68,1,0,0,1,0,0
2281.41,0,0,0,0,9999.0,1.98,1,0,0,0,0,0
1398.9,0,0,0,0,9999.0,2.49,1,0,0,2,0,0
31833.23,0,0,0,0,9999.0,3.0,1,0,0,1,0,0
92.34,0,0,0,0,9999.0,2.16,1,0,0,0,0,0
21340.64,1,1,0,1,21.7,3.27,1,1,0,1,1,1
27866.23,0,0,0,0,9999.0,1.74,1,0,0,0,0,0
70.58,0,0,0,0,9999.0,1.89,1,0,0,1,0,0
569.76,1,0,0,1,1043.119562925122,1.72,1,0,0,0,0,0
56.88,0,0,0,0,9999.0,1.34,1,1,0,2,1,0
19.23,0,0,0,1,971.250857583771,1.39,1,0,0,0,0,0
1055.38,0,0,0,0,9999.0,2.61,1,0,0,0,0,0
133.34,0,0,0,0,9999.0,2.79,1,0,0,0,0,0
914.88,0,0,0,0,9999.0,2.51,1,0,0,0,0,0
56.03,0,0,0,1,467.28731143641824,3.09,1,0,0,0,0,0
1805.11,0,0,0,0,9999.0,1.79,1,0,0,0,1,0
75.68,0,0,0,0,9999.0,2.03,1,0,0,0,0,0
19.49,0,0,0,0,9999.0,1.57,1,1,0,0,0,0
761.16,0,0,0,0,9999.0,1.26,1,0,0,0,0,0
1332.27,0,0,0,0,9999.0,2.25,1,0,0,2,0,0
2372.56,0,0,0,0,9999.0,1.71,1,0,0,1,1,0
47.01,0,0,0,0,9999.0,2.29,1,0,0,0,0,0
130.64,0,0,0,0,9999.0,3.09,1,1,0,0,0,0
67.66,0,0,0,0,9999.0,2.74,1,0,0,0,0,0
80.4,0,0,0,0,9999.0,1.55,1,0,0,0,0,0
1500.0,1,0,0,1,9.6,3.95,0,1,0,1,0,1
14.6,0,0,0,1,1207.9222892251178,2.57,1,0,0,0,0,0
112.74,0,0,0,0,9999.0,2.38,1,0,0,1,0,0
42.54,0,0,0,0,9999.0,2.89,1,1,0,0,0,0
1903.84,0,0,0,0,9999.0,1.83,1,1,0,0,1,0
595.85,0,0,0,0,9999.0,1.38,1,0,0,1,0,0
2456.63,0,0,0,0,9999.0,1.72,1,1,0,1,0,0
1545.57,0,0,0,0,9999.0,2.73,1,0,0,0,1,0
1413.12,0,0,0,0,9999.0,1.93,1,0,0,0,1,0
2630.89,0,0,0,0,9999.0,2.79,1,0,0,0,0,0
1740.8,0,0,0,0,9999.0,2.36,1,0,0,1,0,0
702.24,0,0,0,0,9999.0,2.81,1,1,0,2,0,0
40.51,1,0,0,0,9999.0,2.65,1,0,0,0,1,0
1307.89,0,0,0,0,9999.0,1.99,1,0,0,1,0,0
39.73,0,0,0,0,9999.0,1.44,1,0,0,2,1,0
13.14,0,0,0,0,9999.0,2.78,1,0,0,1,0,0
939.4,0,0,0,0,9999.0,2.58,1,0,0,2,0,0
70.28,0,0,0,0,9999.0,1.75,1,1,0,0,0,0
240.32,0,0,0,0,9999.0,1.47,1,0,0,1,0,0
80.81,0,0,0,0,9999.0,2.38,1,1,0,0,0,0
1041.32,0,0,0,0,9999.0,3.1,1,0,0,0,0,0
806.52,0,0,0,0,9999.0,2.92,1,1,0,0,0,0
697.35,0,0,0,0,9999.0,1.73,1,0,0,0,1,0
2573.37,0,0,0,0,9999.0,2.38,1,0,0,1,0,0
19704.36,1,1,0,1,6.3,4.76,0,0,0,1,0,1
2286.98,0,0,0,1,1396.7050509351504,2.92,1,0,0,0,0,0
2181.88,0,0,0,0,9999.0,2.62,1,0,0,0,1,0
1210.75,0,0,0,0,9999.0,2.46,1,0,0,1,0,0
2026.0,0,0,0,0,9999.0,1.29,1,0,0,0,0,0
1853.15,0,0,0,0,9999.0,2.1,1,1,0,0,0,0
50.76,0,0,0,0,9999.0,2.55,1,0,0,0,0,0
86.68,1,0,0,1,1265.4462878684892,2.67,1,0,0,0,0,0
1880.58,0,0,0,0,9999.0,2.16,1,0,0,0,1,0
238.61,0,0,0,0,9999.0,2.93,1,0,0,0,0,0
1737.06,0,0,0,0,9999.0,1.72,1,0,0,0,0,0
2006.87,0,0,0,0,9999.0,3.03,1,1,0,0,0,0
74.62,0,0,0,0,9999.0,1.72,1,0,0,0,0,0
2360.07,0,0,0,0,9999.0,2.15,1,0,0,0,0,0
1764.43,0,0,0,0,9999.0,2.12,1,0,0,0,0,0
1800.26,0,0,0,0,9999.0,2.26,1,0,0,0,0,0
350.64,0,0,0,0,9999.0,2.89,1,0,0,0,0,0
19353.49,1,1,1,1,24.0,4.33,0,1,0,2,0,1
93.01,0,0,0,0,9999.0,2.35,1,1,0,0,0,0
24426.81,0,0,0,0,9999.0,1.24,1,0,0,0,0,0
123.84,0,0,0,0,9999.0,1.44,1,1,0,0,0,0
2049.7,1,0,0,0,9999.0,1.89,1,0,0,0,0,0
1694.22,0,0,0,0,9999.0,1.6,1,0,0,0,0,0
1876.5,0,0,0,0,9999.0,1.86,1,0,0,0,0,0
757.84,0,0,0,0,9999.0,1.98,1,0,0,2,0,0
42.0,0,0,0,0,9999.0,2.39,1,0,0,1,0,0
284.06,0,0,0,0,9999.0,1.79,1,1,0,0,0,0
141.18,0,0,0,0,9999.0,2.27,1,1,0,0,0,0
72.25,0,0,0,0,9999.0,2.6,1,1,0,0,0,0
818.79,0,0,0,0,9999.0,1.83,1,0,0,1,0,0
1519.36,0,0,0,0,9999.0,1.55,1,0,0,0,1,0
2324.42,0,0,0,0,9999.0,2.01,1,0,0,0,0,0
924.4,0,0,0,0,9999.0,1.44,1,0,0,1,0,0
16065.35,0,0,0,1,24.5,4.5,1,1,0,2,1,1
99.72,0,0,0,0,9999.0,2.86,1,0,0,2,0,0
3000.0,0,0,0,1,27.3,3.06,0,1,0,1,0,1
74.96,0,0,0,0,9999.0,2.79,1,0,0,0,1,0
1364.62,0,0,0,0,9999.0,1.75,1,0,0,0,0,0
1029.68,0,0,0,0,9999.0,1.88,1,1,0,0,0,0
2093.63,0,0,0,0,9999.0,2.17,1,1,0,0,0,0
879.96,0,0,0,0,9999.0,1.83,1,0,0,0,0,0
1007.75,0,0,0,0,9999.0,2.06,1,1,0,0,0,0
73.67,0,0,0,0,9999.0,1.76,1,1,0,0,0,0
331.59,0,0,0,0,9999.0,1.73,1,0,0,0,0,0
36.24,0,0,0,0,9999.0,2.16,1,1,0,0,0,0
662.07,0,0,0,0,9999.0,2.51,1,0,0,0,0,0
39514.54,0,0,0,1,416.5430316460219,2.2,1,0,0,0,0,0
655.65,0,0,0,0,9999.0,2.9,1,0,0,0,0,0
1147.23,0,0,0,0,9999.0,2.98,1,0,0,0,1,0
119.49,0,0,0,0,9999.0,1.56,1,1,0,0,0,0
130.02,0,0,0,0,9999.0,2.2,1,0,0,1,0,0
2878.56,0,0,0,0,9999.0,1.23,1,0,0,0,0,0
85.89,0,0,0,0,9999.0,1.69,1,0,0,0,1,0
114.37,0,0,0,0,9999.0,2.03,1,0,0,0,0,0
2460.5,0,0,0,0,9999.0,2.8,1,1,0,0,0,0
47.88,0,0,0,0,9999.0,2.76,1,1,0,0,0,0
2842.86,0,0,0,0,9999.0,2.11,1,0,0,1,0,0
18.44,0,0,0,0,9999.0,2.33,1,1,0,1,0,0
7623.34,1,1,1,0,18.8,3.95,1,1,0,2,1,1
2032.43,0,0,0,0,9999.0,2.52,1,0,0,1,0,0
1446.17,0,0,0,0,9999.0,1.54,1,0,0,0,0,0
1964.17,0,0,0,0,9999.0,2.79,1,1,0,0,0,0
681.86,0,0,0,0,9999.0,2.51,1,0,0,0,0,0
671.29,0,0,0,0,9999.0,2.74,1,0,0,0,0,0
134.91,0,0,0,0,9999.0,1.53,1,0,0,0,0,0
99.82,0,0,0,0,9999.0,2.73,1,0,0,0,0,0
1202.86,0,0,0,0,9999.0,1.51,1,0,0,1,0,0
1087.81,0,0,0,0,9999.0,2.43,1,0,0,0,0,0
136.62,0,0,0,1,378.03384871975845,2.99,1,0,0,0,0,0
76.56,0,0,0,0,9999.0,2.0,1,0,0,0,0,0
1503.49,0,0,0,0,9999.0,1.49,1,0,0,0,0,0
2603.66,1,0,0,0,9999.0,1.54,1,0,0,0,0,0
656.71,0,0,0,0,9999.0,1.79,1,0,0,0,0,0
1351.66,0,0,0,0,9999.0,2.21,1,1,0,0,1,0
1255.57,0,0,0,0,9999.0,2.74,1,0,0,0,0,0
66.99,0,0,0,0,9999.0,2.16,1,0,0,0,0,0
901.67,0,0,0,0,9999.0,2.99,1,0,0,0,1,0
2967.55,0,0,0,0,9999.0,2.16,1,1,0,0,0,0
22626.44,0,0,0,1,841.4628632570424,1.41,1,1,0,0,0,0
73.9,0,0,0,0,9999.0,1.21,1,0,0,0,0,0
2316.05,0,0,0,0,9999.0,2.09,1,1,0,1,0,0
1154.4,0,0,0,0,9999.0,2.58,1,0,0,0,1,0
31576.17,1,1,0,1,9.6,2.91,1,1,0,2,0,1
2267.22,0,0,0,0,9999.0,1.4,1,1,0,0,0,0
481.97,0,0,0,0,9999.0,2.74,1,1,0,0,0,0
136.67,0,0,0,0,9999.0,1.42,1,0,0,0,0,0
2500.0,0,0,0,0,6.4,4.65,1,1,1,0,0,1
149.94,0,0,0,0,9999.0,1.97,1,0,0,0,0,0
2474.3,0,0,0,0,9999.0,1.79,1,0,0,0,0,0
80.05,0,0,0,0,9999.0,2.06,1,1,0,0,0,0
30631.58,0,0,0,0,9999.0,1.82,1,1,0,1,0,0
2046.99,0,0,0,0,9999.0,2.64,1,0,0,0,0,0
122.49,0,0,0,0,9999.0,1.66,1,1,0,1,0,0
2852.55,0,0,0,0,9999.0,2.19,1,0,0,0,0,0
6104.65,1,0,0,0,4.9,3.63,0,1,0,2,0,1
2049.75,0,0,0,0,9999.0,2.19,1,0,0,0,1,0
25105.71,0,0,0,0,9999.0,1.54,1,0,0,0,0,0
1819.27,0,0,0,0,9999.0,2.49,1,0,0,0,0,0
126.82,0,0,0,0,9999.0,1.92,1,0,0,0,0,0
2498.36,1,0,0,1,8.0,4.49,1,1,0,1,0,1
2388.73,0,0,0,0,9999.0,2.87,1,1,0,0,0,0
143.98,0,0,0,0,9999.0,1.79,1,0,0,0,0,0
103.68,0,0,0,0,9999.0,2.76,1,0,0,0,0,0
7105.81,1,1,0,1,8.5,3.07,1,1,0,2,0,1
2688.03,0,0,0,1,226.7540105352,1.84,1,0,0,0,0,0
1500.0,0,0,0,1,16.1,3.25,0,1,0,2,1,1
916.55,0,0,0,0,9999.0,1.4,1,1,0,0,1,0
1195.67,1,0,0,1,229.80843444342847,1.22,1,1,0,0,0,0
1153.85,0,0,0,0,9999.0,2.92,1,0,0,1,0,0
2725.42,0,0,0,0,9999.0,2.3,1,0,0,0,0,0
42.02,0,0,0,0,9999.0,1.74,1,0,0,0,0,0
971.27,0,0,0,0,9999.0,2.2,1,0,0,0,0,0
23237.69,1,0,1,1,16.9,3.6,0,1,0,2,0,1
1655.76,0,0,0,0,9999.0,2.81,1,1,0,0,1,0
55.01,0,0,0,0,9999.0,1.87,1,1,0,1,0,0
21.41,0,0,0,0,9999.0,1.22,1,0,0,1,0,0
127.92,0,0,0,0,9999.0,1.68,1,1,0,0,0,0
64.3,0,0,0,0,9999.0,2.83,1,1,0,0,0,0
2375.8,0,0,0,0,9999.0,1.5,1,0,0,0,0,0
1486.02,0,0,0,0,9999.0,3.03,1,0,0,0,0,0
135.39,0,0,0,0,9999.0,3.0,1,1,0,0,0,0
25262.12,0,0,0,0,9999.0,2.02,1,0,0,1,0,0
453.27,1,0,0,1,235.24276929735925,3.05,1,0,0,0,0,0
81.7,0,0,0,0,9999.0,1.82,1,0,0,0,1,0
30153.97,0,0,0,0,9999.0,3.05,1,0,0,0,0,0
107.08,0,0,0,0,9999.0,1.32,1,1,0,0,1,0
61.64,0,0,0,0,9999.0,2.79,1,0,0,0,0,0
2019.14,0,0,0,0,9999.0,2.03,1,0,0,1,0,0
944.37,0,0,0,0,9999.0,2.47,1,1,0,1,0,0
26.27,0,0,0,0,9999.0,1.3,1,1,0,0,0,0
105.07,0,0,0,0,9999.0,1.36,1,0,0,0,0,0
114.9,0,0,0,0,9999.0,1.34,1,1,0,1,0,0
141.5,0,0,0,0,9999.0,1.79,1,1,0,1,0,0
21361.59,0,0,0,0,9999.0,2.0,1,1,0,0,0,0
127.45,0,0,0,0,9999.0,1.57,1,1,0,0,0,0
2867.78,1,0,0,0,9999.0,1.49,1,0,0,1,0,0
1491.58,0,0,0,0,9999.0,1.87,1,0,0,0,0,0
689.81,0,0,0,0,9999.0,1.42,1,0,0,1,0,0
98.45,0,0,0,0,9999.0,2.89,1,0,0,1,0,0
5000.0,0,0,0,0,5.1,2.92,1,1,1,0,1,1
67.67,0,0,0,0,9999.0,1.64,1,0,0,0,0,0
55.84,0,0,0,0,9999.0,1.24,1,0,0,2,1,0
79.22,0,0,0,0,9999.0,1.67,1,0,0,0,0,0
1895.97,0,0,0,0,9999.0,3.04,1,1,0,0,0,0
18.77,1,0,0,0,9999.0,1.93,1,0,0,0,1,0
51.75,0,0,0,0,9999.0,1.3,1,1,0,1,0,0
74.75,0,0,0,0,9999.0,1.24,1,0,0,0,0,0
54.33,0,0,0,0,9999.0,2.49,1,0,0,1,0,0
702.65,0,0,0,0,9999.0,2.21,1,1,0,0,0,0
20.78,0,0,0,0,9999.0,1.89,1,1,0,0,0,0
35359.75,1,0,0,1,11.4,4.65,1,1,0,2,1,1
136.81,0,0,0,0,9999.0,2.42,1,1,0,0,0,0
1071.52,0,0,0,0,9999.0,1.35,1,1,0,1,0,0
26465.32,0,0,0,1,17.5,4.12,0,1,0,2,0,1
21811.78,0,1,0,1,5.3,3.12,0,1,0,0,0,1
2488.97,0,0,0,0,9999.0,2.8,1,0,0,0,0,0
27.82,0,0,0,0,9999.0,1.43,1,0,0,0,0,0
139.37,0,0,0,0,9999.0,2.47,1,1,0,1,1,0
2781.25,0,0,0,0,9999.0,2.97,1,0,0,0,0,0
1814.57,0,0,0,0,9999.0,1.75,1,0,0,0,0,0
2215.11,0,0,0,0,9999.0,2.89,1,0,0,0,1,0
368.72,0,0,0,0,9999.0,1.4,1,1,0,1,0,0
49.91,0,0,0,0,9999.0,2.38,1,1,0,2,0,0
93.81,0,0,0,0,9999.0,2.42,1,1,0,0,0,0
1970.32,0,0,0,0,9999.0,2.3,1,0,0,1,0,0
138.54,0,0,0,0,9999.0,2.24,1,0,0,1,1,0
105.61,0,0,0,0,9999.0,2.64,1,0,0,0,0,0
27.14,0,0,0,0,9999.0,1.51,1,1,0,0,0,0
56.63,0,0,0,0,9999.0,3.03,1,1,0,0,0,0
1926.33,0,0,0,0,9999.0,1.72,1,0,0,0,0,0
25000.0,1,0,0,1,1.1,4.58,0,1,1,2,0,1
2698.95,0,0,0,0,9999.0,2.76,1,0,0,0,0,0
139.11,0,0,0,0,9999.0,2.56,1,1,0,0,1,0
49.93,0,0,0,0,9999.0,3.03,1,0,0,0,0,0
103.86,0,0,0,0,9999.0,1.31,1,0,0,0,0,0
1998.92,0,0,0,0,9999.0,1.49,1,0,0,0,1,0
59.4,0,0,0,0,9999.0,1.9,1,1,0,0,1,0
1490.19,0,0,0,1,729.6764244766745,2.57,1,1,0,1,0,0
1363.07,0,0,0,0,9999.0,2.12,1,0,0,1,0,0
2164.16,0,0,0,0,9999.0,2.66,1,0,0,0,0,0
37509.05,0,0,0,0,9999.0,1.9,1,1,0,0,0,0
25000.0,1,0,0,1,1.1,3.9,1,1,1,2,0,1
148.13,0,0,0,0,9999.0,1.24,1,0,0,0,0,0
22.37,0,0,0,0,9999.0,2.29,1,0,0,0,0,0
142.75,0,0,0,0,9999.0,1.37,1,1,0,0,0,0
53.52,0,0,0,0,9999.0,2.29,1,0,0,2,0,0
119.89,0,0,0,1,1349.5891971729118,1.34,1,1,0,0,0,0
64.36,0,0,0,1,304.5789669641656,1.5,1,0,0,0,0,0
36850.99,0,0,0,0,9999.0,1.58,1,1,0,0,0,0
1186.87,1,0,0,1,8.1,3.29,1,1,0,2,1,1
69.54,0,0,0,0,9999.0,2.67,1,1,0,0,0,0
112.18,0,0,0,0,9999.0,2.15,1,1,0,0,0,0
1545.84,1,0,0,0,9999.0,1.63,1,0,0,1,0,0
75.34,0,0,0,1,701.8021467477045,2.28,1,0,0,0,1,0
287.59,0,0,0,0,9999.0,2.65,1,1,0,0,0,0
55.24,0,0,0,0,9999.0,2.08,1,0,0,0,0,0
15.78,0,0,0,0,9999.0,2.38,1,0,0,1,0,0
420.07,0,0,0,0,9999.0,2.59,1,1,0,1,0,0
75.94,0,0,0,0,9999.0,2.97,1,0,0,0,0,0
10445.95,0,1,0,1,18.4,3.25,1,1,0,2,0,1
1282.56,0,0,0,1,951.9670185169584,1.77,1,1,0,2,0,0
123.47,0,0,0,0,9999.0,2.83,1,0,0,1,0,0
25000.0,0,0,0,1,28.1,3.1,1,1,0,1,0,1
74.57,0,0,0,0,9999.0,2.51,1,0,0,0,0,0
336.28,0,0,0,0,9999.0,2.63,1,1,0,0,0,0
10.13,0,0,0,0,9999.0,1.71,1,0,0,0,1,0
17.95,0,0,0,1,1166.500504764847,2.61,1,0,0,0,0,0
119.01,0,0,0,0,9999.0,2.56,1,0,0,0,0,0
537.59,1,0,0,0,9999.0,1.58,1,1,0,1,0,0
84.92,0,0,0,0,9999.0,1.88,1,0,0,0,0,0
2537.29,0,0,0,0,9999.0,2.14,1,0,0,0,1,0
15.78,0,0,0,0,9999.0,2.49,1,0,0,0,0,0
20950.24,0,1,0,1,7.2,3.64,1,1,0,1,1,1
2027.99,0,0,0,0,9999.0,2.69,1,1,0,0,1,0
2145.41,0,0,0,0,9999.0,2.79,1,0,0,1,0,0
2006.15,0,0,0,0,9999.0,1.89,1,0,0,1,1,0
1426.54,0,0,0,0,9999.0,1.81,1,0,0,0,0,0
115.74,0,0,0,0,9999.0,1.91,1,0,0,0,0,0
1675.05,0,0,0,0,9999.0,1.95,1,0,0,0,0,0
92.23,1,0,0,0,9999.0,2.28,1,0,0,0,0,0
1126.28,0,0,0,0,9999.0,2.42,1,0,0,0,0,0
48.13,1,0,0,1,1310.6535977735462,2.04,1,0,0,0,0,0
82.97,0,0,0,0,9999.0,1.41,1,0,0,2,0,0
35.78,0,0,0,0,9999.0,2.36,1,1,0,0,0,0
1589.07,0,0,0,0,9999.0,1.29,1,1,0,0,0,0
1193.73,0,0,0,0,9999.0,1.58,1,1,0,0,0,0
589.5,0,0,0,0,9999.0,2.24,1,0,0,0,0,0
53.81,0,0,0,0,9999.0,2.44,1,0,0,0,0,0
121.65,0,0,0,0,9999.0,2.49,1,1,0,0,0,0
690.37,0,0,0,0,9999.0,2.84,1,1,0,1,0,0
778.47,0,0,0,0,9999.0,2.81,1,0,0,0,1,0
52.25,0,0,0,0,9999.0,2.67,1,0,0,0,0,0
2174.01,0,0,0,0,9999.0,2.81,1,1,0,0,1,0
2258.52,0,0,0,0,9999.0,2.77,1,0,0,0,0,0
2210.33,0,0,0,0,9999.0,1.52,1,1,0,0,0,0
123.54,0,0,0,0,9999.0,2.98,1,1,0,0,1,0
1854.66,0,0,0,0,9999.0,1.62,1,0,0,0,0,0
95.52,0,0,0,0,9999.0,1.91,1,1,0,1,0,0
257.38,0,0,0,0,9999.0,1.26,1,0,0,0,0,0
1116.51,0,0,0,0,9999.0,1.86,1,1,0,1,1,0
31.63,0,0,0,0,9999.0,1.65,1,0,0,1,0,0
135.39,0,0,0,0,9999.0,2.76,1,0,0,0,1,0
295.29,0,0,0,1,375.14129597217607,2.2,1,0,0,0,0,0
2267.79,0,0,0,0,9999.0,1.41,1,1,0,0,0,0
50.89,0,0,0,0,9999.0,2.01,1,0,0,0,0,0
817.33,0,0,0,0,9999.0,1.46,1,0,0,1,0,0
17.09,0,0,0,0,9999.0,1.94,1,0,0,0,0,0
2701.95,0,0,0,0,9999.0,2.06,1,0,0,0,0,0
2504.89,0,0,0,0,9999.0,1.38,1,0,0,0,0,0
23.9,0,0,0,0,9999.0,2.8,1,0,0,0,1,0
3000.0,0,0,0,1,25.4,4.37,0,1,0,0,0,1
25000.0,0,0,0,1,10.5,4.13,1,1,0,2,1,1
142.44,0,0,0,0,9999.0,1.51,1,0,0,1,0,0
2692.61,1,0,0,0,9999.0,2.81,1,0,0,0,0,0
2517.11,0,0,0,0,9999.0,2.42,1,0,0,0,0,0
1672.08,1,0,0,0,9999.0,2.92,1,0,0,0,0,0
2497.76,0,0,0,0,9999.0,1.77,1,1,0,0,1,0
31527.0,0,0,0,0,9999.0,2.17,1,0,0,0,0,0
19187.37,0,0,0,0,9999.0,2.4,1,0,0,0,0,0
35.67,0,0,0,0,9999.0,1.38,1,0,0,0,0,0
940.47,0,0,0,0,9999.0,3.04,1,0,0,1,1,0
2121.05,0,0,0,0,9999.0,3.03,1,0,0,1,1,0
2317.94,0,0,0,1,525.6223514703751,2.96,1,1,0,0,0,0
116.12,0,0,0,0,9999.0,2.17,1,0,0,0,0,0
2008.92,0,0,0,0,9999.0,1.75,1,0,0,0,1,0
18.93,0,0,0,0,9999.0,2.67,1,1,0,0,0,0
120.76,0,0,0,1,413.2147168061245,2.37,1,1,0,0,0,0
1805.27,0,0,0,1,103.19195073715063,2.1,1,0,0,0,0,0
1651.49,0,0,0,0,9999.0,1.79,1,0,0,0,0,0
2336.61,0,0,0,0,9999.0,2.99,1,1,0,0,1,0
1885.26,0,0,0,0,9999.0,2.2,1,1,0,0,0,0
147.27,0,0,0,0,9999.0,1.42,1,0,0,0,1,0
28946.34,0,0,0,0,9999.0,2.44,1,0,0,0,1,0
1959.8,1,0,0,0,9999.0,1.91,1,0,0,0,0,0
43.07,0,0,0,0,9999.0,1.37,1,0,0,0,0,0
1275.15,0,0,0,0,9999.0,1.68,1,0,0,1,0,0
86.67,0,0,0,0,9999.0,2.41,1,0,0,0,0,0
15.18,0,0,0,0,9999.0,2.79,1,1,0,0,0,0
143.13,0,0,0,0,9999.0,2.04,1,0,0,1,0,0
5000.0,0,0,0,1,5.0,3.86,0,1,1,2,1,1
34.81,0,0,0,0,9999.0,2.72,1,0,0,0,0,0
88.76,0,0,0,0,9999.0,2.09,1,0,0,0,1,0
28028.83,0,0,0,0,9999.0,1.48,1,0,0,0,0,0
24.25,0,0,0,0,9999.0,2.66,1,1,0,0,0,0
62.3,0,0,0,1,1168.3641406070835,1.97,1,0,0,1,0,0
115.39,0,0,0,0,9999.0,1.65,1,0,0,2,0,0
114.88,0,0,0,0,9999.0,2.45,1,0,0,0,0,0
12.53,0,0,0,0,9999.0,2.82,1,1,0,0,0,0
2731.56,0,0,0,0,9999.0,2.33,1,0,0,1,0,0
38354.75,1,1,0,1,34.5,3.94,0,1,0,1,1,1
2448.3,0,0,0,0,9999.0,2.07,1,0,0,0,1,0
1336.41,1,0,0,0,9999.0,1.46,1,1,0,0,0,0
108.83,0,0,0,1,414.2962510425583,1.97,1,0,0,1,0,0
273.74,0,0,0,0,9999.0,2.55,1,1,0,0,1,0
36.18,0,0,0,0,9999.0,2.46,1,0,0,0,0,0
31641.78,0,1,0,1,13.8,3.15,0,1,0,2,1,1
133.78,0,0,0,0,9999.0,2.13,1,0,0,0,0,0
90.96,0,0,0,0,9999.0,1.77,1,1,0,0,0,0
3000.0,0,0,0,1,25.3,4.37,0,1,0,1,0,1
25000.0,0,0,0,1,7.8,3.76,1,1,1,1,0,1
82.67,1,0,0,0,9999.0,2.28,1,0,0,1,0,0
563.77,0,0,0,0,9999.0,3.07,1,0,0,1,0,0
49.56,0,0,0,0,9999.0,2.1,1,0,0,0,0,0
134.69,0,0,0,0,9999.0,1.94,1,0,0,0,0,0
16302.63,0,0,0,0,9999.0,2.39,1,0,0,0,0,0
41.4,0,0,0,0,9999.0,1.21,1,0,0,0,0,0
25000.0,0,0,0,1,32.1,3.94,0,1,0,1,0,1
24295.68,1,0,1,1,10.7,3.69,0,1,0,0,0,1
11663.87,0,0,0,0,9999.0,1.96,1,0,0,1,1,0
22.39,0,0,0,0,9999.0,2.59,1,0,0,1,1,0
1205.09,0,0,0,0,9999.0,3.1,1,0,0,0,0,0
1718.32,0,0,0,0,9999.0,1.43,1,0,0,0,1,0
131.12,0,0,0,0,9999.0,2.78,1,1,0,0,1,0
2606.16,0,0,0,0,9999.0,1.39,1,0,0,0,0,0
1975.28,0,0,0,0,9999.0,1.92,1,1,0,2,1,0
105.5,0,0,0,0,9999.0,2.32,1,0,0,1,0,0
13.73,0,0,0,0,9999.0,1.22,1,0,0,0,0,0
3000.0,0,0,0,0,29.6,4.72,0,1,0,0,0,1
2527.47,0,0,0,0,9999.0,2.92,1,0,0,0,0,0
1508.16,0,0,0,0,9999.0,2.93,1,0,0,2,0,0
2358.23,0,0,0,1,1223.2888882720215,2.18,1,0,0,0,0,0
876.63,0,0,0,0,9999.0,2.54,1,0,0,0,0,0
1342.23,0,0,0,0,9999.0,1.42,1,1,0,0,0,0
11.85,0,0,0,0,9999.0,1.81,1,0,0,1,0,0
99.78,0,0,0,0,9999.0,1.56,1,1,0,1,0,0
2472.18,0,0,0,0,9999.0,2.42,1,1,0,1,0,0
21.13,0,0,0,0,9999.0,2.01,1,0,0,1,0,0
678.11,0,0,0,0,9999.0,1.94,1,0,0,0,0,0
78.51,0,0,0,0,9999.0,1.22,1,0,0,0,0,0
54.48,0,0,0,0,9999.0,1.27,1,1,0,0,0,0
102.41,0,0,0,0,9999.0,2.36,1,0,0,0,0,0
528.42,0,0,0,0,9999.0,1.97,1,0,0,0,1,0
2405.19,0,0,0,0,9999.0,1.71,1,0,0,0,0,0
5978.02,1,0,0,1,19.5,3.99,1,1,0,0,1,1
40.53,0,0,0,0,9999.0,1.94,1,0,0,0,0,0
500.29,0,0,0,0,9999.0,2.35,1,0,0,0,1,0
2947.52,0,0,0,1,1430.1686090034025,1.24,1,1,0,0,1,0
53.12,0,1,0,0,9999.0,1.95,1,1,0,1,1,0
82.31,0,0,0,0,9999.0,1.82,1,0,0,0,0,0
1932.77,0,0,0,0,9999.0,3.04,1,0,0,0,0,0
25.46,0,0,0,0,9999.0,2.54,1,0,0,0,1,0
107.3,0,0,0,0,9999.0,3.03,1,0,0,0,0,0
2495.15,0,0,0,0,9999.0,1.62,1,1,0,0,0,0
112.61,0,0,0,0,9999.0,2.12,1,0,0,0,0,0
351.6,0,0,0,0,9999.0,2.17,1,1,0,0,0,0
115.66,0,0,0,0,9999.0,2.54,1,1,0,0,0,0
860.48,0,0,0,0,9999.0,1.8,1,0,0,0,0,0
103.94,0,0,0,0,9999.0,3.04,1,0,0,0,0,0
114.99,0,0,0,0,9999.0,2.92,1,0,0,0,0,0
136.68,0,0,0,0,9999.0,1.53,1,1,0,0,0,0
33.24,0,0,0,0,9999.0,1.37,1,0,0,0,1,0
1461.87,0,0,0,0,9999.0,2.96,1,0,0,0,0,0
131.12,0,0,0,0,9999.0,1.95,1,0,0,0,1,0
82.24,0,0,0,0,9999.0,2.01,1,0,0,1,0,0
834.62,0,0,0,0,9999.0,2.49,1,0,0,1,0,0
12884.09,1,1,0,1,16.2,3.31,1,1,0,2,1,1
13.35,0,0,0,0,9999.0,2.66,1,0,0,1,0,0
7373.43,1,0,1,1,10.0,3.03,1,1,0,2,0,1
1005.06,0,0,0,0,9999.0,1.79,1,1,0,0,1,0
103.26,0,0,0,0,9999.0,1.35,1,0,0,0,0,0
94.14,1,0,0,0,9999.0,1.97,1,0,0,0,1,0
54.3,0,0,0,0,9999.0,3.07,1,0,0,1,0,0
290.82,0,0,0,0,9999.0,2.04,1,1,0,1,1,0
147.01,0,0,0,0,9999.0,2.24,1,0,0,1,0,0
2862.24,0,0,0,0,9999.0,1.69,1,1,0,1,0,0
2538.24,0,0,0,0,9999.0,1.7,1,0,0,0,0,0
28.05,0,0,0,0,9999.0,2.93,1,0,0,0,0,0
40.63,0,0,0,0,9999.0,1.75,1,1,0,1,0,0
67.36,0,0,0,0,9999.0,2.82,1,0,0,0,1,0
2738.0,0,0,0,0,9999.0,2.66,1,1,0,0,0,0
1500.0,0,0,0,0,34.0,4.45,0,1,0,1,0,1
30928.19,1,0,0,1,24.7,4.27,1,1,0,0,0,1
146.11,0,0,0,0,9999.0,1.31,1,1,0,0,0,0
1838.82,0,0,0,0,9999.0,2.67,1,0,0,0,0,0
44258.3,0,1,0,1,6.2,4.58,0,1,0,2,0,1
1644.95,0,0,0,0,9999.0,1.45,1,0,0,0,0,0
152437.71,0,1,0,1,5.4,4.59,0,1,0,1,0,1
93.39,0,0,0,0,9999.0,1.82,1,1,0,0,0,0
131.18,0,0,0,0,9999.0,1.62,1,0,0,1,0,0
122.06,0,0,0,0,9999.0,2.42,1,0,0,0,0,0
3485.66,1,0,0,1,13.7,3.98,0,1,0,0,0,1
91.46,0,0,0,0,9999.0,2.58,1,0,0,0,1,0
146.05,0,0,0,0,9999.0,3.06,1,0,0,1,0,0
1778.28,0,0,0,0,9999.0,2.56,1,1,0,0,0,0
3000.0,1,0,0,1,18.9,3.95,0,1,0,1,1,1
1314.89,1,0,0,0,9999.0,1.49,1,0,0,0,1,0
46.71,0,0,0,0,9999.0,2.28,1,0,0,0,0,0
99.49,0,0,0,0,9999.0,2.02,1,0,0,0,0,0
2321.36,0,0,0,0,9999.0,2.61,1,1,0,0,0,0
1315.61,0,0,0,0,9999.0,1.6,1,0,0,0,0,0
2075.84,0,0,0,0,9999.0,2.81,1,0,0,0,0,0
107.4,1,0,0,0,9999.0,1.98,1,0,0,1,0,0
136.08,0,0,0,0,9999.0,2.87,1,1,0,2,0,0
99.09,0,0,0,0,9999.0,2.57,1,0,0,1,0,0
139.25,0,0,0,0,9999.0,2.46,1,1,0,0,0,0
61.98,0,0,0,0,9999.0,1.35,1,0,0,0,0,0
2623.45,0,0,0,1,979.248397750374,2.76,1,0,0,0,0,0
122.51,0,0,0,0,9999.0,2.29,1,0,0,0,0,0
797.36,0,0,0,0,9999.0,2.24,1,0,0,0,0,0
2705.82,0,0,0,0,9999.0,2.19,1,0,0,0,0,0
2109.69,0,0,0,0,9999.0,2.98,1,1,0,1,0,0
68.86,0,0,0,1,41.6280236351218,1.94,1,0,0,1,0,0
101.59,0,0,0,0,9999.0,2.88,1,0,0,0,0,0
2613.4,0,0,0,0,9999.0,2.44,1,0,0,0,1,0
76.64,1,0,0,0,9999.0,1.8,1,1,0,0,0,0
1135.56,0,0,0,0,9999.0,2.44,1,0,0,0,0,0
44.44,0,0,0,0,9999.0,1.32,1,1,0,0,0,0
74.17,0,0,0,0,9999.0,2.88,1,0,0,0,0,0
2641.13,1,0,0,0,9999.0,2.18,1,1,0,0,0,0
112.67,0,0,0,0,9999.0,2.69,1,1,0,1,1,0
2452.12,0,0,0,0,9999.0,2.63,1,0,0,0,0,0
36977.54,0,0,0,0,9999.0,2.3,1,1,0,0,0,0
1817.79,0,0,0,0,9999.0,1.66,1,1,0,0,1,0
1900.81,0,0,0,0,9999.0,2.31,1,0,0,1,0,0
102.82,0,0,0,0,9999.0,2.0,1,0,0,0,1,0
144.33,0,0,0,0,9999.0,1.81,1,0,0,1,0,0
1362.25,0,0,0,0,9999.0,2.37,1,0,0,0,0,0
100.78,0,0,0,0,9999.0,2.65,1,0,0,0,0,0
1956.38,0,0,0,0,9999.0,1.77,1,0,0,0,0,0
1606.72,0,0,0,0,9999.0,2.58,1,0,0,0,0,0
2296.64,0,0,0,0,9999.0,1.6,1,0,0,0,0,0
1021.94,0,0,0,0,9999.0,2.39,1,0,0,0,0,0
72.98,0,0,0,0,9999.0,2.0,1,0,0,1,0,0
84.51,0,0,0,1,224.4319264525469,2.38,1,0,0,0,0,0
1107.9,0,0,0,0,9999.0,2.25,1,0,0,0,1,0
298.74,0,0,0,0,9999.0,2.8,1,0,0,0,1,0
26.52,0,0,0,1,182.16191655718728,2.33,1,0,0,0,0,0
1575.58,0,0,0,0,9999.0,2.86,1,1,0,0,0,0
150537.93,1,1,0,1,18.1,3.52,1,1,0,0,0,1
950.16,0,0,0,0,9999.0,2.66,1,0,0,1,0,0
79.32,0,0,0,1,285.7546940060105,2.74,1,1,0,0,0,0
2816.32,1,0,0,1,4.8,3.85,1,1,0,1,0,1
99.03,0,0,0,0,9999.0,1.5,1,0,0,1,0,0
6058.8,1,0,0,1,9.6,4.03,1,1,0,1,1,1
29.97,0,0,0,1,560.4951844394878,2.07,1,1,0,1,1,0
35.0,0,0,0,0,9999.0,1.89,1,1,0,2,0,0
51.95,0,0,0,0,9999.0,1.6,1,0,0,0,0,0
2139.65,0,0,0,0,9999.0,2.05,1,0,0,0,0,0
711.93,0,0,0,0,9999.0,1.46,1,0,0,0,0,0
57.03,0,0,0,0,9999.0,2.7,1,0,0,2,0,0
133.38,0,0,0,0,9999.0,2.95,1,1,0,0,1,0
110.45,0,0,0,0,9999.0,1.76,1,0,0,0,0,0
133.49,1,0,0,0,9999.0,1.42,1,0,0,0,0,0
296.08,0,0,0,0,9999.0,1.47,1,0,0,1,0,0
78.63,0,0,0,0,9999.0,1.97,1,1,0,0,0,0
15.28,0,0,0,0,9999.0,1.39,1,0,0,0,0,0
2241.68,0,0,0,0,9999.0,1.6,1,0,0,0,0,0
140.8,0,0,0,0,9999.0,1.93,1,0,0,0,0,0
689.11,0,0,0,0,9999.0,2.59,1,0,0,0,0,0
37763.18,1,0,0,1,3.2,3.99,1,0,0,1,1,1
1851.29,0,0,0,0,9999.0,1.25,1,0,0,0,0,0
46.15,0,0,0,0,9999.0,3.04,1,1,0,0,0,0
1657.61,0,0,0,0,9999.0,1.69,1,1,0,0,0,0
54.11,0,0,0,0,9999.0,2.8,1,1,0,0,0,0
62.96,1,0,0,1,1269.781449955498,2.28,1,0,0,0,0,0
55.36,0,0,0,0,9999.0,2.16,1,1,0,0,1,0
140.92,0,0,0,0,9999.0,2.39,1,0,0,1,1,0
2607.53,0,0,0,0,9999.0,1.91,1,1,0,0,0,0
2428.37,0,0,0,0,9999.0,1.49,1,0,0,1,0,0
37.74,0,0,0,0,9999.0,1.41,1,1,0,0,1,0
666.17,0,0,0,0,9999.0,1.71,1,0,0,1,1,0
120.57,0,0,0,0,9999.0,1.56,1,0,0,0,0,0
77.83,0,0,0,0,9999.0,2.79,1,0,0,2,0,0
78.68,0,0,0,0,9999.0,2.97,1,0,0,0,0,0
1319.11,0,0,0,0,9999.0,2.18,1,0,0,0,0,0
98.28,0,0,0,0,9999.0,2.9,1,0,0,0,0,0
1931.93,0,0,0,1,579.8419894714642,2.28,1,1,0,1,0,0
551.88,0,0,0,0,9999.0,1.61,1,0,0,0,0,0
1884.18,0,0,0,0,9999.0,2.24,1,0,0,0,0,0
80.98,0,0,0,0,9999.0,1.86,1,1,0,0,0,0
2461.23,0,0,0,0,9999.0,1.3,1,1,0,1,0,0
105.35,0,0,0,0,9999.0,2.39,1,0,0,0,0,0
1027.03,0,0,0,0,9999.0,3.01,1,0,0,0,0,0
1876.08,1,0,0,0,9999.0,1.47,1,0,0,1,0,0
96.75,0,0,0,0,9999.0,2.82,1,0,0,0,0,0
24908.5,1,0,0,1,5.9,2.81,0,1,0,1,1,1
134.02,0,0,0,0,9999.0,1.44,1,0,0,0,0,0
612.85,0,0,0,0,9999.0,2.75,1,0,0,0,0,0
2374.04,0,0,0,0,9999.0,1.65,1,0,0,0,0,0
1228.91,0,0,0,0,9999.0,2.99,1,0,0,0,0,0
101.55,0,0,0,0,9999.0,2.97,1,0,0,0,1,0
26631.5,0,0,0,1,4.6,4.3,1,1,0,0,0,1
2456.68,0,0,0,0,9999.0,3.08,1,1,0,0,0,0
119.11,0,0,0,0,9999.0,1.26,1,0,0,0,1,0
2249.96,0,0,0,0,9999.0,2.6,1,0,0,1,0,0
641.96,0,0,0,1,30.00780671279057,2.52,1,0,0,0,0,0
20.74,0,0,0,0,9999.0,2.3,1,1,0,0,0,0
149.97,1,0,0,0,9999.0,1.51,1,0,0,0,0,0
1014.77,0,0,0,1,550.7134870385711,1.74,1,1,0,0,1,0
69.25,0,0,0,0,9999.0,2.53,1,0,0,0,0,0
808.13,0,0,0,0,9999.0,1.71,1,0,0,0,0,0
25000.0,0,0,0,1,4.7,3.05,1,1,1,2,1,1
10.47,0,0,0,0,9999.0,1.63,1,1,0,0,0,0
9999.0,1,0,0,1,2.5,4.15,1,1,1,0,1,1
8000.0,0,0,0,1,39.7,3.86,1,0,0,1,0,1
2005.55,0,0,0,0,9999.0,2.48,1,0,0,0,0,0
88.19,0,0,0,0,9999.0,2.15,1,0,0,0,0,0
14.75,0,0,0,0,9999.0,2.55,1,1,0,0,0,0
77179.4,1,0,0,1,9.9,3.46,0,1,0,0,0,1
120.95,0,0,0,0,9999.0,1.8,1,0,0,0,0,0
1468.5,0,0,0,0,9999.0,1.64,1,1,0,1,0,0
42728.99,0,0,0,0,9999.0,1.86,1,0,0,0,0,0
897.17,0,0,0,0,9999.0,2.6,1,0,0,0,1,0
2226.79,0,0,0,0,9999.0,2.0,1,0,0,0,0,0
316.28,1,0,0,1,413.64739566969627,1.35,1,0,0,0,0,0
1303.14,0,0,0,0,9999.0,2.49,1,1,0,0,0,0
103.37,0,0,0,1,293.02334215658874,1.37,1,1,0,0,0,0
41.73,0,0,0,0,9999.0,2.89,1,0,0,0,1,0
37.83,0,0,0,0,9999.0,1.97,1,0,0,0,0,0
18.42,0,0,0,0,9999.0,1.53,1,1,0,1,0,0
141.16,0,0,0,0,9999.0,2.3,1,0,0,0,1,0
10.33,0,0,0,0,9999.0,1.41,1,0,0,1,0,0
104.11,1,0,0,0,9999.0,1.41,1,0,0,1,0,0
107.1,0,0,0,0,9999.0,3.09,1,0,0,0,0,0
16931.19,0,0,0,0,9999.0,1.53,1,1,0,0,0,0
8000.0,0,0,0,1,39.8,4.55,1,1,0,1,0,1
63.14,0,0,0,0,9999.0,1.38,1,0,0,0,1,0
41992.25,0,0,0,0,9999.0,2.25,1,0,0,1,0,0
41568.05,1,0,0,1,19.9,4.33,0,1,0,0,0,1
3711.49,1,0,0,0,11.1,3.8,1,1,0,1,1,1
31.88,1,0,0,0,9999.0,2.14,1,0,0,1,0,0
1125.48,0,0,0,1,738.0357563691617,1.51,1,0,0,1,0,0
75938.37,1,0,0,1,32.4,3.0,0,1,0,2,0,1
42.73,0,0,0,0,9999.0,1.86,1,0,0,0,0,0
2372.8,0,0,0,0,9999.0,3.06,1,1,0,0,0,0
2011.2,0,0,0,0,9999.0,2.06,1,1,0,0,0,0
981.3,0,0,0,0,9999.0,2.65,1,0,0,0,0,0
79.06,0,0,0,0,9999.0,1.62,1,0,0,1,0,0
92.86,0,0,0,0,9999.0,2.67,1,0,0,0,0,0
1949.24,0,0,0,0,9999.0,1.34,1,1,0,0,0,0
1194.22,0,0,0,0,9999.0,2.81,1,1,0,0,1,0
34513.15,1,0,1,0,9.9,4.72,0,1,0,2,0,1
482.46,0,0,0,0,9999.0,1.65,1,1,0,0,0,0
41.07,0,0,0,1,1219.3625763685875,1.93,1,0,0,0,0,0
135.59,0,0,0,0,9999.0,2.89,1,0,0,1,1,0
5873.54,1,1,1,1,12.7,2.84,0,0,0,1,0,1
146.57,0,0,0,0,9999.0,1.45,1,0,0,0,0,0
130.55,0,0,0,0,9999.0,2.84,1,1,0,0,0,0
515.66,0,0,0,1,400.5255403406172,2.99,1,0,0,0,0,0
119.11,0,0,0,0,9999.0,2.56,1,0,0,0,0,0
564.43,0,0,0,0,9999.0,1.46,1,1,0,0,0,0
1049.68,0,0,0,0,9999.0,2.54,1,0,0,0,0,0
78.88,0,0,0,0,9999.0,2.64,1,0,0,0,0,0
540.69,0,0,0,0,9999.0,1.34,1,0,0,0,0,0
2149.99,0,0,0,0,9999.0,1.69,1,0,0,0,1,0
1366.62,0,0,0,0,9999.0,2.93,1,1,0,0,0,0
2056.28,0,0,0,0,9999.0,1.32,1,0,0,0,0,0
124.01,0,0,0,0,9999.0,2.76,1,0,0,0,1,0
80.84,0,0,0,0,9999.0,1.93,1,0,0,0,0,0
925.7,0,0,0,0,9999.0,1.31,1,0,0,0,1,0
1892.11,0,0,0,0,9999.0,2.42,1,0,0,0,0,0
25902.99,0,0,0,0,9999.0,2.68,1,0,0,0,0,0
1588.3,0,0,0,0,9999.0,2.96,1,0,0,0,0,0
1500.0,0,0,0,1,26.0,3.32,0,1,0,1,1,1
43.03,0,0,0,1,1283.2458546053697,2.63,1,1,0,0,0,0
101.52,0,0,0,0,9999.0,2.1,1,1,0,1,0,0
1316.33,0,0,0,0,9999.0,1.46,1,0,0,0,0,0
1881.84,0,0,0,0,9999.0,2.83,1,0,0,0,0,0
2417.41,0,0,0,0,9999.0,1.74,1,0,0,0,0,0
318.01,0,0,0,0,9999.0,1.78,1,0,0,0,0,0
90.41,0,0,0,0,9999.0,1.5,1,0,0,0,1,0
8000.0,0,0,0,1,17.6,3.47,1,1,0,0,1,1
119.92,0,0,0,0,9999.0,2.43,1,0,0,0,0,0
2146.18,0,0,0,0,9999.0,1.61,1,1,0,0,0,0
2172.49,0,1,0,1,569.8147424031631,1.96,1,1,0,0,0,0
1945.97,0,0,0,0,9999.0,2.7,1,0,0,1,1,0
904.82,0,0,0,0,9999.0,2.18,1,0,0,0,0,0
107.64,0,0,0,0,9999.0,2.28,1,0,0,1,1,0
49.23,0,0,0,0,9999.0,1.28,1,0,0,0,0,0
1760.43,0,0,0,0,9999.0,2.01,1,1,0,0,0,0
2211.63,0,0,0,0,9999.0,2.79,1,0,0,0,0,0
961.42,0,0,0,1,376.39438377617125,2.59,1,0,0,1,0,0
116.37,0,0,0,0,9999.0,3.06,1,1,0,0,0,0
2399.32,0,0,0,0,9999.0,1.99,1,0,0,1,0,0
2493.71,0,0,0,1,402.562772233464,2.71,1,0,0,1,1,0
10.28,1,0,0,0,9999.0,2.71,1,1,0,0,0,0
1018.42,0,0,0,0,9999.0,1.71,1,0,0,2,1,0
36.5,0,0,0,0,9999.0,2.74,1,0,0,1,1,0
1500.0,1,0,0,1,4.6,2.8,1,1,0,1,0,1
70.36,0,0,0,0,9999.0,1.23,1,0,0,0,0,0
14.94,0,0,0,0,9999.0,1.47,1,0,0,0,0,0
2427.45,0,0,0,0,9999.0,1.21,1,0,0,0,0,0
642.83,0,0,0,0,9999.0,2.6,1,1,0,0,0,0
85.05,0,0,0,0,9999.0,2.2,1,0,0,0,0,0
443.63,0,0,0,0,9999.0,2.71,1,0,0,0,0,0
1582.71,0,0,0,0,9999.0,1.89,1,1,0,0,0,0
1401.61,0,0,0,0,9999.0,2.2,1,0,0,0,0,0
123.6,0,0,0,0,9999.0,1.69,1,0,0,0,0,0
113.09,0,0,0,0,9999.0,1.29,1,0,0,2,0,0
132.9,0,0,0,0,9999.0,1.94,1,1,0,0,0,0
302.92,0,0,0,0,9999.0,2.13,1,0,0,0,0,0
753.18,0,0,0,1,1421.4890425018843,1.52,1,0,0,0,0,0
25000.0,0,0,0,1,37.9,3.78,1,1,0,0,1,1
2063.48,0,0,0,0,9999.0,2.15,1,0,0,0,0,0
18993.59,0,0,0,0,9999.0,2.75,1,0,0,1,0,0
128.7,0,0,0,0,9999.0,2.79,1,0,0,0,0,0
130.27,0,0,0,0,9999.0,1.41,1,0,0,0,1,0
323.88,1,0,0,0,9999.0,1.43,1,0,0,0,1,0
203.1,0,0,0,0,9999.0,2.4,1,0,0,0,0,0
35.15,0,0,0,0,9999.0,1.66,1,1,0,0,0,0
18.08,0,0,0,0,9999.0,2.91,1,1,0,0,0,0
1769.82,0,0,0,0,9999.0,1.2,1,0,0,0,1,0
1196.53,0,0,0,0,9999.0,2.02,1,0,0,1,0,0
747.24,0,0,0,1,64.40170641116133,1.41,1,1,0,0,0,0
123.45,0,0,0,0,9999.0,3.09,1,1,0,0,0,0
8000.0,0,0,0,1,39.1,4.12,1,1,0,1,0,1
440.41,0,0,0,0,9999.0,1.78,1,0,0,0,0,0
703.96,1,1,0,1,1042.7217068074842,2.08,1,0,0,0,0,0
25599.72,0,0,0,0,9999.0,1.99,1,0,0,0,0,0
14203.06,0,1,0,1,8.0,3.96,0,1,0,1,0,1
57.98,0,0,0,1,1305.615449344442,1.68,1,0,0,0,0,0
109.45,1,0,0,0,9999.0,1.94,1,1,0,0,0,0
2500.0,0,0,0,1,6.1,3.2,0,1,1,1,0,1
1689.1,0,0,0,0,9999.0,1.7,1,0,0,0,0,0
2991.01,0,0,0,0,9999.0,1.91,1,1,0,0,0,0
2629.43,0,0,0,0,9999.0,2.68,1,0,0,0,0,0
5275.36,1,0,0,1,10.1,4.32,0,0,0,0,0,1
2679.35,0,0,0,0,9999.0,1.73,1,0,0,2,0,0
38324.68,1,0,0,1,15.6,4.1,0,1,0,2,1,1
2892.02,0,0,0,0,9999.0,1.57,1,1,0,0,0,0
1547.59,0,0,0,0,9999.0,1.7,1,0,0,0,0,0
2990.05,0,0,0,0,9999.0,2.6,1,1,0,0,0,0
96.05,0,0,0,0,9999.0,1.64,1,0,0,0,0,0
1937.12,0,0,0,0,9999.0,2.3,1,0,0,0,1,0
2896.35,0,0,0,0,9999.0,1.79,1,0,0,0,0,0
135.76,0,0,0,0,9999.0,2.62,1,0,0,0,0,0
1999.32,0,0,0,0,9999.0,2.18,1,0,0,1,0,0
964.64,0,0,0,0,9999.0,2.04,1,0,0,0,0,0
2679.74,0,0,0,0,9999.0,2.41,1,0,0,0,0,0
605.35,0,0,0,0,9999.0,2.73,1,0,0,0,0,0
96.39,0,0,0,0,9999.0,2.34,1,0,0,0,0,0
101.61,0,0,0,0,9999.0,2.12,1,1,0,0,0,0
24590.09,0,0,0,0,9999.0,2.15,1,1,0,2,0,0
140.13,0,0,0,0,9999.0,2.5,1,0,0,0,0,0
115.81,0,0,0,0,9999.0,1.51,1,0,0,1,0,0
31.82,0,0,0,0,9999.0,2.79,1,0,0,0,0,0
1974.86,0,0,0,0,9999.0,1.6,1,0,0,0,0,0
149.74,0,0,0,0,9999.0,2.63,1,0,0,0,0,0
88.51,0,0,0,0,9999.0,2.95,1,1,0,1,1,0
761.47,0,0,0,0,9999.0,1.34,1,0,0,0,0,0
15000.0,0,0,0,1,2.4,3.9,0,1,1,2,1,1
88.09,0,0,0,0,9999.0,2.11,1,0,0,0,0,0
17745.97,0,0,0,0,9999.0,1.62,1,0,0,1,0,0
515.82,0,0,0,0,9999.0,2.88,1,0,0,1,0,0
13.37,0,0,0,0,9999.0,2.98,1,0,0,1,0,0
9999.0,1,0,0,1,3.9,2.96,0,1,1,0,1,1
767.6,0,0,0,0,9999.0,2.07,1,1,0,1,0,0
499.07,0,0,0,0,9999.0,1.48,1,0,0,0,0,0
139.59,1,0,0,0,9999.0,2.18,1,0,0,1,0,0
24906.39,0,0,0,1,1320.3905868131028,1.2,1,0,0,1,0,0
36.26,0,0,0,0,9999.0,2.72,1,0,0,0,0,0
78.06,0,0,0,0,9999.0,2.99,1,0,0,0,0,0
475.69,0,0,0,0,9999.0,2.26,1,0,0,0,0,0
34532.81,1,0,0,1,24.8,4.6,1,1,0,1,1,1
2773.68,0,0,0,0,9999.0,3.0,1,1,0,0,1,0
90.29,0,0,0,0,9999.0,2.51,1,0,0,0,0,0
1146.43,0,0,0,0,9999.0,1.76,1,0,0,1,0,0
110.95,0,0,0,0,9999.0,2.0,1,1,0,1,0,0
1815.27,0,0,0,0,9999.0,1.42,1,0,0,0,1,0
145.87,0,0,0,0,9999.0,1.46,1,1,0,0,1,0
25.75,0,1,0,0,9999.0,2.41,1,0,0,0,0,0
24.76,0,0,0,0,9999.0,1.37,1,0,0,0,0,0
1471.3,0,0,0,0,9999.0,2.7,1,0,0,0,0,0
1454.58,0,0,0,0,9999.0,1.7,1,1,0,0,0,0
15.79,0,0,0,0,9999.0,1.53,1,0,0,0,0,0
153531.21,1,1,0,1,7.2,4.12,1,0,0,1,1,1
78.48,0,0,0,0,9999.0,2.78,1,0,0,0,0,0
25000.0,1,0,0,0,0.7,3.06,1,1,1,2,0,1
98.18,0,0,0,0,9999.0,1.57,1,0,0,1,0,0
24.1,0,0,0,0,9999.0,1.95,1,0,0,0,0,0
682.05,1,0,0,0,9999.0,2.51,1,0,0,0,0,0
1068.57,0,0,0,0,9999.0,1.5,1,0,0,0,0,0
3000.0,0,0,0,1,29.2,3.95,1,1,0,2,0,1
559.33,0,0,0,0,9999.0,2.33,1,1,0,0,1,0
2290.5,0,0,0,1,426.8969198251476,1.69,1,0,0,0,0,0
1268.28,0,0,0,0,9999.0,2.1,1,0,0,1,0,0
822.56,0,0,0,1,751.0358056439092,2.71,1,0,0,0,1,0
69.53,0,0,0,0,9999.0,2.79,1,1,0,0,0,0
101.65,0,0,0,0,9999.0,1.46,1,0,0,0,0,0
120.91,0,0,0,0,9999.0,2.91,1,0,0,0,0,0
43158.78,1,1,0,1,11.3,3.68,1,1,0,2,1,1
69.94,0,0,0,0,9999.0,3.06,1,0,0,0,0,0
552.86,0,0,0,0,9999.0,1.97,1,0,0,0,0,0
2707.54,0,0,0,0,9999.0,1.6,1,0,0,0,0,0
138.29,0,0,0,0,9999.0,2.72,1,0,0,1,0,0
27.37,0,0,0,0,9999.0,2.09,1,0,0,1,0,0
68.11,0,0,0,0,9999.0,1.61,1,0,0,0,0,0
2036.26,0,0,0,0,9999.0,3.09,1,1,0,0,0,0
34.77,0,0,0,0,9999.0,1.44,1,1,0,0,0,0
37.12,0,0,0,0,9999.0,2.81,1,0,0,0,1,0
24132.32,0,0,0,0,9999.0,2.5,1,0,0,0,0,0
8000.0,1,0,0,1,37.2,4.57,0,1,0,2,0,1
89.47,0,0,0,0,9999.0,1.35,1,1,0,0,0,0
582.02,0,0,0,0,9999.0,2.96,1,0,0,0,0,0
274.03,0,0,0,0,9999.0,2.15,1,0,0,0,0,0
2448.65,1,0,0,1,1103.038146978235,3.0,1,1,0,0,0,0
1968.75,0,0,0,0,9999.0,1.63,1,1,0,2,0,0
2777.23,1,0,0,1,9.6,4.0,1,1,0,0,0,1
146.76,0,0,0,0,9999.0,2.58,1,0,0,0,0,0
19884.24,1,0,0,1,8.4,3.32,0,1,0,0,0,1
39533.88,0,0,0,0,9999.0,2.94,1,1,0,0,0,0
767.31,0,0,0,1,384.4655561023419,1.27,1,1,0,0,0,0
11.47,0,0,0,0,9999.0,1.61,1,0,0,1,0,0
1529.23,0,0,0,0,9999.0,1.75,1,1,0,0,0,0
31.93,0,0,0,0,9999.0,2.18,1,1,0,0,0,0
2568.65,1,0,0,0,9999.0,3.1,1,0,0,0,1,0
22239.9,1,1,0,1,13.5,3.17,1,1,0,0,0,1
5429.93,1,0,0,1,11.4,4.32,0,1,0,1,1,1
136.8,0,0,0,0,9999.0,2.91,1,1,0,0,0,0
2766.46,0,0,0,0,9999.0,3.01,1,0,0,1,1,0
73.76,0,0,0,0,9999.0,2.44,1,0,0,2,0,0
45.21,0,0,0,0,9999.0,1.81,1,0,0,2,0,0
2981.93,0,0,0,0,9999.0,2.27,1,0,0,0,0,0
2323.85,0,0,0,0,9999.0,2.17,1,0,0,0,0,0
2696.75,0,0,0,0,9999.0,2.31,1,1,0,0,0,0
1764.0,0,0,0,1,539.9411529682995,2.42,1,1,0,0,0,0
635.83,0,0,0,0,9999.0,2.3,1,0,0,0,0,0
2185.3,0,0,0,0,9999.0,1.71,1,0,0,0,0,0
35450.57,1,1,0,1,11.3,3.53,0,1,0,0,0,1
2857.3,0,0,0,0,9999.0,2.54,1,1,0,0,0,0
1500.0,0,0,0,0,33.4,4.08,1,1,0,2,0,1
36118.62,0,0,0,0,9999.0,1.99,1,1,0,0,1,0
134.44,0,0,0,0,9999.0,1.28,1,0,0,0,0,0
291.88,0,0,0,1,405.448511296318,1.99,1,1,0,1,0,0
1601.78,0,0,0,0,9999.0,2.18,1,0,0,2,1,0
647.71,0,0,0,0,9999.0,2.28,1,1,0,0,0,0
1500.0,0,0,0,1,29.7,4.06,0,1,0,2,0,1
130.39,0,0,0,1,1242.6645783074753,3.09,1,1,0,1,0,0
141.3,0,0,0,0,9999.0,2.99,1,0,0,0,0,0
120.75,0,0,0,0,9999.0,1.77,1,1,0,0,0,0
43.24,0,0,0,0,9999.0,2.29,1,1,0,0,0,0
1688.46,0,0,0,1,149.74902327661317,1.87,1,0,0,1,0,0
2985.24,0,0,0,0,9999.0,1.6,1,0,0,0,1,0
37908.56,1,1,0,1,14.3,4.56,1,1,0,0,1,1
88.65,0,0,0,0,9999.0,1.62,1,1,0,1,0,0
2844.28,1,0,0,0,9999.0,2.51,1,0,0,1,0,0
149.29,0,0,0,0,9999.0,1.51,1,0,0,1,0,0
2346.0,0,0,0,0,9999.0,1.76,1,0,0,1,0,0
1947.42,0,0,0,0,9999.0,2.18,1,0,0,0,0,0
2029.16,0,0,0,1,1330.2610858187609,2.11,1,0,0,0,0,0
1642.32,0,0,0,1,1265.283833134615,2.62,1,0,0,0,0,0
99.58,1,0,0,0,9999.0,2.05,1,0,0,0,0,0
1780.49,0,0,0,0,9999.0,2.86,1,0,0,0,0,0
722.13,0,0,0,0,9999.0,1.29,1,0,0,0,0,0
108.46,0,1,0,0,9999.0,2.29,1,0,0,1,0,0
737.13,0,0,0,0,9999.0,2.01,1,0,0,0,0,0
1298.48,0,0,0,0,9999.0,2.54,1,1,0,0,0,0
2403.88,0,0,0,0,9999.0,2.26,1,0,0,0,0,0
836.46,0,0,0,0,9999.0,2.26,1,1,0,1,0,0
1638.69,0,0,0,0,9999.0,1.31,1,0,0,0,0,0
138.61,0,0,0,0,9999.0,2.02,1,0,0,0,0,0
2050.62,0,0,0,0,9999.0,3.02,1,1,0,0,1,0
142.95,0,0,0,0,9999.0,1.34,1,0,0,0,1,0
2500.0,1,0,0,1,6.3,4.22,0,1,1,1,0,1
1531.99,0,0,0,0,9999.0,2.08,1,0,0,0,0,0
2491.98,0,0,0,0,9999.0,1.82,1,0,0,0,0,0
20555.8,0,0,0,0,9999.0,2.97,1,0,0,0,0,0
494.82,0,0,0,0,9999.0,1.67,1,0,0,0,0,0
2957.16,0,0,0,0,9999.0,2.75,1,0,0,0,0,0
2812.15,0,0,0,1,575.9880190747067,1.6,1,0,0,1,0,0
129.78,0,0,0,0,9999.0,1.26,1,1,0,0,0,0
82.56,0,0,0,0,9999.0,1.54,1,0,0,0,0,0
32.24,0,0,0,0,9999.0,2.67,1,1,0,1,0,0
2320.62,0,0,0,1,1316.7405641455662,1.69,1,0,0,0,0,0
33.59,0,0,0,0,9999.0,1.92,1,0,0,1,1,0
913.71,0,0,0,0,9999.0,2.61,1,1,0,0,0,0
5000.0,0,0,0,1,5.4,4.27,0,1,1,1,0,1
6185.66,1,0,0,1,1.0,4.59,1,1,0,1,1,1
1692.4,1,0,0,0,9999.0,2.29,1,1,0,0,0,0
1459.31,0,0,0,0,9999.0,1.43,1,0,0,0,0,0
1511.78,0,0,0,0,9999.0,2.06,1,1,0,0,0,0
1792.54,0,0,0,0,9999.0,2.02,1,1,0,0,0,0
123.73,0,0,0,0,9999.0,1.84,1,1,0,1,0,0
601.29,0,0,0,0,9999.0,1.94,1,0,0,0,0,0
81.49,0,0,0,0,9999.0,1.55,1,0,0,0,0,0
40725.41,0,0,0,1,802.0870888026119,2.43,1,0,0,0,0,0
46.82,1,0,0,0,9999.0,2.23,1,0,0,0,0,0
699.34,0,0,0,0,9999.0,1.51,1,0,0,0,0,0
596.21,0,0,0,0,9999.0,2.17,1,0,0,0,0,0
2757.77,0,0,0,1,10.6,3.12,1,1,0,1,1,1
9999.0,0,0,0,1,2.1,2.95,0,1,1,1,1,1
13071.45,0,0,0,0,9999.0,2.14,1,0,0,0,1,0
132.68,0,0,0,0,9999.0,1.26,1,0,0,1,0,0
8000.0,1,0,0,1,31.5,4.57,0,0,0,0,0,1
1697.25,1,0,0,0,9999.0,1.21,1,1,0,2,0,0
12091.02,0,0,0,0,9999.0,1.72,1,1,0,0,0,0
123.08,0,0,0,0,9999.0,2.98,1,0,0,0,1,0
140.33,0,0,0,0,9999.0,3.02,1,0,0,1,0,0
106.69,0,0,0,0,9999.0,1.27,1,1,0,0,0,0
430.11,0,0,0,0,9999.0,2.74,1,0,0,0,0,0
938.18,0,0,0,0,9999.0,1.47,1,0,0,0,0,0
1375.65,0,0,0,0,9999.0,1.92,1,0,0,0,0,0
36.02,0,0,0,1,1325.741087357545,1.49,1,0,0,0,0,0
36603.42,0,0,0,1,433.0191989691952,2.81,1,0,0,0,0,0
123.31,0,0,0,0,9999.0,1.96,1,0,0,0,0,0
84.71,0,0,0,0,9999.0,2.42,1,0,0,0,0,0
1446.42,0,0,0,0,9999.0,2.66,1,1,0,0,0,0
82.23,0,0,0,0,9999.0,2.42,1,1,0,0,0,0
72.12,0,0,0,0,9999.0,1.79,1,0,0,0,0,0
119.23,0,0,0,0,9999.0,2.0,1,1,0,0,0,0
72.62,0,0,0,0,9999.0,1.79,1,0,0,0,0,0
25000.0,1,0,0,1,40.7,3.93,1,1,0,1,0,1
13895.8,0,0,0,0,9999.0,1.4,1,0,0,0,0,0
31677.33,0,0,0,0,9999.0,1.41,1,0,0,0,0,0
788.02,0,0,0,0,9999.0,2.4,1,1,0,0,0,0
1565.25,1,0,0,0,9999.0,2.33,1,1,0,0,1,0
12951.11,0,0,0,0,9999.0,2.28,1,0,0,0,0,0
133.14,0,0,0,0,9999.0,1.51,1,0,0,2,0,0
96.68,0,0,0,0,9999.0,2.62,1,1,0,0,0,0
42.2,0,0,0,0,9999.0,1.79,1,0,0,0,0,0
1227.76,0,0,0,0,9999.0,2.35,1,1,0,2,0,0
2622.76,0,0,0,0,9999.0,1.88,1,1,0,0,1,0
2087.18,0,0,0,0,9999.0,2.87,1,0,0,0,0,0
2733.06,0,0,0,0,9999.0,2.65,1,1,0,2,0,0
1825.81,0,0,0,0,9999.0,2.58,1,1,0,0,0,0
1532.15,0,0,0,0,9999.0,2.64,1,0,0,1,0,0
123.94,0,0,0,0,9999.0,2.62,1,0,0,0,0,0
1202.65,0,0,0,0,9999.0,2.05,1,0,0,1,1,0
135.88,0,0,0,0,9999.0,2.95,1,0,0,1,0,0
46.49,0,0,0,0,9999.0,3.05,1,0,0,0,0,0
2667.47,0,0,0,0,9999.0,2.23,1,0,0,1,1,0
1969.1,0,0,0,0,9999.0,1.51,1,0,0,0,0,0
1514.54,1,0,0,1,1263.9727068093923,2.9,1,0,0,0,0,0
1825.77,0,0,0,0,9999.0,1.96,1,0,0,0,0,0
1202.2,1,0,0,1,172.8966349023559,1.23,1,0,0,0,0,0
2617.96,0,0,0,0,9999.0,1.68,1,0,0,0,0,0
4643.77,0,0,1,1,6.7,2.89,1,1,0,1,0,1
60.52,0,0,0,0,9999.0,2.72,1,0,0,1,0,0
1915.54,0,0,0,0,9999.0,2.64,1,0,0,0,0,0
663.69,0,0,0,0,9999.0,2.22,1,0,0,0,1,0
1280.08,0,0,0,0,9999.0,2.8,1,0,0,0,1,0
33.34,0,0,0,0,9999.0,2.68,1,1,0,2,0,0
100.08,0,0,0,1,865.7501901798385,2.33,1,1,0,1,1,0
150256.78,1,0,0,1,12.2,4.41,0,1,0,0,0,1
2500.0,0,0,0,0,6.9,3.5,1,1,1,2,0,1
2406.08,0,0,0,1,1286.0172187687576,3.01,1,0,0,0,1,0
11.83,0,0,0,0,9999.0,1.54,1,0,0,0,0,0
1113.28,0,0,0,0,9999.0,2.3,1,0,0,0,0,0
1764.11,0,0,0,0,9999.0,1.8,1,1,0,0,0,0
2414.19,0,0,0,0,9999.0,1.76,1,1,0,0,0,0
1074.98,0,0,0,0,9999.0,2.6,1,0,0,0,0,0
149.58,0,0,0,0,9999.0,1.6,1,0,0,2,1,0
77.55,0,0,0,0,9999.0,2.8,1,1,0,0,0,0
56.15,0,0,0,1,671.2094724276171,2.8,1,0,0,0,0,0
106.79,0,0,0,0,9999.0,3.06,1,0,0,0,0,0
72.34,0,0,0,1,582.6774514749501,2.4,1,0,0,0,0,0
48.69,0,0,0,0,9999.0,2.77,1,0,0,0,0,0
97.91,1,0,0,0,9999.0,1.25,1,0,0,0,0,0
44645.38,0,0,0,0,9999.0,1.98,1,0,0,0,0,0
5000.0,1,0,0,0,7.4,3.25,1,0,1,1,0,1
22.32,0,0,0,0,9999.0,2.16,1,0,0,0,0,0
107.06,0,0,0,0,9999.0,2.2,1,0,0,0,0,0
2268.95,0,0,0,1,1319.5500962199487,2.64,1,1,0,0,0,0
31.51,0,0,0,0,9999.0,2.42,1,0,0,1,1,0
28576.74,0,0,0,0,9999.0,2.28,1,1,0,0,0,0
2088.77,0,0,0,1,1198.1264708149486,2.11,1,0,0,0,1,0
88.31,0,0,0,0,9999.0,1.73,1,0,0,0,0,0
46.54,0,0,0,0,9999.0,2.64,1,0,0,1,1,0
51.88,0,0,0,0,9999.0,1.45,1,0,0,0,0,0
95.19,0,0,0,0,9999.0,1.3,1,0,0,0,0,0
22.09,0,0,0,0,9999.0,2.35,1,0,0,0,0,0
147.39,1,0,0,0,9999.0,1.77,1,0,0,0,0,0
67.8,0,0,0,0,9999.0,1.76,1,0,0,0,0,0
2082.46,0,0,0,0,9999.0,3.03,1,0,0,0,0,0
2053.31,0,0,0,0,9999.0,2.79,1,0,0,1,0,0
67.34,0,0,0,0,9999.0,2.12,1,1,0,0,0,0
42534.07,0,1,0,1,17.4,4.54,0,1,0,2,0,1
571.99,0,0,0,0,9999.0,1.84,1,1,0,0,0,0
939.97,0,0,0,0,9999.0,2.27,1,1,0,1,0,0
5024.55,1,0,0,1,18.7,3.22,1,1,0,2,0,1
69.54,0,0,0,0,9999.0,1.64,1,0,0,0,0,0
9999.0,0,0,0,1,0.8,3.85,0,1,1,2,0,1
41.3,0,0,0,1,866.4224464430903,3.04,1,1,0,0,0,0
2294.89,0,0,0,0,9999.0,1.41,1,1,0,2,0,0
2358.7,0,0,0,0,9999.0,1.62,1,1,0,0,0,0
127.14,0,0,0,0,9999.0,2.81,1,0,0,1,1,0
10874.75,0,0,0,0,9999.0,2.19,1,1,0,0,0,0
2569.83,0,0,0,0,9999.0,1.79,1,0,0,0,0,0
1389.53,1,0,0,0,9999.0,2.01,1,0,0,0,0,0
32529.44,0,0,0,0,9999.0,1.44,1,0,0,0,0,0
29572.95,0,0,0,0,9999.0,2.87,1,0,0,0,0,0
1334.44,0,0,0,0,9999.0,1.26,1,0,0,0,0,0
592.21,0,0,0,0,9999.0,1.54,1,1,0,2,0,0
214.99,0,0,0,0,9999.0,1.7,1,0,0,0,0,0
435.45,0,0,0,0,9999.0,2.54,1,0,0,0,0,0
2250.55,0,0,0,0,9999.0,2.35,1,0,0,0,0,0
28.43,0,0,0,0,9999.0,1.75,1,1,0,0,0,0
37210.16,0,0,0,0,9999.0,2.58,1,1,0,0,0,0
11.69,0,0,0,0,9999.0,2.08,1,0,0,0,0,0
2397.95,0,0,0,0,9999.0,1.33,1,0,0,0,1,0
292.5,0,0,0,0,9999.0,3.07,1,1,0,0,0,0
2548.22,0,0,0,0,9999.0,1.73,1,0,0,0,0,0
1500.0,0,0,0,1,38.5,3.25,1,0,0,0,1,1
13.17,0,0,0,0,9999.0,1.77,1,0,0,0,1,0
14.4,0,0,0,0,9999.0,1.4,1,0,0,0,0,0
25000.0,1,0,0,1,3.3,4.33,1,1,1,2,1,1
1337.25,0,0,0,0,9999.0,1.57,1,0,0,1,1,0
31.7,0,0,0,0,9999.0,1.95,1,0,0,0,0,0
2427.71,0,0,0,0,9999.0,1.87,1,1,0,0,1,0
57.42,0,0,0,0,9999.0,2.63,1,0,0,0,0,0
30.78,0,0,0,0,9999.0,2.01,1,0,0,0,0,0
16.7,0,0,0,0,9999.0,2.5,1,0,0,1,1,0
36712.32,0,0,0,0,9999.0,1.5,1,1,0,0,0,0
9999.0,1,0,0,1,4.6,3.94,1,1,1,2,0,1
25000.0,1,0,0,1,5.2,4.26,1,0,1,1,1,1
691.2,0,0,0,1,1122.8160098313128,1.81,1,1,0,0,0,0
91.41,0,0,0,0,9999.0,1.64,1,0,0,1,0,0
1694.66,0,0,0,0,9999.0,2.82,1,0,0,0,0,0
2679.45,1,0,0,0,9999.0,2.01,1,0,0,1,0,0
2267.22,0,0,0,0,9999.0,2.14,1,0,0,0,0,0
25.64,0,0,0,0,9999.0,3.0,1,1,0,2,0,0
92.5,0,0,0,0,9999.0,1.96,1,1,0,0,0,0
149.09,0,0,0,0,9999.0,2.72,1,0,0,2,0,0
3000.0,0,0,0,1,24.3,3.49,0,1,0,0,1,1
2201.99,0,0,0,0,9999.0,2.02,1,1,0,1,0,0
1602.39,0,0,0,0,9999.0,2.84,1,0,0,0,1,0
2001.26,0,0,0,0,9999.0,1.86,1,0,0,1,0,0
50.89,0,0,0,0,9999.0,2.06,1,0,0,1,0,0
1690.15,0,0,0,0,9999.0,1.22,1,0,0,0,0,0
1620.01,0,0,0,0,9999.0,1.76,1,1,0,0,1,0
2041.49,0,0,0,1,1380.7538188545857,1.49,1,1,0,1,0,0
223.52,0,0,0,0,9999.0,1.39,1,0,0,0,0,0
732.47,0,0,0,0,9999.0,2.68,1,0,0,0,0,0
29.11,0,0,0,0,9999.0,2.37,1,0,0,0,1,0
274.14,0,0,0,0,9999.0,2.59,1,0,0,0,1,0
780.36,0,0,0,0,9999.0,2.6,1,1,0,0,0,0
16491.78,0,0,0,1,706.4253832652656,2.23,1,0,0,0,0,0
2055.87,0,0,0,0,9999.0,2.43,1,0,0,1,0,0
2007.38,0,0,0,0,9999.0,2.54,1,1,0,1,0,0
1109.07,0,0,0,0,9999.0,3.07,1,0,0,0,0,0
42.72,0,0,0,1,1276.775504330985,1.55,1,1,0,0,0,0
15000.0,1,0,0,1,2.8,3.76,0,1,1,2,1,1
28.61,0,0,0,0,9999.0,1.73,1,1,0,0,0,0
82.18,0,0,0,0,9999.0,1.45,1,0,0,0,0,0
75.83,0,0,0,0,9999.0,2.19,1,0,0,1,1,0
77.8,0,0,0,1,422.4432224278914,2.37,1,0,0,0,0,0
119.83,0,0,0,0,9999.0,2.55,1,1,0,1,1,0
1388.11,0,0,0,0,9999.0,2.92,1,1,0,1,0,0
19.2,0,0,0,0,9999.0,3.04,1,0,0,0,0,0
2629.18,1,0,0,0,9999.0,2.56,1,0,0,1,0,0
700.75,0,0,0,0,9999.0,2.23,1,0,0,1,0,0
1153.95,0,0,0,0,9999.0,2.14,1,1,0,0,1,0
28.54,0,0,0,0,9999.0,2.0,1,1,0,0,0,0
63.88,0,0,0,0,9999.0,1.59,1,1,0,0,0,0
73.79,0,0,0,0,9999.0,1.98,1,0,0,0,0,0
437.77,0,0,0,0,9999.0,2.47,1,0,0,0,0,0
72.61,0,0,0,0,9999.0,1.34,1,0,0,1,0,0
35697.34,0,0,0,0,9999.0,1.69,1,0,0,0,0,0
25000.0,0,0,0,0,14.8,4.72,1,1,0,1,0,1
1388.81,0,0,0,0,9999.0,2.51,1,1,0,0,0,0
22.78,0,0,0,0,9999.0,1.57,1,1,0,0,0,0
1381.73,0,0,0,0,9999.0,2.74,1,0,0,0,0,0
2840.82,0,0,0,1,884.283464571665,1.45,1,1,0,1,0,0
2784.9,0,0,0,0,9999.0,2.8,1,0,0,0,0,0
2549.78,0,0,0,1,413.6245599930164,2.97,1,0,0,0,0,0
8000.0,0,0,0,1,27.7,3.16,1,1,0,1,0,1
42970.48,0,0,0,1,997.1715862637992,2.36,1,0,0,0,0,0
2126.74,0,0,0,0,9999.0,3.06,1,0,0,2,0,0
76542.97,1,1,0,1,28.9,2.96,0,1,0,2,1,1
584.63,0,0,0,0,9999.0,2.48,1,0,0,0,1,0
2751.5,0,0,0,0,9999.0,2.13,1,0,0,0,0,0
61.56,0,0,0,0,9999.0,2.48,1,0,0,0,0,0
21.24,0,0,0,0,9999.0,2.43,1,0,0,1,0,0
1661.35,0,0,0,0,9999.0,2.29,1,0,0,0,1,0
36.82,0,0,0,0,9999.0,1.24,1,0,0,0,0,0
147.85,0,0,0,1,363.1973348690464,2.49,1,1,0,0,0,0
473.11,0,0,0,0,9999.0,1.53,1,0,0,0,0,0
1457.72,0,0,0,0,9999.0,2.6,1,0,0,1,0,0
1393.85,0,0,0,0,9999.0,1.21,1,1,0,0,0,0
112.34,0,0,0,0,9999.0,1.65,1,0,0,1,0,0
89.77,0,0,0,0,9999.0,1.88,1,1,0,0,0,0
1022.17,0,0,0,0,9999.0,2.92,1,1,0,0,0,0
606.92,0,0,0,0,9999.0,2.34,1,0,0,0,0,0
1675.04,0,0,0,0,9999.0,2.98,1,1,0,0,0,0
1023.53,0,0,0,0,9999.0,2.0,1,0,0,1,0,0
1273.11,0,0,0,0,9999.0,2.09,1,1,0,0,0,0
18784.2,1,1,0,1,21.7,4.79,1,0,0,2,1,1
1435.11,1,0,0,0,9999.0,1.88,1,0,0,1,0,0
62.76,0,0,0,0,9999.0,1.6,1,0,0,0,0,0
2929.6,1,0,0,0,6.0,3.83,1,1,0,1,0,1
1734.23,0,0,0,0,9999.0,2.48,1,0,0,0,0,0
25000.0,0,0,0,1,10.3,4.16,1,1,0,2,1,1
25000.0,0,0,0,1,40.1,4.05,0,1,0,2,0,1
39.53,0,0,0,0,9999.0,1.75,1,0,0,0,0,0
77.74,0,0,0,0,9999.0,2.45,1,0,0,2,1,0
968.06,0,0,0,1,73.75061686960825,1.53,1,1,0,0,0,0
110.89,0,0,0,0,9999.0,3.01,1,0,0,0,0,0
1678.53,0,0,0,0,9999.0,1.44,1,0,0,0,0,0
934.82,0,0,0,0,9999.0,1.22,1,0,0,1,0,0
2497.41,1,0,0,0,9999.0,2.09,1,0,0,0,0,0
1903.89,0,0,0,0,9999.0,1.27,1,0,0,0,0,0
5000.0,0,0,0,1,1.1,4.51,1,1,1,0,1,1
1555.89,0,0,0,0,9999.0,2.7,1,0,0,0,0,0
25000.0,0,0,0,1,42.9,4.75,1,1,0,0,0,1
1579.43,0,0,0,0,9999.0,2.37,1,0,0,1,0,0
12059.13,0,0,0,0,9999.0,1.57,1,0,0,2,1,0
2594.65,0,0,0,0,9999.0,1.88,1,0,0,0,0,0
27.61,0,0,0,0,9999.0,1.25,1,0,0,0,0,0
944.75,0,0,0,0,9999.0,1.86,1,1,0,0,0,0
2181.75,0,0,0,0,9999.0,2.73,1,1,0,0,1,0
232.2,0,0,0,0,9999.0,2.56,1,0,0,0,1,0
100.71,0,0,0,0,9999.0,1.45,1,1,0,0,0,0
1815.16,0,0,0,0,9999.0,2.75,1,0,0,0,0,0
2131.18,0,0,0,0,9999.0,1.85,1,0,0,1,0,0
2411.88,0,0,0,0,9999.0,1.66,1,1,0,2,0,0
150642.75,1,1,0,0,14.2,4.53,0,1,0,1,0,1
51.72,0,0,0,0,9999.0,1.39,1,0,0,0,0,0
2364.53,0,0,0,1,440.57431693416805,1.27,1,0,0,0,0,0
1380.15,0,0,0,0,9999.0,1.98,1,0,0,0,1,0
2788.17,0,0,0,1,693.0315241857513,2.47,1,0,0,0,0,0
134.21,0,0,0,0,9999.0,2.88,1,0,0,0,0,0
126.34,0,0,0,0,9999.0,2.72,1,1,0,0,0,0
321.32,0,0,0,0,9999.0,2.04,1,0,0,0,0,0
1055.72,0,0,0,0,9999.0,2.57,1,0,0,0,1,0
104.13,0,0,0,0,9999.0,3.01,1,0,0,1,0,0
2411.0,0,0,0,0,9999.0,2.2,1,0,0,0,0,0
1252.56,0,0,0,0,9999.0,1.46,1,0,0,0,0,0
262.03,0,0,0,0,9999.0,1.41,1,1,0,1,0,0
38.7,0,0,0,0,9999.0,2.67,1,0,0,0,0,0
2787.66,0,0,0,0,9999.0,2.21,1,0,0,0,0,0
110.48,0,0,0,0,9999.0,1.24,1,0,0,0,1,0
93.32,0,0,0,0,9999.0,1.68,1,0,0,0,1,0
25338.27,1,1,0,1,24.2,2.8,1,1,0,1,0,1
139.9,0,0,0,0,9999.0,2.97,1,0,0,0,0,0
29.51,1,0,0,0,9999.0,1.75,1,1,0,0,0,0
84.83,0,0,0,0,9999.0,1.34,1,1,0,0,0,0
789.94,0,0,0,0,9999.0,2.27,1,0,0,0,0,0
105.27,0,0,0,0,9999.0,1.42,1,0,0,0,0,0
44.43,0,0,0,0,9999.0,2.49,1,0,0,1,0,0
1548.85,0,0,0,0,9999.0,1.93,1,1,0,0,0,0
13.61,1,0,0,0,9999.0,2.07,1,0,0,0,0,0
1300.17,0,0,0,0,9999.0,1.53,1,0,0,1,0,0
1003.15,0,0,0,1,1378.6297849272948,2.95,1,1,0,0,0,0
141.14,0,0,0,0,9999.0,2.71,1,0,0,0,0,0
2623.89,0,0,0,0,9999.0,1.87,1,0,0,0,1,0
33.07,0,0,0,1,235.4507797449077,1.91,1,0,0,0,0,0
63.48,0,0,0,0,9999.0,2.15,1,0,0,1,0,0
43158.93,0,0,0,0,9999.0,2.55,1,0,0,0,0,0
111.24,0,0,0,0,9999.0,1.23,1,0,0,1,0,0
2487.56,0,0,0,0,9999.0,2.84,1,0,0,0,0,0
1221.57,0,0,0,0,9999.0,1.85,1,1,0,0,1,0
2218.02,0,0,0,0,9999.0,2.95,1,0,0,0,0,0
53.56,0,0,0,0,9999.0,1.87,1,1,0,0,0,0
1499.69,0,0,0,0,9999.0,1.64,1,0,0,0,0,0
1871.97,0,0,0,0,9999.0,2.37,1,0,0,0,0,0
95.16,0,0,0,0,9999.0,1.24,1,1,0,0,0,0
60.08,0,0,0,0,9999.0,1.44,1,0,0,0,0,0
13.6,0,0,0,0,9999.0,2.32,1,0,0,0,1,0
2065.14,0,0,0,0,9999.0,2.72,1,0,0,1,1,0
2114.2,0,0,0,0,9999.0,1.36,1,1,0,0,0,0
2534.16,0,0,0,0,9999.0,2.21,1,0,0,2,0,0
118.89,0,0,0,0,9999.0,1.57,1,0,0,0,0,0
2864.76,0,0,0,0,9999.0,2.68,1,0,0,2,0,0
1895.2,0,0,0,0,9999.0,3.0,1,0,0,0,0,0
137.99,0,0,0,0,9999.0,1.23,1,0,0,1,0,0
16.99,0,0,0,0,9999.0,1.25,1,0,0,0,0,0
2343.46,0,0,0,1,64.95154817201274,2.75,1,0,0,1,0,0
129.3,0,0,0,0,9999.0,2.16,1,1,0,0,0,0
22.45,0,0,0,0,9999.0,1.27,1,1,0,1,0,0
2898.9,0,0,0,0,9999.0,2.42,1,0,0,0,0,0
2500.0,1,0,0,1,6.7,2.84,1,0,1,0,0,1
2891.72,0,0,0,0,9999.0,1.99,1,0,0,0,0,0
103.97,0,0,0,0,9999.0,1.44,1,1,0,0,0,0
5184.86,0,1,0,1,13.2,3.58,0,1,0,0,1,1
1949.18,0,0,0,0,9999.0,1.74,1,0,0,0,1,0
137.66,0,0,0,0,9999.0,1.88,1,0,0,1,1,0
2602.05,0,0,0,0,9999.0,2.13,1,0,0,0,0,0
67.34,0,0,0,0,9999.0,1.56,1,0,0,0,0,0
2061.81,0,0,0,0,9999.0,1.27,1,1,0,0,0,0
77.25,0,0,0,0,9999.0,2.53,1,0,0,1,1,0
148.0,0,0,0,0,9999.0,1.99,1,0,0,2,0,0
134.6,0,0,0,0,9999.0,2.32,1,0,0,0,0,0
123.32,0,0,0,0,9999.0,1.95,1,0,0,0,0,0
816.82,0,0,0,0,9999.0,2.75,1,0,0,0,1,0
16.92,0,0,0,0,9999.0,1.3,1,0,0,0,0,0
1276.11,0,0,0,0,9999.0,1.52,1,1,0,1,0,0
5372.39,0,0,0,1,2.0,2.94,1,0,0,1,1,1
2707.57,0,0,0,0,9999.0,2.39,1,0,0,0,0,0
107.42,0,0,0,0,9999.0,1.6,1,1,0,0,0,0
1379.47,0,0,0,0,9999.0,2.82,1,0,0,1,0,0
100.69,0,0,0,0,9999.0,3.0,1,0,0,0,0,0
98.81,0,0,0,0,9999.0,2.9,1,1,0,0,0,0
83.14,0,0,0,0,9999.0,2.09,1,1,0,1,0,0
1847.61,0,0,0,0,9999.0,2.55,1,1,0,1,0,0
117.99,0,0,0,0,9999.0,2.39,1,0,0,0,0,0
1000.21,0,0,0,0,9999.0,2.05,1,0,0,1,0,0
1407.71,0,0,0,0,9999.0,2.18,1,1,0,0,1,0
2322.6,0,0,0,0,9999.0,2.75,1,0,0,1,0,0
504.29,0,0,0,0,9999.0,2.48,1,0,0,0,0,0
1778.41,0,0,0,0,9999.0,2.81,1,0,0,1,1,0
59.55,0,0,0,0,9999.0,2.67,1,0,0,2,1,0
127.27,0,0,0,0,9999.0,1.74,1,0,0,0,0,0
18.98,0,0,0,0,9999.0,2.9,1,0,0,0,0,0
98.7,0,0,0,0,9999.0,2.75,1,1,0,0,0,0
24.83,0,0,0,0,9999.0,1.25,1,1,0,0,0,0
96.8,0,0,0,0,9999.0,1.87,1,1,0,1,0,0
1015.75,0,0,0,0,9999.0,1.77,1,0,0,1,1,0
43.65,1,0,0,0,9999.0,1.73,1,0,0,0,0,0
77123.31,1,1,0,1,5.6,4.77,1,1,0,2,1,1
67.72,0,0,0,0,9999.0,2.33,1,1,0,0,0,0
2349.9,0,0,0,0,9999.0,1.65,1,1,0,1,0,0
1201.23,0,0,0,0,9999.0,1.33,1,0,0,0,0,0
12.06,0,0,0,1,257.5780352593541,2.68,1,0,0,0,0,0
2008.07,0,0,0,0,9999.0,2.65,1,0,0,0,0,0
43.92,0,0,0,0,9999.0,1.69,1,0,0,0,0,0
11177.95,1,1,0,0,20.6,4.79,0,1,0,1,0,1
45.33,0,0,0,0,9999.0,2.78,1,0,0,0,0,0
2385.78,0,0,0,0,9999.0,2.08,1,0,0,0,0,0
25000.0,1,0,0,1,2.5,3.02,1,1,1,0,0,1
539.16,0,0,0,0,9999.0,2.04,1,0,0,0,0,0
25000.0,0,0,0,1,7.4,4.38,1,1,0,0,1,1
5000.0,0,0,0,1,7.3,3.09,1,1,1,1,0,1
810.14,0,0,0,0,9999.0,1.94,1,1,0,0,0,0
69.46,0,0,0,0,9999.0,2.96,1,1,0,0,0,0
2370.57,1,0,0,0,9999.0,2.94,1,0,0,0,0,0
103.98,0,0,0,0,9999.0,2.98,1,0,0,0,0,0
2280.44,0,0,0,0,9999.0,1.8,1,1,0,0,0,0
1137.4,0,0,0,1,1.1,4.64,1,1,0,2,0,1
2185.15,0,0,0,0,9999.0,2.3,1,1,0,0,0,0
95.57,0,0,0,0,9999.0,2.5,1,0,0,0,0,0
43.19,0,0,0,0,9999.0,2.89,1,0,0,0,1,0
2130.91,0,0,0,0,9999.0,2.49,1,0,0,0,0,0
2087.85,0,0,0,0,9999.0,2.18,1,0,0,0,0,0
43935.71,0,0,0,0,9999.0,2.0,1,0,0,0,0,0
5080.16,0,0,0,1,14.0,4.08,0,1,0,2,1,1
27933.1,0,0,0,0,9999.0,1.41,1,0,0,1,1,0
1095.21,0,0,0,0,9999.0,2.01,1,0,0,0,0,0
48.08,0,0,0,0,9999.0,2.54,1,1,0,1,0,0
1417.66,0,0,0,0,9999.0,1.41,1,1,0,0,0,0
38.69,0,0,0,0,9999.0,2.27,1,1,0,0,0,0
133.78,0,0,0,0,9999.0,2.01,1,0,0,1,0,0
529.21,0,0,0,0,9999.0,1.44,1,0,0,0,0,0
2851.48,0,0,0,0,9999.0,1.72,1,0,0,0,0,0
15.72,0,0,0,0,9999.0,2.44,1,0,0,0,0,0
2827.33,1,0,0,0,9999.0,3.08,1,1,0,0,0,0
76.12,0,0,0,0,9999.0,1.8,1,0,0,0,0,0
18384.56,1,1,0,1,7.3,2.86,0,1,0,1,0,1
53.5,0,0,0,0,9999.0,2.72,1,1,0,0,1,0
126.12,0,0,0,0,9999.0,1.45,1,0,0,0,0,0
90.8,0,0,0,0,9999.0,3.07,1,0,0,0,1,0
394.75,0,0,0,0,9999.0,2.2,1,1,0,0,0,0
31.32,0,0,0,0,9999.0,2.83,1,1,0,0,0,0
133.95,0,0,0,0,9999.0,2.04,1,0,0,0,0,0
88.03,0,0,0,0,9999.0,1.24,1,1,0,1,0,0
10833.64,0,0,0,0,9999.0,2.11,1,0,0,0,0,0
1008.41,0,0,0,0,9999.0,2.93,1,0,0,2,0,0
853.35,0,0,0,0,9999.0,1.98,1,0,0,0,0,0
133.17,0,0,0,0,9999.0,2.11,1,0,0,1,0,0
2216.99,0,0,0,0,9999.0,2.44,1,1,0,0,0,0
137.27,0,0,0,0,9999.0,1.77,1,0,0,1,1,0
2247.49,1,0,0,0,9999.0,1.75,1,0,0,0,0,0
60.31,0,0,0,1,558.6535800592715,1.52,1,1,0,0,1,0
1913.57,0,0,0,0,9999.0,1.88,1,0,0,0,0,0
1500.0,0,0,0,1,20.3,3.7,0,1,0,2,0,1
594.09,0,0,0,0,9999.0,2.69,1,0,0,1,1,0
1963.89,0,0,0,0,9999.0,1.83,1,0,0,2,0,0
39.33,0,0,0,0,9999.0,1.96,1,0,0,0,0,0
36.62,0,0,0,0,9999.0,2.22,1,0,0,0,0,0
5000.0,0,0,0,1,2.1,3.66,1,1,1,1,0,1
1030.96,0,0,0,0,9999.0,2.99,1,1,0,0,0,0
73.32,0,0,0,0,9999.0,1.32,1,0,0,0,0,0
25000.0,0,0,0,1,4.7,4.04,1,1,1,0,0,1
128.64,0,0,0,0,9999.0,2.61,1,0,0,1,0,0
35.67,0,0,0,0,9999.0,2.24,1,0,0,0,0,0
37.49,0,0,0,0,9999.0,1.22,1,0,0,0,0,0
1542.08,0,0,0,0,9999.0,1.32,1,0,0,0,1,0
2213.34,0,0,0,0,9999.0,2.78,1,1,0,0,0,0
44.19,0,0,0,0,9999.0,2.48,1,0,0,0,0,0
1144.9,0,0,0,0,9999.0,2.54,1,1,0,0,1,0
1834.62,0,0,0,0,9999.0,2.0,1,0,0,0,1,0
653.67,0,0,0,0,9999.0,2.6,1,0,0,0,1,0
1318.92,0,0,0,0,9999.0,1.36,1,1,0,0,0,0
11837.82,0,0,0,0,9999.0,2.68,1,0,0,0,0,0
1040.72,0,0,0,1,680.8574380501465,2.04,1,1,0,0,0,0
15000.0,1,0,0,1,1.7,2.89,0,1,1,0,0,1
38.38,0,0,0,0,9999.0,1.48,1,0,0,0,0,0
2092.29,1,0,0,1,14.4,3.06,1,0,0,0,1,1
1909.69,1,0,0,0,9999.0,1.83,1,0,0,0,0,0
45.1,0,0,0,0,9999.0,2.05,1,0,0,0,0,0
1500.32,0,0,0,0,9999.0,2.52,1,0,0,1,0,0
32.2,0,0,0,0,9999.0,2.75,1,1,0,0,0,0
141.41,0,0,0,0,9999.0,1.82,1,0,0,0,0,0
2372.04,0,0,0,0,9999.0,2.24,1,0,0,0,1,0
1283.1,0,0,0,1,664.642728376243,1.93,1,1,0,0,0,0
2581.69,0,0,0,0,9999.0,2.69,1,0,0,0,0,0
28.9,0,0,0,0,9999.0,2.77,1,0,0,0,0,0
26.22,0,0,0,0,9999.0,2.92,1,1,0,0,1,0
101.1,0,0,0,0,9999.0,3.0,1,0,0,0,0,0
1475.52,0,0,0,0,9999.0,1.7,1,1,0,0,1,0
94.0,0,0,0,0,9999.0,2.28,1,0,0,0,1,0
2280.53,0,0,0,0,9999.0,1.61,1,0,0,0,1,0
29909.78,1,1,0,0,13.4,4.47,1,1,0,2,1,1
74.36,0,0,0,0,9999.0,2.42,1,0,0,0,0,0
1183.6,1,0,0,1,4.7,2.82,1,1,0,1,1,1
99.54,1,0,0,0,9999.0,1.91,1,0,0,0,1,0
133.6,0,0,0,0,9999.0,1.98,1,0,0,0,0,0
1088.0,0,0,0,0,9999.0,1.86,1,0,0,1,0,0
3000.0,0,0,0,1,12.3,4.21,0,1,0,0,0,1
2989.35,1,0,0,0,9999.0,2.5,1,0,0,0,0,0
104.41,0,0,0,0,9999.0,2.87,1,0,0,0,1,0
739.73,0,0,0,0,9999.0,2.22,1,1,0,0,0,0
12.47,0,0,0,0,9999.0,1.87,1,0,0,0,0,0
2737.31,1,0,0,0,9999.0,3.04,1,0,0,1,0,0
2083.62,0,0,0,0,9999.0,1.4,1,1,0,0,0,0
1733.17,0,0,0,0,9999.0,2.11,1,1,0,0,0,0
2843.22,1,0,0,0,9999.0,2.57,1,0,0,0,1,0
1213.41,0,0,0,0,9999.0,1.35,1,1,0,1,1,0
2921.24,0,0,0,0,9999.0,2.81,1,0,0,0,1,0
3000.0,0,0,0,1,14.7,4.38,0,1,0,1,1,1
526.47,0,0,0,0,9999.0,3.07,1,1,0,0,0,0
26748.71,1,0,0,1,11.4,4.19,1,1,0,0,0,1
95.87,0,0,0,0,9999.0,2.61,1,0,0,0,0,0
32672.31,1,0,1,1,9.6,4.53,0,1,0,0,0,1
95.86,0,0,0,0,9999.0,2.15,1,1,0,1,0,0
104.98,0,0,0,0,9999.0,2.38,1,0,0,1,0,0
63.04,0,0,0,0,9999.0,1.22,1,0,0,1,0,0
13.89,0,0,0,0,9999.0,3.04,1,0,0,1,0,0
1679.79,0,0,0,0,9999.0,2.62,1,0,0,0,0,0
138.5,0,0,0,0,9999.0,2.1,1,0,0,0,0,0
1039.37,0,0,0,0,9999.0,1.53,1,0,0,0,0,0
76.76,0,0,0,0,9999.0,1.26,1,0,0,0,0,0
2257.61,0,0,0,0,9999.0,1.68,1,0,0,0,0,0
1186.88,0,0,0,0,9999.0,3.02,1,0,0,0,0,0
32.45,0,0,0,0,9999.0,2.24,1,0,0,0,0,0
35.23,1,0,0,0,9999.0,2.42,1,0,0,1,0,0
26.6,0,0,0,1,560.2844002570071,2.84,1,0,0,0,0,0
34.39,0,0,0,0,9999.0,2.15,1,1,0,0,0,0
637.67,0,0,0,0,9999.0,2.89,1,0,0,0,0,0
5000.0,1,0,0,1,6.7,3.61,1,1,1,2,0,1
87.18,0,0,0,0,9999.0,1.3,1,1,0,0,0,0
2194.4,0,0,0,1,120.75945108090092,2.82,1,0,0,0,0,0
2500.0,1,0,0,1,6.4,4.2,1,1,1,2,0,1
31407.51,0,0,0,0,9999.0,1.22,1,0,0,2,1,0
1981.82,0,0,0,0,9999.0,1.66,1,1,0,0,1,0
1600.46,0,0,0,0,9999.0,3.07,1,0,0,1,1,0
1306.85,0,0,0,0,9999.0,1.31,1,0,0,0,0,0
55.03,0,0,0,1,1069.544324075773,2.73,1,0,0,0,1,0
28.02,1,0,0,0,9999.0,2.97,1,0,0,0,0,0
47.75,0,0,0,0,9999.0,2.5,1,0,0,0,1,0
37.69,0,0,0,0,9999.0,3.01,1,0,0,0,0,0
1294.35,0,0,0,0,9999.0,1.39,1,1,0,0,0,0
2190.03,0,0,0,0,9999.0,2.36,1,0,0,0,0,0
107.53,0,0,0,0,9999.0,1.32,1,0,0,0,0,0
2224.73,0,0,0,0,9999.0,1.27,1,1,0,0,0,0
38.95,0,0,0,0,9999.0,1.55,1,0,0,0,0,0
778.26,0,0,0,0,9999.0,2.56,1,0,0,0,0,0
2330.35,0,0,0,0,9999.0,2.9,1,0,0,1,1,0
25000.0,1,0,0,1,27.1,3.33,1,1,0,1,1,1
5964.41,1,0,0,1,12.9,4.21,1,1,0,2,1,1
1288.42,0,0,0,0,9999.0,2.44,1,0,0,0,0,0
133.77,0,0,0,0,9999.0,1.97,1,0,0,0,1,0
1531.89,0,0,0,0,9999.0,2.27,1,0,0,0,0,0
853.41,0,0,0,0,9999.0,1.83,1,1,0,0,0,0
2049.57,0,0,0,0,9999.0,1.65,1,0,0,0,0,0
1661.88,0,0,0,0,9999.0,1.59,1,0,0,0,0,0
850.62,0,0,0,0,9999.0,1.32,1,1,0,0,0,0
2452.47,0,0,0,0,9999.0,2.15,1,0,0,1,0,0
1617.74,0,0,0,0,9999.0,1.29,1,1,0,0,0,0
1950.5,0,0,0,0,9999.0,2.83,1,0,0,0,0,0
39663.13,1,1,1,1,15.6,3.09,1,1,0,1,0,1
12.43,0,0,0,0,9999.0,1.95,1,0,0,0,0,0
1554.14,0,0,0,0,9999.0,1.6,1,0,0,1,0,0
35081.36,0,0,0,1,721.5599895161437,2.58,1,1,0,1,0,0
1711.76,0,0,0,0,9999.0,1.62,1,0,0,0,0,0
1348.44,0,0,0,0,9999.0,3.09,1,0,0,0,0,0
1294.95,0,0,0,0,9999.0,2.41,1,0,0,0,0,0
1618.28,0,0,0,0,9999.0,1.78,1,0,0,0,0,0
649.22,0,0,0,0,9999.0,2.11,1,0,0,0,1,0
122.6,0,0,0,0,9999.0,2.6,1,1,0,0,0,0
98.25,0,0,0,0,9999.0,2.15,1,0,0,0,1,0
53.33,0,0,0,0,9999.0,1.74,1,1,0,0,1,0
92.0,0,0,0,1,698.3467044176474,1.6,1,0,0,0,0,0
45.8,0,0,0,0,9999.0,3.01,1,1,0,1,0,0
1887.63,0,0,0,0,9999.0,2.97,1,0,0,0,1,0
67.09,0,0,0,0,9999.0,2.85,1,1,0,0,0,0
146.37,0,0,0,0,9999.0,1.25,1,0,0,0,0,0
2387.73,0,0,0,0,9999.0,2.38,1,1,0,2,0,0
11.09,0,0,0,0,9999.0,1.65,1,0,0,0,0,0
657.33,0,0,0,1,627.9983823913241,1.43,1,1,0,0,1,0
1104.09,0,0,0,1,151.84099348760424,2.09,1,0,0,1,0,0
27125.42,0,0,0,0,9999.0,1.49,1,0,0,1,0,0
23.59,0,0,0,0,9999.0,3.0,1,1,0,0,0,0
1444.47,0,0,0,0,9999.0,2.16,1,0,0,0,0,0
1150.51,0,0,0,0,9999.0,2.0,1,0,0,0,0,0
15.38,0,0,0,0,9999.0,2.89,1,1,0,0,0,0
41474.88,0,0,0,0,9999.0,2.67,1,1,0,0,0,0
9999.0,0,0,0,1,2.6,3.85,0,1,1,2,0,1
134.91,0,0,0,0,9999.0,2.91,1,0,0,0,0,0
1235.27,0,0,0,0,9999.0,2.23,1,0,0,1,0,0
115.09,0,0,0,0,9999.0,1.36,1,0,0,0,0,0
947.89,0,0,0,0,9999.0,1.4,1,1,0,0,0,0
125.0,1,0,0,0,9999.0,3.05,1,1,0,0,0,0
20.22,0,0,0,1,732.7444390074671,2.56,1,0,0,0,0,0
2565.33,0,0,0,0,9999.0,2.93,1,0,0,0,0,0
1652.97,0,0,0,0,9999.0,2.9,1,0,0,0,0,0
1506.46,0,0,0,0,9999.0,2.68,1,1,0,0,0,0
38.78,0,0,0,0,9999.0,1.36,1,0,0,0,0,0
2649.33,0,0,0,0,9999.0,1.77,1,1,0,0,0,0
42136.24,0,0,0,0,9999.0,3.06,1,0,0,0,1,0
1451.19,0,0,0,0,9999.0,1.94,1,1,0,0,0,0
969.48,0,0,0,0,9999.0,3.03,1,0,0,0,1,0
756.39,0,0,0,1,774.6761677308635,2.69,1,0,0,0,0,0
25000.0,0,0,0,1,12.2,4.1,1,0,0,1,0,1
53.48,0,0,0,0,9999.0,2.95,1,0,0,0,0,0
1904.89,0,0,0,0,9999.0,2.51,1,0,0,0,1,0
112.52,0,0,0,0,9999.0,2.54,1,1,0,0,0,0
580.24,0,0,0,0,9999.0,1.42,1,1,0,2,1,0
1519.44,0,0,0,0,9999.0,1.64,1,0,0,0,1,0
43.98,0,0,0,0,9999.0,1.57,1,0,0,0,0,0
2116.93,0,0,0,0,9999.0,1.3,1,0,0,0,0,0
2092.64,0,0,0,0,9999.0,2.88,1,0,0,2,1,0
42125.87,1,1,0,1,6.1,4.37,1,1,0,2,0,1
30.45,0,0,0,0,9999.0,2.42,1,0,0,0,0,0
935.45,1,0,0,0,9999.0,2.48,1,0,0,0,0,0
122.31,0,0,0,0,9999.0,1.28,1,1,0,1,0,0
806.71,1,0,0,1,573.8015764770336,2.1,1,0,0,0,1,0
20.94,0,0,0,0,9999.0,3.02,1,0,0,0,1,0
1427.96,0,0,0,0,9999.0,1.65,1,0,0,2,0,0
1795.41,0,0,0,0,9999.0,1.82,1,1,0,0,0,0
339.6,0,0,0,0,9999.0,2.88,1,0,0,0,0,0
969.37,0,0,0,0,9999.0,1.24,1,0,0,0,1,0
2010.29,0,0,0,0,9999.0,1.25,1,1,0,0,0,0
40.89,0,0,0,0,9999.0,2.25,1,0,0,0,1,0
76.81,1,0,0,0,9999.0,2.66,1,0,0,0,0,0
49.98,0,0,0,0,9999.0,2.19,1,1,0,0,0,0
2760.01,1,0,0,0,9999.0,1.58,1,1,0,1,0,0
90.92,0,0,0,0,9999.0,1.52,1,1,0,0,0,0
2055.0,0,0,0,0,9999.0,2.79,1,1,0,0,1,0
133.88,0,0,0,0,9999.0,2.71,1,1,0,0,1,0
82.74,0,0,0,0,9999.0,2.41,1,1,0,0,0,0
1752.41,0,0,0,0,9999.0,2.75,1,0,0,0,0,0
1920.22,0,0,0,0,9999.0,1.4,1,0,0,1,0,0
116.74,1,0,0,0,9999.0,2.02,1,0,0,0,0,0
683.49,0,0,0,0,9999.0,1.9,1,0,0,0,0,0
45.37,0,0,0,0,9999.0,1.58,1,1,0,0,0,0
137.07,0,0,0,0,9999.0,1.35,1,0,0,1,0,0
78.31,0,0,0,0,9999.0,2.91,1,0,0,0,0,0
22.76,0,0,0,0,9999.0,2.88,1,0,0,1,1,0
104.5,0,0,0,0,9999.0,1.65,1,1,0,0,0,0
147.05,0,0,0,0,9999.0,1.52,1,1,0,0,0,0
1612.81,0,0,0,0,9999.0,2.69,1,0,0,1,0,0
1055.88,0,0,0,0,9999.0,1.52,1,0,0,0,0,0
76.14,0,0,0,0,9999.0,3.09,1,0,0,0,0,0
1500.0,0,0,0,1,2.9,4.15,0,1,0,2,1,1
135.48,0,0,0,0,9999.0,2.73,1,0,0,1,1,0
14827.92,0,0,0,0,9999.0,1.5,1,0,0,0,0,0
2468.45,0,0,0,0,9999.0,1.46,1,0,0,0,0,0
118.0,0,0,0,0,9999.0,1.24,1,0,0,0,0,0
1803.65,0,0,0,0,9999.0,2.52,1,1,0,1,0,0
25.98,0,0,0,0,9999.0,2.43,1,0,0,0,1,0
46.69,0,0,0,1,241.58712559888775,1.53,1,1,0,0,0,0
2875.24,1,0,0,0,9999.0,2.65,1,1,0,0,0,0
109.64,0,0,0,0,9999.0,1.73,1,0,0,0,0,0
1908.7,0,0,0,0,9999.0,2.84,1,0,0,2,0,0
2650.43,0,0,0,0,9999.0,1.66,1,0,0,2,0,0
2281.21,0,0,0,0,9999.0,1.65,1,0,0,0,0,0
57.38,0,0,0,0,9999.0,2.21,1,1,0,0,0,0
1467.32,0,0,0,0,9999.0,1.21,1,0,0,0,0,0
2733.42,0,0,0,0,9999.0,2.15,1,0,0,0,0,0
39898.29,0,0,0,0,9999.0,2.64,1,0,0,0,1,0
335.83,1,0,0,0,9999.0,2.53,1,0,0,0,0,0
100.67,0,0,0,1,1162.840944376764,2.58,1,0,0,0,1,0
57.75,1,0,0,0,9999.0,2.73,1,1,0,0,0,0
1106.98,1,0,0,0,9999.0,2.48,1,0,0,0,0,0
83.87,0,0,0,1,1254.3774102424018,2.26,1,1,0,0,0,0
1470.53,0,0,0,0,9999.0,1.44,1,0,0,0,0,0
52.57,0,0,0,0,9999.0,2.67,1,0,0,0,0,0
1285.11,0,0,0,0,9999.0,2.26,1,1,0,1,0,0
85.27,0,0,0,0,9999.0,1.29,1,1,0,0,0,0
2114.67,0,0,0,0,9999.0,1.66,1,0,0,0,0,0
143.07,0,0,0,0,9999.0,3.09,1,1,0,1,0,0
57.97,0,0,0,0,9999.0,3.05,1,1,0,0,0,0
131.28,0,0,0,0,9999.0,2.12,1,1,0,1,0,0
130.66,0,0,0,0,9999.0,2.78,1,0,0,0,0,0
1945.16,0,0,0,0,9999.0,1.54,1,0,0,0,0,0
541.53,0,0,0,0,9999.0,2.41,1,0,0,0,0,0
1767.59,0,0,0,0,9999.0,1.72,1,0,0,0,1,0
11.52,1,0,0,0,9999.0,3.08,1,0,0,1,0,0
2369.44,0,0,0,0,9999.0,2.71,1,1,0,0,0,0
12.0,0,0,0,0,9999.0,1.61,1,0,0,0,0,0
1166.17,0,0,0,1,959.5225168899054,2.91,1,0,0,0,0,0
56.72,0,0,0,0,9999.0,2.15,1,0,0,0,1,0
21.69,0,0,0,0,9999.0,1.61,1,0,0,0,0,0
5501.18,1,1,0,1,10.8,3.1,1,1,0,1,0,1
2252.43,0,0,0,0,9999.0,2.78,1,0,0,1,0,0
1740.67,0,0,0,0,9999.0,2.82,1,0,0,2,1,0
102.0,0,0,0,0,9999.0,1.66,1,0,0,0,0,0
2184.9,0,0,0,0,9999.0,1.46,1,0,0,0,0,0
14.15,0,0,0,0,9999.0,1.32,1,0,0,1,0,0
114.88,0,0,0,0,9999.0,2.29,1,1,0,0,1,0
2128.99,0,0,0,0,9999.0,2.23,1,0,0,0,0,0
1683.29,0,0,0,0,9999.0,1.82,1,0,0,0,0,0
52.16,0,0,0,0,9999.0,1.62,1,0,0,0,0,0
73.37,0,0,0,0,9999.0,1.3,1,1,0,0,0,0
1376.99,0,0,0,0,9999.0,2.44,1,0,0,1,0,0
6392.37,1,0,0,1,8.6,3.4,1,1,0,0,1,1
1274.25,0,0,0,0,9999.0,1.77,1,0,0,0,0,0
145.19,0,0,0,0,9999.0,2.47,1,1,0,0,1,0
48.43,0,0,0,0,9999.0,2.92,1,1,0,0,0,0
1642.45,0,0,0,0,9999.0,1.64,1,0,0,0,0,0
133.59,1,0,0,0,9999.0,2.19,1,1,0,1,0,0
669.06,0,0,0,0,9999.0,1.69,1,1,0,0,1,0
146.81,0,0,0,0,9999.0,2.07,1,1,0,0,0,0
1926.42,0,0,0,0,9999.0,2.73,1,0,0,0,0,0
825.89,0,0,0,0,9999.0,2.76,1,0,0,0,0,0
98.81,0,0,0,1,426.2135910435837,2.76,1,0,0,0,0,0
44523.31,0,0,0,0,9999.0,2.17,1,0,0,2,0,0
138.72,0,0,0,0,9999.0,3.08,1,1,0,0,0,0
15000.0,1,0,0,1,2.4,4.67,1,0,1,0,0,1
777.68,0,0,0,0,9999.0,1.61,1,1,0,0,0,0
69.56,0,0,0,0,9999.0,2.01,1,1,0,1,1,0
60.8,0,0,0,0,9999.0,2.95,1,0,0,0,1,0
25000.0,1,0,0,1,42.4,4.24,1,1,0,2,0,1
2581.77,0,0,0,0,9999.0,1.99,1,0,0,0,0,0
3322.73,0,0,0,1,7.7,3.09,1,1,0,1,0,1
2582.6,0,0,0,0,9999.0,1.65,1,0,0,0,0,0
39902.19,0,0,0,0,9999.0,2.79,1,0,0,1,0,0
15000.0,0,0,0,1,7.4,3.09,0,1,1,1,0,1
434.22,0,0,0,0,9999.0,1.95,1,0,0,0,0,0
2643.12,0,0,0,0,9999.0,2.47,1,0,0,0,0,0
1466.78,0,0,0,0,9999.0,2.14,1,0,0,0,0,0
26878.43,1,0,0,0,9999.0,2.67,1,0,0,0,0,0
1199.21,0,0,0,0,9999.0,1.37,1,0,0,0,0,0
6325.35,1,1,0,1,4.7,3.23,1,1,0,1,0,1
2279.23,0,0,0,0,9999.0,3.01,1,0,0,0,1,0
130.97,0,0,0,0,9999.0,2.68,1,0,0,0,0,0
34.19,0,0,0,0,9999.0,2.98,1,0,0,0,0,0
638.2,0,0,0,0,9999.0,2.68,1,0,0,0,0,0
96.6,0,0,0,1,994.1205482242924,2.52,1,1,0,0,1,0
3000.0,0,0,0,1,29.3,4.28,1,0,0,2,1,1
120.31,0,0,0,0,9999.0,2.26,1,1,0,0,0,0
2973.09,0,0,0,0,9999.0,1.35,1,0,0,0,0,0
1252.52,0,0,0,0,9999.0,2.78,1,1,0,0,0,0
48.88,0,0,0,0,9999.0,1.38,1,0,0,2,0,0
1482.23,0,0,0,0,9999.0,2.28,1,0,0,0,0,0
297.58,0,0,0,0,9999.0,2.18,1,0,0,1,0,0
2112.36,0,0,0,0,9999.0,2.69,1,0,0,1,0,0
2429.92,0,0,0,0,9999.0,1.71,1,1,0,1,0,0
1458.36,0,0,0,0,9999.0,1.41,1,1,0,0,0,0
54.8,0,0,0,0,9999.0,2.15,1,0,0,1,0,0
111.05,0,0,0,0,9999.0,1.97,1,0,0,0,0,0
9999.0,0,0,0,1,2.6,3.83,1,1,1,0,1,1
1053.77,0,0,0,0,9999.0,1.75,1,0,0,0,0,0
36.25,0,0,0,0,9999.0,2.53,1,1,0,0,1,0
138.77,0,0,0,0,9999.0,2.79,1,1,0,0,0,0
970.43,1,0,0,0,9999.0,3.04,1,0,0,0,0,0
36215.41,0,0,0,0,9999.0,2.7,1,0,0,0,0,0
1500.0,0,0,0,1,3.6,3.55,1,1,0,2,0,1
27.37,0,0,0,0,9999.0,2.31,1,0,0,0,0,0
91.76,0,0,0,0,9999.0,2.23,1,1,0,0,1,0
106.81,0,0,0,0,9999.0,1.26,1,0,0,1,0,0
28.43,0,0,0,0,9999.0,2.51,1,1,0,0,0,0
125.69,0,0,0,0,9999.0,2.6,1,1,0,0,0,0
66.76,0,0,0,0,9999.0,2.08,1,0,0,0,0,0
25.87,0,0,0,0,9999.0,1.32,1,1,0,0,0,0
907.28,0,0,0,0,9999.0,3.01,1,0,0,1,0,0
134.2,0,0,0,0,9999.0,1.67,1,0,0,0,0,0
37.61,0,0,0,0,9999.0,2.71,1,1,0,0,1,0
17177.91,0,1,0,0,12.4,4.6,0,1,0,1,1,1
1494.79,0,0,0,1,995.8728795797948,3.07,1,0,0,0,0,0
1160.19,0,0,0,0,9999.0,2.19,1,1,0,0,0,0
206.85,0,0,0,0,9999.0,1.42,1,0,0,0,0,0
2864.87,1,0,0,0,9999.0,2.35,1,1,0,0,0,0
2558.24,0,0,0,0,9999.0,2.78,1,0,0,0,0,0
1518.4,0,0,0,1,9.0,3.99,1,1,0,2,0,1
124.33,0,0,0,0,9999.0,1.86,1,1,0,1,0,0
1913.33,0,0,0,0,9999.0,1.2,1,0,0,1,0,0
545.38,0,0,0,0,9999.0,2.83,1,0,0,0,0,0
1866.02,0,0,0,0,9999.0,1.76,1,0,0,0,1,0
1615.85,0,0,0,0,9999.0,2.78,1,1,0,0,0,0
6206.85,0,0,0,1,5.1,4.27,1,0,0,2,0,1
43838.98,0,1,0,1,22.0,3.64,0,1,0,0,1,1
2515.97,0,0,0,0,9999.0,2.01,1,1,0,0,0,0
513.32,0,0,0,0,9999.0,1.93,1,1,0,0,0,0
147.52,0,0,0,0,9999.0,1.58,1,0,0,0,0,0
100.27,0,0,0,0,9999.0,2.41,1,0,0,0,0,0
1594.02,0,0,0,0,9999.0,1.2,1,0,0,0,0,0
29.44,0,0,0,0,9999.0,1.32,1,0,0,2,0,0
2248.47,0,0,0,0,9999.0,2.18,1,0,0,0,0,0
1477.63,0,0,0,0,9999.0,2.76,1,1,0,1,0,0
5000.0,0,0,0,1,4.6,4.46,0,1,1,0,1,1
85.85,0,0,0,0,9999.0,2.71,1,0,0,0,0,0
2873.23,1,0,0,0,9999.0,1.55,1,0,0,0,1,0
2162.73,0,0,0,1,1357.7922726536924,2.46,1,0,0,0,0,0
133.64,0,0,0,0,9999.0,1.46,1,0,0,0,0,0
41224.89,0,0,0,0,9999.0,2.02,1,0,0,0,0,0
21370.59,0,0,0,0,9999.0,2.62,1,0,0,0,0,0
2601.89,0,0,0,0,9999.0,1.75,1,1,0,0,0,0
2276.23,1,0,0,0,9999.0,2.26,1,1,0,1,0,0
1746.89,1,0,0,1,413.07044093630566,2.73,1,1,0,0,0,0
1149.12,1,0,0,1,13.7,4.48,0,1,0,0,1,1
14.24,0,0,0,0,9999.0,1.79,1,0,0,0,0,0
830.79,0,0,0,0,9999.0,1.71,1,1,0,0,1,0
1651.5,0,0,0,0,9999.0,1.67,1,0,0,0,0,0
55.74,0,0,0,0,9999.0,2.94,1,0,0,0,1,0
1589.37,0,0,0,0,9999.0,2.09,1,0,0,0,0,0
3307.36,1,0,0,1,10.4,3.31,0,1,0,2,1,1
116.31,0,0,0,0,9999.0,2.96,1,0,0,0,0,0
1897.09,0,0,0,1,515.7562190381589,2.36,1,0,0,0,0,0
1389.97,0,0,0,0,9999.0,1.94,1,1,0,0,0,0
1822.36,0,0,0,1,1224.7394284050704,2.03,1,0,0,0,0,0
1167.77,0,0,0,0,9999.0,1.34,1,0,0,0,0,0
5102.02,1,0,0,1,8.9,4.51,1,1,0,1,0,1
34.48,0,0,0,0,9999.0,1.5,1,1,0,1,0,0
2999.43,0,0,0,0,9999.0,2.74,1,0,0,1,0,0
1700.91,0,0,0,0,9999.0,1.97,1,0,0,0,0,0
3079.02,0,0,0,1,14.3,4.42,1,1,0,1,0,1
136.03,0,0,0,0,9999.0,1.59,1,0,0,0,0,0
2995.33,0,0,0,0,9999.0,2.82,1,0,0,0,0,0
580.86,0,0,0,0,9999.0,2.28,1,0,0,0,0,0
1500.0,0,0,0,1,36.5,4.63,0,1,0,2,0,1
24.49,0,0,0,0,9999.0,1.86,1,0,0,0,1,0
123.69,0,0,0,0,9999.0,3.08,1,1,0,0,0,0
65.57,0,0,0,0,9999.0,2.42,1,0,0,2,0,0
57.41,0,0,0,0,9999.0,1.69,1,1,0,0,0,0
1300.25,0,0,0,0,9999.0,2.98,1,0,0,0,0,0
30.98,0,0,0,0,9999.0,1.99,1,0,0,0,0,0
86.55,0,0,0,0,9999.0,2.11,1,1,0,0,0,0
14.28,0,0,0,0,9999.0,1.2,1,0,0,0,0,0
2016.13,0,0,0,0,9999.0,2.58,1,0,0,0,1,0
1303.89,0,0,0,1,1404.3038520107073,2.47,1,0,0,0,0,0
116.64,0,0,0,0,9999.0,2.2,1,0,0,0,1,0
143.03,0,0,0,0,9999.0,2.25,1,1,0,0,0,0
1822.8,0,0,0,0,9999.0,2.94,1,0,0,0,1,0
11569.7,0,0,0,0,9999.0,1.92,1,0,0,0,0,0
1996.38,0,0,0,0,9999.0,2.8,1,1,0,0,1,0
100.07,0,0,0,0,9999.0,2.49,1,0,0,2,1,0
56.35,0,0,0,0,9999.0,1.92,1,0,0,0,0,0
1603.03,0,0,0,0,9999.0,2.7,1,0,0,0,1,0
564.4,0,0,0,0,9999.0,2.14,1,0,0,0,0,0
87.75,0,0,0,0,9999.0,2.55,1,0,0,0,0,0
27.69,0,0,0,0,9999.0,1.54,1,1,0,0,0,0
2834.96,0,0,0,0,9999.0,1.27,1,0,0,0,0,0
368.57,0,0,0,0,9999.0,1.48,1,0,0,0,1,0
88.08,0,0,0,0,9999.0,2.86,1,0,0,0,0,0
524.99,0,1,0,0,9999.0,3.08,1,0,0,0,0,0
2187.55,0,0,0,0,9999.0,1.79,1,1,0,0,0,0
1112.83,0,0,0,0,9999.0,1.27,1,0,0,0,0,0
30.41,0,0,0,0,9999.0,1.85,1,0,0,0,0,0
102.62,0,0,0,0,9999.0,3.02,1,0,0,0,0,0
2059.71,0,0,0,0,9999.0,2.23,1,1,0,0,1,0
493.29,0,0,0,0,9999.0,2.73,1,0,0,0,0,0
25.6,0,0,0,0,9999.0,2.34,1,0,0,0,0,0
118.34,0,0,0,0,9999.0,2.63,1,0,0,0,0,0
79.54,0,0,0,0,9999.0,1.88,1,0,0,0,0,0
2282.07,0,0,0,0,9999.0,2.32,1,0,0,0,0,0
136.48,0,0,0,0,9999.0,2.88,1,1,0,0,0,0
2725.22,0,0,0,0,9999.0,1.36,1,0,0,1,0,0
31.49,1,0,0,0,9999.0,2.72,1,1,0,0,0,0
135.02,0,0,0,1,519.7885602061997,1.44,1,0,0,1,1,0
37124.85,0,0,0,1,20.9,3.35,1,0,0,0,1,1
2080.75,0,0,0,1,182.5100842208844,1.52,1,0,0,0,1,0
103.56,0,0,0,0,9999.0,2.46,1,0,0,0,0,0
44.51,0,0,0,0,9999.0,1.9,1,0,0,1,0,0
85.58,0,0,0,0,9999.0,1.84,1,1,0,0,1,0
73.93,0,0,0,0,9999.0,3.03,1,0,0,0,0,0
1812.54,0,0,0,0,9999.0,3.09,1,0,0,0,0,0
25968.8,0,0,0,0,9999.0,2.84,1,1,0,0,1,0
55.36,0,0,0,0,9999.0,1.58,1,0,0,0,0,0
1854.4,0,0,0,0,9999.0,3.01,1,0,0,0,0,0
1955.14,0,0,0,0,9999.0,2.46,1,1,0,0,1,0
2136.39,0,0,0,0,9999.0,2.43,1,0,0,0,0,0
67.15,0,0,0,0,9999.0,3.1,1,1,0,1,0,0
2434.65,0,0,0,0,9999.0,2.09,1,0,0,0,0,0
1080.62,0,0,0,0,9999.0,2.82,1,1,0,1,0,0
82.31,0,0,0,0,9999.0,1.49,1,0,0,0,0,0
2364.48,0,0,0,0,9999.0,1.96,1,0,0,1,0,0
2711.85,0,0,0,0,9999.0,1.93,1,0,0,0,0,0
1227.23,1,0,0,0,9999.0,1.79,1,1,0,1,0,0
21804.31,1,1,0,1,20.9,3.82,1,1,0,0,1,1
63.37,0,0,0,0,9999.0,2.61,1,1,0,0,0,0
514.38,0,0,0,0,9999.0,2.47,1,1,0,0,0,0
111.47,0,0,0,0,9999.0,1.89,1,0,0,1,0,0
72.03,0,0,0,0,9999.0,3.03,1,1,0,1,0,0
1470.56,0,0,0,0,9999.0,1.8,1,0,0,0,0,0
77.86,0,0,0,0,9999.0,1.28,1,0,0,0,0,0
134.36,0,0,0,0,9999.0,2.11,1,0,0,0,0,0
79.32,0,0,0,1,676.3207529277347,2.6,1,0,0,0,1,0
101.44,0,0,0,0,9999.0,2.62,1,0,0,0,0,0
119.16,0,0,0,0,9999.0,2.85,1,1,0,1,1,0
124.92,0,0,0,0,9999.0,1.91,1,0,0,0,1,0
5363.84,1,0,0,1,0.9,3.47,0,1,0,2,0,1
1853.71,0,0,0,1,682.5327698133257,1.93,1,1,0,0,0,0
1860.73,0,0,0,0,9999.0,2.85,1,0,0,0,0,0
88.67,0,0,0,0,9999.0,2.44,1,1,0,0,0,0
843.01,0,0,0,0,9999.0,2.42,1,0,0,1,1,0
46.55,0,0,0,0,9999.0,1.91,1,0,0,0,0,0
76.57,1,0,0,0,9999.0,2.41,1,0,0,1,0,0
360.74,0,0,0,0,9999.0,2.52,1,0,0,1,1,0
148.94,0,0,0,0,9999.0,2.45,1,0,0,0,0,0
1749.39,0,0,0,0,9999.0,1.91,1,0,0,0,0,0
774.62,0,0,0,0,9999.0,1.85,1,0,0,0,1,0
19.59,0,0,0,0,9999.0,2.32,1,0,0,1,0,0
3869.76,0,0,0,1,13.2,2.85,1,0,0,1,1,1
128.8,0,0,0,0,9999.0,3.04,1,0,0,0,0,0
57.53,0,0,0,0,9999.0,2.09,1,0,0,0,0,0
58.52,0,0,0,0,9999.0,1.28,1,0,0,0,1,0
90.28,0,0,0,0,9999.0,1.7,1,0,0,0,0,0
139.41,0,0,0,0,9999.0,1.21,1,1,0,0,1,0
1342.5,1,0,0,1,4.5,4.77,1,1,0,0,0,1
2136.43,1,0,0,0,9999.0,1.79,1,0,0,0,0,0
93.66,0,0,0,0,9999.0,2.46,1,1,0,0,1,0
78.32,0,0,0,0,9999.0,2.69,1,0,0,2,0,0
1705.33,1,0,0,0,9999.0,1.29,1,1,0,1,0,0
38.17,0,0,0,0,9999.0,2.32,1,0,0,1,0,0
1455.56,1,0,0,0,9999.0,1.47,1,0,0,0,0,0
591.67,0,0,0,0,9999.0,2.78,1,0,0,1,0,0
124.92,0,0,0,0,9999.0,2.2,1,1,0,0,0,0
1600.08,1,0,0,1,0.8,4.37,1,1,0,2,1,1
113.28,0,0,0,0,9999.0,2.63,1,0,0,1,0,0
115.02,0,0,0,1,1023.0027467432824,2.4,1,1,0,0,0,0
2411.82,0,0,0,0,9999.0,2.74,1,0,0,1,0,0
341.33,0,0,0,0,9999.0,3.02,1,0,0,1,0,0
1750.16,0,0,0,0,9999.0,2.69,1,1,0,1,0,0
392.56,0,0,0,0,9999.0,1.26,1,0,0,0,0,0
1500.0,0,0,0,1,33.7,4.55,0,1,0,1,1,1
1577.66,0,0,0,0,9999.0,2.91,1,0,0,0,1,0
2388.19,0,0,0,0,9999.0,1.74,1,0,0,0,0,0
2453.87,0,0,0,0,9999.0,2.12,1,0,0,0,0,0
118.14,0,0,0,1,162.56192591395407,2.82,1,1,0,0,0,0
139.63,0,0,0,0,9999.0,1.71,1,0,0,2,0,0
427.43,0,0,0,0,9999.0,2.56,1,0,0,0,0,0
136.57,0,1,0,0,9999.0,1.43,1,0,0,0,0,0
2500.0,1,0,0,1,3.6,3.21,1,1,1,1,1,1
2378.85,0,0,0,0,9999.0,2.26,1,0,0,0,0,0
2809.76,0,0,0,0,9999.0,2.31,1,0,0,0,0,0
2194.33,0,0,0,0,9999.0,3.08,1,0,0,1,0,0
14439.7,0,0,0,0,9999.0,1.83,1,0,0,0,0,0
18.55,0,0,0,0,9999.0,1.37,1,0,0,0,0,0
2049.21,0,0,0,0,9999.0,2.95,1,1,0,0,0,0
40.24,0,0,0,0,9999.0,1.69,1,1,0,1,0,0
124.08,0,0,0,0,9999.0,2.78,1,1,0,0,0,0
134.15,0,0,0,0,9999.0,2.24,1,1,0,1,0,0
97.36,0,0,0,0,9999.0,2.03,1,0,0,0,0,0
4988.01,1,0,0,1,9.0,4.27,1,1,0,1,0,1
25.82,0,0,0,0,9999.0,2.08,1,0,0,0,0,0
133.38,0,0,0,0,9999.0,2.42,1,0,0,2,0,0
1533.41,0,0,0,1,1.3,4.43,0,1,0,1,1,1
2136.5,0,0,0,0,9999.0,3.06,1,0,0,0,0,0
675.5,0,0,0,0,9999.0,1.79,1,0,0,0,0,0
223.07,0,1,0,0,9999.0,1.29,1,0,0,0,0,0
2925.76,0,0,0,0,9999.0,2.89,1,0,0,0,0,0
1762.24,0,0,0,1,1049.1884491883482,2.01,1,1,0,0,0,0
56.89,0,0,0,0,9999.0,2.83,1,0,0,1,0,0
23.61,0,0,0,0,9999.0,2.31,1,0,0,0,1,0
29.02,0,0,0,1,1065.1637696218725,2.17,1,0,0,1,0,0
1339.8,0,0,0,0,9999.0,3.0,1,0,0,2,0,0
765.06,0,0,0,0,9999.0,1.31,1,0,0,0,0,0
2500.0,0,0,0,1,6.4,4.48,0,1,1,2,1,1
54.21,0,0,0,0,9999.0,2.19,1,0,0,0,0,0
67.95,0,0,0,0,9999.0,1.55,1,1,0,0,1,0
1388.06,0,0,0,0,9999.0,1.37,1,1,0,0,0,0
75.42,0,0,0,0,9999.0,1.61,1,0,0,0,0,0
619.14,0,0,0,0,9999.0,1.89,1,0,0,0,0,0
108.23,0,0,0,0,9999.0,2.91,1,0,0,0,0,0
1096.24,0,0,0,0,9999.0,2.78,1,0,0,1,0,0
10781.08,1,0,0,0,9999.0,1.25,1,0,0,1,0,0
45.31,0,0,0,0,9999.0,2.83,1,0,0,0,1,0
711.88,0,0,0,0,9999.0,2.15,1,0,0,0,0,0
109.05,0,0,0,0,9999.0,1.76,1,0,0,0,0,0
27.59,0,0,0,0,9999.0,1.67,1,1,0,0,1,0
1430.45,0,0,0,1,453.6707825761641,2.77,1,0,0,0,0,0
1289.02,0,0,0,0,9999.0,3.0,1,0,0,0,0,0
39.46,0,0,0,0,9999.0,2.61,1,0,0,2,0,0
1827.62,1,0,0,0,9999.0,2.11,1,0,0,1,0,0
149.16,0,0,0,0,9999.0,2.31,1,0,0,0,0,0
92.83,0,0,0,0,9999.0,1.5,1,1,0,0,0,0
16703.4,0,0,0,0,9999.0,2.66,1,0,0,2,1,0
3000.0,0,0,0,1,11.0,3.87,0,0,0,1,0,1
136.77,1,0,0,0,9999.0,1.71,1,0,0,0,1,0
1897.67,0,0,0,0,9999.0,1.85,1,0,0,0,0,0
480.34,0,0,0,0,9999.0,1.46,1,0,0,2,0,0
41.14,0,0,0,0,9999.0,2.29,1,1,0,0,0,0
113.57,0,0,0,0,9999.0,2.54,1,0,0,0,0,0
1169.86,0,0,0,0,9999.0,2.71,1,1,0,0,0,0
9999.0,1,0,0,1,7.5,3.77,0,1,1,1,1,1
2387.74,0,0,0,0,9999.0,1.32,1,0,0,0,0,0
463.26,0,0,0,0,9999.0,2.3,1,1,0,0,0,0
21190.74,1,1,1,1,14.7,3.96,1,1,0,0,1,1
308.62,1,0,0,0,9999.0,2.67,1,0,0,0,0,0
411.22,1,0,0,0,9999.0,3.04,1,0,0,0,0,0
147.59,0,0,0,0,9999.0,2.37,1,0,0,0,1,0
967.76,0,0,0,0,9999.0,1.48,1,0,0,0,0,0
5000.0,1,0,0,1,5.4,4.06,0,1,1,2,0,1
115.28,0,0,0,0,9999.0,2.15,1,0,0,1,0,0
32.91,0,0,0,0,9999.0,2.22,1,0,0,0,0,0
21.28,0,0,0,0,9999.0,1.25,1,0,0,0,0,0
115.7,0,0,0,0,9999.0,2.51,1,0,0,0,0,0
1404.75,0,0,0,0,9999.0,1.82,1,0,0,1,0,0
2715.52,0,0,0,0,9999.0,2.11,1,0,0,0,0,0
16.83,0,0,0,0,9999.0,2.41,1,0,0,0,0,0
1329.55,0,0,0,0,9999.0,2.2,1,0,0,0,1,0
377.43,1,0,0,0,9999.0,1.42,1,1,0,0,0,0
1512.95,0,0,0,0,9999.0,2.78,1,0,0,0,0,0
63.87,0,0,0,0,9999.0,2.65,1,0,0,0,0,0
29.03,0,0,0,0,9999.0,2.96,1,1,0,1,0,0
88.23,0,0,0,1,973.4395441221732,1.76,1,0,0,0,1,0
1631.78,0,0,0,0,9999.0,2.99,1,0,0,0,0,0
1341.18,0,0,0,0,9999.0,2.02,1,0,0,0,1,0
136.29,0,0,0,0,9999.0,2.62,1,0,0,0,0,0
34554.33,0,0,0,1,1.1,3.85,0,1,0,0,1,1
2181.35,0,0,0,0,9999.0,2.99,1,1,0,0,0,0
42.99,0,0,0,0,9999.0,1.6,1,1,0,0,0,0
17911.5,0,0,0,0,9999.0,1.58,1,0,0,0,0,0
809.59,0,0,0,0,9999.0,2.48,1,0,0,0,0,0
33.62,0,0,0,0,9999.0,1.58,1,1,0,0,0,0
14263.26,0,0,0,0,9999.0,2.44,1,0,0,0,0,0
1070.89,0,0,0,1,1050.3633187897512,2.87,1,0,0,0,0,0
24538.85,0,0,0,0,9999.0,1.33,1,0,0,0,0,0
126.82,0,0,0,0,9999.0,1.71,1,0,0,0,0,0
2231.06,0,1,0,0,9999.0,2.24,1,0,0,0,0,0
34747.54,0,0,0,0,9999.0,1.36,1,0,0,0,0,0
2561.74,0,0,0,0,9999.0,1.58,1,0,0,0,0,0
1670.03,0,0,0,0,9999.0,3.09,1,0,0,2,0,0
50.32,0,0,0,0,9999.0,2.3,1,0,0,1,0,0
89.88,0,0,0,0,9999.0,2.71,1,1,0,2,0,0
888.68,1,0,0,0,9999.0,2.63,1,1,0,0,0,0
263.56,0,0,0,0,9999.0,1.25,1,1,0,1,0,0
2377.14,0,0,0,0,9999.0,2.04,1,0,0,0,1,0
86.79,0,0,0,0,9999.0,1.55,1,0,0,0,0,0
16.91,0,0,0,0,9999.0,2.56,1,0,0,0,1,0
1643.83,0,0,0,0,9999.0,3.01,1,1,0,0,0,0
60.15,0,0,0,0,9999.0,2.11,1,0,0,0,0,0
2614.58,0,0,0,0,9999.0,1.5,1,0,0,1,0,0
255.11,0,0,0,0,9999.0,1.9,1,0,0,0,1,0
17729.69,1,0,0,1,13.0,4.06,1,1,0,0,1,1
3522.61,0,0,0,1,4.7,2.95,1,1,0,0,0,1
1834.69,0,0,0,0,9999.0,2.14,1,1,0,0,0,0
86.9,0,0,0,1,462.8362515704695,1.42,1,0,0,0,0,0
122.46,0,0,0,0,9999.0,1.58,1,0,0,0,0,0
722.44,0,0,0,0,9999.0,1.48,1,0,0,0,0,0
154279.55,1,0,0,1,24.3,4.26,1,1,0,1,0,1
79.77,0,0,0,0,9999.0,2.67,1,0,0,0,0,0
73.55,0,0,0,0,9999.0,1.23,1,0,0,0,0,0
338.74,0,0,0,0,9999.0,2.27,1,0,0,0,0,0
806.3,0,0,0,0,9999.0,1.83,1,0,0,0,0,0
30.46,0,0,0,0,9999.0,2.73,1,0,0,0,0,0
1337.82,0,0,0,0,9999.0,2.37,1,1,0,0,0,0
65.78,0,0,0,0,9999.0,2.85,1,1,0,0,0,0
20.56,0,0,0,0,9999.0,2.59,1,0,0,1,0,0
21.57,0,0,0,0,9999.0,2.01,1,1,0,0,1,0
1876.94,0,0,0,0,9999.0,1.44,1,0,0,0,0,0
2569.38,0,0,0,0,9999.0,2.68,1,1,0,0,0,0
2378.06,0,0,0,0,9999.0,1.67,1,0,0,2,1,0
2869.2,0,0,0,0,9999.0,1.75,1,0,0,0,0,0
72.08,0,0,0,0,9999.0,2.35,1,1,0,2,0,0
88.16,0,0,0,0,9999.0,1.98,1,1,0,0,0,0
1300.21,0,0,0,0,9999.0,2.61,1,0,0,1,0,0
1469.87,0,0,0,0,9999.0,2.44,1,0,0,0,0,0
142.53,0,0,0,0,9999.0,2.3,1,1,0,1,0,0
107.91,0,0,0,0,9999.0,2.45,1,0,0,0,0,0
1623.84,0,0,0,0,9999.0,2.01,1,0,0,1,1,0
152342.05,1,1,1,0,9.5,3.0,0,1,0,1,1,1
741.14,0,0,0,0,9999.0,1.25,1,0,0,0,0,0
710.63,0,0,0,1,642.1968889429253,1.64,1,0,0,0,0,0
2818.34,0,0,0,0,9999.0,2.79,1,0,0,1,1,0
2159.64,0,0,0,0,9999.0,1.57,1,0,0,0,0,0
119.16,0,0,0,0,9999.0,1.9,1,0,0,0,0,0
1006.24,0,0,0,0,9999.0,2.54,1,0,0,0,0,0
2220.18,0,0,0,0,9999.0,2.81,1,1,0,1,0,0
49.29,0,0,0,0,9999.0,2.03,1,1,0,1,0,0
77.19,0,0,0,0,9999.0,1.25,1,1,0,0,0,0
121.86,0,0,0,0,9999.0,2.55,1,1,0,0,0,0
113.67,0,0,0,0,9999.0,2.21,1,0,0,1,1,0
12.54,0,0,0,0,9999.0,1.64,1,0,0,0,0,0
113.53,0,0,0,0,9999.0,1.36,1,0,0,0,1,0
1893.99,0,0,0,0,9999.0,2.26,1,1,0,0,0,0
58.09,0,0,0,0,9999.0,1.25,1,0,0,0,0,0
2952.13,0,0,0,1,240.15236466719116,2.89,1,1,0,0,0,0
1675.81,0,0,0,1,1393.2155710776583,2.64,1,0,0,1,0,0
42.4,0,0,0,0,9999.0,1.85,1,0,0,0,0,0
2671.05,0,0,0,0,9999.0,1.36,1,1,0,1,0,0
2074.51,0,0,0,0,9999.0,2.6,1,1,0,1,0,0
37.2,0,0,0,0,9999.0,1.4,1,1,0,0,0,0
112.29,0,0,0,0,9999.0,1.81,1,0,0,0,1,0
1054.42,0,0,0,0,9999.0,1.8,1,1,0,0,0,0
2691.34,0,0,0,0,9999.0,1.54,1,1,0,0,0,0
35827.18,1,1,0,1,5.5,3.79,1,1,0,2,1,1
2206.43,0,0,0,0,9999.0,2.44,1,0,0,0,0,0
1757.24,0,0,0,0,9999.0,1.99,1,0,0,1,0,0
2735.73,0,0,0,0,9999.0,2.51,1,1,0,1,0,0
1040.66,0,0,0,1,1101.5360146193486,2.27,1,0,0,0,0,0
1693.26,0,0,0,0,9999.0,3.05,1,1,0,2,0,0
54.1,1,0,0,0,9999.0,2.08,1,0,0,0,1,0
46.6,0,0,0,1,1429.9017799515036,3.08,1,0,0,0,1,0
1353.44,0,0,0,0,9999.0,2.9,1,0,0,0,0,0
134.06,0,0,0,0,9999.0,1.99,1,1,0,0,1,0
149.02,0,0,0,0,9999.0,2.9,1,0,0,0,0,0
33.91,0,0,0,0,9999.0,2.54,1,0,0,0,0,0
77.69,0,0,0,0,9999.0,1.53,1,0,0,0,0,0
339.24,0,0,0,0,9999.0,2.99,1,1,0,1,0,0
1685.47,0,0,0,0,9999.0,2.51,1,1,0,0,0,0
134.11,1,0,0,0,9999.0,2.82,1,1,0,0,0,0
1576.29,0,0,0,0,9999.0,2.36,1,1,0,0,0,0
42646.62,0,0,0,0,9999.0,2.51,1,0,0,0,0,0
89.51,0,0,0,0,9999.0,2.91,1,1,0,0,0,0
607.45,0,0,0,0,9999.0,2.98,1,0,0,0,0,0
1500.0,0,0,0,1,16.2,2.88,0,1,0,0,1,1
551.41,0,0,0,0,9999.0,2.96,1,0,0,0,0,0
2367.37,0,0,0,0,9999.0,2.93,1,0,0,0,0,0
1147.17,0,0,0,0,9999.0,1.9,1,0,0,1,0,0
138.11,0,0,0,0,9999.0,2.7,1,1,0,0,0,0
1497.64,0,0,0,0,9999.0,2.07,1,0,0,1,0,0
365.19,0,0,0,0,9999.0,2.0,1,0,0,0,1,0
43578.3,0,0,0,1,546.3367118706353,2.69,1,1,0,0,0,0
37.91,0,0,0,0,9999.0,2.75,1,0,0,0,0,0
931.45,0,0,0,0,9999.0,2.82,1,0,0,0,0,0
710.76,0,0,0,0,9999.0,1.25,1,0,0,0,0,0
394.06,0,0,0,0,9999.0,1.83,1,1,0,1,0,0
134.72,0,0,0,0,9999.0,1.89,1,0,0,1,0,0
104.97,0,0,0,0,9999.0,1.34,1,1,0,0,0,0
700.81,0,0,0,0,9999.0,2.82,1,1,0,0,0,0
33.03,0,0,0,0,9999.0,3.03,1,1,0,0,0,0
66.26,0,0,0,0,9999.0,2.39,1,0,0,0,0,0
2241.65,0,0,0,0,9999.0,2.76,1,1,0,1,0,0
5794.25,1,0,0,1,8.1,4.31,1,0,0,2,1,1
81.49,0,0,0,0,9999.0,1.56,1,0,0,0,0,0
2457.42,0,0,0,0,9999.0,2.37,1,0,0,0,0,0
1685.0,0,0,0,0,9999.0,2.31,1,1,0,0,0,0
2029.92,0,0,0,0,9999.0,1.62,1,0,0,0,1,0
140.75,0,0,0,0,9999.0,1.22,1,0,0,1,1,0
148.59,0,0,0,0,9999.0,2.6,1,0,0,0,0,0
3000.0,1,0,0,0,20.5,3.86,1,1,0,2,1,1
86.32,0,0,0,0,9999.0,1.89,1,1,0,1,0,0
26.73,0,0,0,0,9999.0,1.42,1,0,0,0,0,0
148.13,0,0,0,0,9999.0,2.26,1,1,0,1,0,0
138.32,0,0,0,0,9999.0,1.47,1,0,0,0,0,0
130.88,0,0,0,0,9999.0,1.38,1,1,0,0,0,0
2531.02,1,0,0,0,9999.0,3.08,1,0,0,0,0,0
71.91,0,0,0,0,9999.0,3.08,1,0,0,0,1,0
1637.21,0,0,0,0,9999.0,2.66,1,0,0,0,0,0
88.29,0,0,0,0,9999.0,2.15,1,1,0,0,0,0
1197.32,0,0,0,0,9999.0,1.55,1,1,0,0,0,0
69.76,0,0,0,0,9999.0,2.34,1,1,0,0,0,0
79.89,0,0,0,0,9999.0,2.88,1,0,0,0,0,0
784.58,0,0,0,0,9999.0,2.62,1,0,0,1,1,0
42.29,0,0,0,0,9999.0,2.15,1,0,0,0,0,0
1914.6,0,0,0,0,9999.0,1.29,1,0,0,1,0,0
77.84,0,0,0,0,9999.0,1.59,1,0,0,0,0,0
1199.88,0,0,0,0,9999.0,1.9,1,0,0,0,1,0
64.87,0,0,0,0,9999.0,1.52,1,1,0,1,0,0
91.41,0,0,0,1,1312.3660817956218,1.68,1,0,0,0,0,0
83.31,0,0,0,0,9999.0,1.25,1,0,0,0,0,0
115.06,0,0,0,0,9999.0,2.14,1,0,0,0,0,0
899.44,0,0,0,0,9999.0,1.49,1,0,0,0,0,0
10905.21,1,1,0,1,6.8,2.89,0,1,0,0,0,1
4564.26,1,0,0,1,1.2,4.32,1,1,0,1,1,1
1566.22,0,0,0,0,9999.0,2.76,1,0,0,0,0,0
1895.47,0,0,0,0,9999.0,2.51,1,1,0,0,0,0
73.65,0,0,0,0,9999.0,1.39,1,0,0,0,0,0
2113.86,0,0,0,0,9999.0,1.41,1,0,0,0,0,0
1380.82,0,0,0,0,9999.0,2.42,1,0,0,1,0,0
2877.45,0,0,0,0,9999.0,1.66,1,1,0,1,1,0
78.91,1,0,0,0,9999.0,2.09,1,1,0,0,0,0
1188.65,0,0,0,0,9999.0,1.35,1,1,0,1,0,0
150715.61,1,1,1,1,30.0,4.42,1,1,0,0,1,1
131.37,0,0,0,0,9999.0,1.86,1,0,0,0,1,0
873.52,0,0,0,0,12.8,3.84,1,1,0,2,0,1
46.32,0,0,0,0,9999.0,2.27,1,0,0,2,1,0
1367.19,0,0,0,0,9999.0,1.77,1,0,0,1,0,0
13688.86,0,0,0,0,9999.0,2.15,1,0,0,0,1,0
44.77,0,0,0,0,9999.0,2.63,1,1,0,0,0,0
5000.0,0,0,0,1,7.5,2.94,0,1,1,2,0,1
14.59,0,0,0,0,9999.0,2.89,1,1,0,0,0,0
57.38,0,0,0,0,9999.0,2.4,1,1,0,0,1,0
1703.39,0,0,0,0,9999.0,3.07,1,1,0,0,0,0
2517.54,0,0,0,0,9999.0,1.47,1,0,0,0,0,0
828.47,0,0,0,0,9999.0,1.96,1,0,0,0,0,0
21.81,1,0,0,0,9999.0,2.24,1,0,0,0,0,0
2425.19,0,0,0,0,9999.0,2.56,1,0,0,0,0,0
37294.36,1,0,0,1,5.6,3.49,0,1,0,0,0,1
2334.39,0,0,0,0,9999.0,2.28,1,0,0,1,1,0
42547.3,0,0,0,0,9999.0,2.85,1,0,0,1,0,0
2224.55,0,0,0,1,212.37099731435237,2.84,1,1,0,1,0,0
8000.0,1,0,0,1,16.4,3.82,0,1,0,0,1,1
484.17,0,0,0,0,9999.0,2.84,1,1,0,2,0,0
12.48,0,0,0,0,9999.0,2.31,1,0,0,0,1,0
8000.0,1,0,0,1,22.8,4.73,0,1,0,0,0,1
1930.64,0,0,0,0,9999.0,2.64,1,0,0,0,0,0
757.1,0,0,0,0,9999.0,2.74,1,0,0,0,1,0
73.96,0,0,0,0,9999.0,1.91,1,0,0,0,0,0
1208.7,0,0,0,0,9999.0,2.08,1,0,0,0,0,0
100.06,0,0,0,0,9999.0,2.46,1,1,0,0,0,0
37509.21,0,0,0,0,9999.0,1.97,1,0,0,0,0,0
115.33,0,0,0,0,9999.0,2.29,1,1,0,0,0,0
1500.0,0,0,0,1,42.1,3.51,1,1,0,2,0,1
1188.08,0,0,0,0,9999.0,1.33,1,0,0,0,0,0
17.69,0,0,0,0,9999.0,2.52,1,1,0,0,0,0
135.4,0,0,0,0,9999.0,2.88,1,0,0,0,0,0
33.13,0,0,0,0,9999.0,1.41,1,1,0,0,0,0
1919.55,0,0,0,0,9999.0,2.74,1,0,0,2,1,0
115.97,0,0,0,0,9999.0,2.53,1,0,0,0,0,0
1688.09,0,0,0,0,9999.0,1.71,1,0,0,0,0,0
17237.15,0,0,0,0,9999.0,2.08,1,1,0,0,0,0
114.28,0,0,0,0,9999.0,1.65,1,1,0,0,0,0
90.66,0,0,0,0,9999.0,1.34,1,0,0,0,0,0
912.84,1,0,0,0,9999.0,1.77,1,0,0,1,0,0
288.01,0,0,0,0,9999.0,1.88,1,0,0,2,0,0
1706.97,0,0,0,0,9999.0,2.57,1,0,0,0,0,0
1500.0,0,0,0,1,23.2,4.0,1,1,0,1,0,1
1267.22,0,0,0,0,9999.0,2.43,1,0,0,0,0,0
21.86,0,0,0,0,9999.0,1.28,1,0,0,1,0,0
412.51,0,0,0,0,9999.0,1.86,1,0,0,0,0,0
43.1,0,0,0,0,9999.0,1.42,1,0,0,0,0,0
105.42,1,0,0,0,9999.0,1.58,1,0,0,0,0,0
19.52,0,0,0,0,9999.0,2.36,1,1,0,0,1,0
133.52,0,0,0,0,9999.0,2.54,1,0,0,0,0,0
1500.0,0,0,0,1,10.4,4.29,0,0,0,2,0,1
85.08,0,0,0,0,9999.0,1.86,1,0,0,0,0,0
19.9,0,0,0,0,9999.0,1.22,1,0,0,0,0,0
43.52,0,0,0,0,9999.0,1.9,1,0,0,0,0,0
21.03,0,0,0,0,9999.0,1.82,1,0,0,2,0,0
510.98,0,0,0,0,9999.0,3.08,1,0,0,0,0,0
45.95,0,0,0,0,9999.0,2.95,1,0,0,0,1,0
1023.29,0,0,0,0,9999.0,1.41,1,0,0,1,0,0
80.43,0,0,0,0,9999.0,1.24,1,0,0,0,0,0
951.81,1,0,0,1,12.4,4.09,1,1,0,2,0,1
111.1,0,0,0,0,9999.0,1.76,1,0,0,1,0,0
52.74,0,0,0,0,9999.0,1.82,1,0,0,0,0,0
21105.77,0,0,0,0,9999.0,2.82,1,0,0,2,0,0
65.13,0,0,0,0,9999.0,2.73,1,0,0,0,0,0
22.33,0,0,0,0,9999.0,3.02,1,1,0,0,0,0
129.13,0,0,0,0,9999.0,2.45,1,0,0,0,0,0
59.9,0,0,0,0,9999.0,2.17,1,0,0,0,0,0
1157.9,1,0,0,0,9999.0,1.56,1,0,0,0,0,0
409.58,0,0,0,0,9999.0,2.17,1,0,0,0,0,0
65.77,0,0,0,0,9999.0,2.4,1,0,0,2,0,0
67.81,0,0,0,1,206.33857580696235,1.78,1,1,0,0,0,0
1075.87,0,0,0,0,9999.0,2.59,1,1,0,1,0,0
973.61,0,0,0,0,9999.0,1.46,1,0,0,0,0,0
2271.48,0,0,0,0,9999.0,1.64,1,0,0,0,0,0
1482.15,0,0,0,0,9999.0,2.07,1,0,0,0,0,0
23929.87,0,0,0,0,9999.0,2.7,1,0,0,0,0,0
2121.44,0,0,0,0,9999.0,1.79,1,0,0,1,0,0
19477.08,0,0,0,0,9999.0,1.72,1,0,0,0,0,0
2965.22,0,0,0,0,9999.0,2.87,1,0,0,0,0,0
1076.85,0,0,0,1,1077.2390785040393,2.96,1,0,0,0,0,0
12.7,0,0,0,0,9999.0,2.55,1,0,0,0,0,0
254.95,0,0,0,0,9999.0,2.99,1,1,0,1,0,0
2321.57,0,0,0,0,9999.0,2.77,1,1,0,2,0,0
106.2,0,0,0,0,9999.0,1.89,1,1,0,0,1,0
1092.53,0,0,0,0,9999.0,2.97,1,0,0,1,1,0
20.28,0,0,0,0,9999.0,1.83,1,0,0,0,0,0
1330.25,0,0,0,0,9999.0,3.0,1,0,0,1,0,0
1287.47,0,0,0,0,9999.0,1.79,1,1,0,0,0,0
28011.65,0,0,0,0,9999.0,1.84,1,1,0,0,0,0
27376.17,1,0,0,1,10.4,3.47,0,1,0,1,0,1
2062.13,0,0,0,0,9999.0,2.84,1,1,0,0,1,0
652.1,0,0,0,0,9999.0,2.61,1,0,0,2,0,0
464.88,0,0,0,0,9999.0,1.41,1,0,0,2,0,0
2572.88,1,0,0,1,1.2,2.85,1,1,0,1,0,1
145.06,0,0,0,0,9999.0,2.46,1,0,0,1,0,0
1226.23,0,0,0,0,9999.0,2.4,1,1,0,0,0,0
1214.9,0,0,0,0,9999.0,1.4,1,0,0,0,1,0
2687.88,0,0,0,0,9999.0,2.06,1,0,0,0,0,0
139.87,0,0,0,0,9999.0,2.51,1,0,0,0,0,0
601.4,0,0,0,0,9999.0,2.75,1,0,0,1,0,0
2910.71,0,0,0,0,9999.0,2.98,1,0,0,0,0,0
2375.36,0,0,0,0,9999.0,2.05,1,0,0,1,0,0
2892.88,0,0,0,0,9999.0,2.7,1,0,0,0,0,0
1675.96,0,0,0,1,1270.1497405990997,1.21,1,0,0,0,0,0
148.57,0,0,0,0,9999.0,2.01,1,0,0,0,0,0
1928.63,0,0,0,0,9999.0,2.91,1,1,0,0,0,0
638.54,0,0,0,0,9999.0,1.87,1,0,0,1,0,0
918.26,0,0,0,1,763.0639748945458,1.94,1,1,0,0,0,0
2293.71,0,0,0,0,9999.0,2.24,1,0,0,0,0,0
87.4,0,0,0,0,9999.0,1.99,1,0,0,1,0,0
16.52,0,0,0,0,9999.0,3.02,1,0,0,1,0,0
1691.14,0,0,0,0,9999.0,2.11,1,0,0,1,0,0
1821.24,0,0,0,0,9999.0,1.62,1,0,0,1,0,0
37833.37,0,0,0,0,9999.0,2.63,1,0,0,0,0,0
18489.77,0,1,0,0,20.3,3.63,1,1,0,2,1,1
33.56,0,0,0,0,9999.0,2.87,1,0,0,0,0,0
535.77,0,0,0,0,9999.0,2.33,1,0,0,0,0,0
41483.8,0,0,0,0,9999.0,2.28,1,1,0,0,0,0
61.4,0,0,0,0,9999.0,2.85,1,0,0,1,1,0
2974.99,0,0,0,0,9999.0,2.25,1,0,0,1,0,0
116.36,0,0,0,0,9999.0,1.64,1,0,0,0,1,0
1609.29,0,0,0,0,9999.0,3.09,1,0,0,0,0,0
796.85,0,0,0,0,9999.0,1.97,1,0,0,0,0,0
1720.94,0,0,0,0,9999.0,2.17,1,0,0,1,0,0
15.18,0,0,0,0,9999.0,2.01,1,0,0,0,0,0
531.78,0,0,0,0,9999.0,1.33,1,1,0,0,0,0
138.94,0,0,0,0,9999.0,1.25,1,0,0,0,0,0
33056.11,1,0,0,1,18.4,3.58,0,1,0,0,1,1
103.98,0,0,0,0,9999.0,1.2,1,1,0,0,0,0
1999.45,0,0,0,0,9999.0,2.75,1,0,0,2,0,0
1611.29,0,0,0,0,9999.0,1.44,1,0,0,0,0,0
94.96,0,0,0,0,9999.0,2.67,1,0,0,1,0,0
2905.75,0,0,0,0,9999.0,2.88,1,0,0,0,1,0
70.47,0,0,0,0,9999.0,1.98,1,0,0,0,0,0
894.19,0,0,0,0,9999.0,1.4,1,1,0,1,0,0
24457.69,0,1,0,1,5.7,4.46,0,1,0,0,1,1
2219.29,0,0,0,0,9999.0,1.32,1,1,0,0,0,0
2781.96,0,0,0,1,543.0887497455182,1.94,1,0,0,1,1,0
684.79,0,0,0,0,9999.0,2.05,1,1,0,0,0,0
2694.7,0,0,0,0,9999.0,2.27,1,1,0,1,0,0
135.27,0,0,0,0,9999.0,3.0,1,0,0,1,0,0
11.81,0,0,0,0,9999.0,2.39,1,0,0,0,1,0
2560.0,0,0,0,0,9999.0,1.23,1,0,0,0,0,0
2359.82,0,0,0,0,9999.0,2.07,1,0,0,0,0,0
1344.58,0,0,0,0,9999.0,2.57,1,0,0,0,0,0
112.0,0,0,0,0,9999.0,2.63,1,0,0,0,0,0
1334.36,0,0,0,0,9999.0,2.57,1,0,0,0,0,0
2167.17,0,0,0,0,9999.0,1.26,1,0,0,0,0,0
112.69,0,0,0,0,9999.0,2.78,1,1,0,1,1,0
678.08,0,0,0,0,9999.0,2.49,1,0,0,0,0,0
77.74,0,0,0,0,9999.0,1.42,1,0,0,0,0,0
1525.91,1,0,0,1,6.1,3.05,0,1,0,2,1,1
3000.0,0,0,0,0,24.2,3.08,0,0,0,1,0,1
1321.56,0,0,0,0,9999.0,2.67,1,0,0,0,1,0
42064.12,0,0,0,0,9999.0,2.85,1,0,0,0,0,0
73.9,0,0,0,1,747.4396588032358,2.3,1,1,0,0,0,0
1227.02,0,0,0,0,9999.0,1.74,1,0,0,0,1,0
728.32,0,0,0,0,9999.0,2.06,1,0,0,1,0,0
2272.92,0,0,0,0,9999.0,2.43,1,0,0,0,1,0
413.21,0,0,0,0,9999.0,2.9,1,0,0,0,0,0
140.51,0,0,0,0,9999.0,1.22,1,0,0,0,0,0
119.83,0,0,0,0,9999.0,2.17,1,0,0,1,0,0
1560.62,0,0,0,0,9999.0,2.12,1,1,0,0,1,0
125.31,0,0,0,0,9999.0,1.51,1,1,0,0,0,0
1536.22,0,0,0,0,9999.0,3.08,1,0,0,0,0,0
143.27,1,0,0,0,9999.0,2.09,1,0,0,1,0,0
65.27,0,0,0,0,9999.0,2.31,1,0,0,0,0,0
1149.81,0,0,0,0,9999.0,3.03,1,0,0,0,0,0
1809.49,0,0,0,0,9999.0,2.66,1,0,0,1,0,0
40.91,0,0,0,0,9999.0,1.43,1,0,0,0,0,0
5000.0,1,0,0,0,1.7,4.64,1,1,1,0,1,1
1277.11,0,0,0,0,9999.0,2.26,1,1,0,0,0,0
2744.7,0,0,0,0,9999.0,1.89,1,1,0,0,0,0
50.74,0,0,0,0,9999.0,2.29,1,0,0,0,0,0
2140.81,0,0,0,0,9999.0,1.59,1,0,0,1,0,0
45462.37,1,0,0,1,13.8,2.9,0,1,0,2,0,1
1229.33,0,0,0,0,9999.0,2.94,1,1,0,0,0,0
109.41,0,0,0,0,9999.0,2.25,1,0,0,0,0,0
45.3,0,0,0,0,9999.0,1.29,1,0,0,1,0,0
582.08,0,0,0,0,9999.0,2.14,1,0,0,0,0,0
1167.12,0,0,0,0,9999.0,2.13,1,0,0,0,0,0
153657.09,1,1,0,1,26.9,4.03,0,1,0,0,1,1
1640.56,0,0,0,0,9999.0,2.52,1,1,0,0,1,0
411.17,0,0,0,0,9999.0,2.3,1,0,0,2,0,0
26821.72,0,0,0,0,9999.0,1.7,1,0,0,2,0,0
1739.52,0,0,0,0,9999.0,1.77,1,1,0,0,0,0
12.85,1,0,0,0,9999.0,3.08,1,0,0,0,0,0
802.18,0,0,0,0,9999.0,3.04,1,1,0,0,0,0
820.8,0,0,0,0,9999.0,1.42,1,0,0,0,0,0
148.26,0,0,0,0,9999.0,2.38,1,1,0,0,0,0
24.08,0,0,0,0,9999.0,2.14,1,1,0,0,0,0
2376.87,0,0,0,0,9999.0,2.48,1,0,0,0,1,0
1983.62,0,0,0,0,9999.0,2.55,1,0,0,0,0,0
79.55,0,0,0,0,9999.0,1.41,1,0,0,1,0,0
118.77,0,0,0,0,9999.0,3.07,1,0,0,0,0,0
134.57,0,0,0,0,9999.0,2.67,1,1,0,0,0,0
843.45,0,0,0,0,9999.0,2.67,1,0,0,0,0,0
2002.65,0,0,0,0,9999.0,2.46,1,0,0,0,0,0
118.96,0,0,0,0,9999.0,1.99,1,1,0,1,1,0
81.46,1,0,0,0,9999.0,2.26,1,0,0,0,0,0
83.57,1,0,0,0,9999.0,1.43,1,1,0,0,0,0
117.08,0,0,0,0,9999.0,1.66,1,0,0,0,0,0
1912.64,0,0,0,0,9999.0,2.57,1,1,0,0,0,0
25.56,0,0,0,0,9999.0,3.03,1,1,0,0,0,0
53.55,1,0,0,0,9999.0,2.5,1,1,0,0,0,0
72.21,0,0,0,0,9999.0,1.75,1,1,0,1,0,0
834.95,0,0,0,1,1004.2499059272902,1.78,1,0,0,1,0,0
55.6,0,0,0,0,9999.0,2.46,1,1,0,0,0,0
123.22,1,0,0,0,9999.0,1.21,1,0,0,1,0,0
101.38,0,0,0,0,9999.0,1.9,1,0,0,0,0,0
139.35,0,0,0,0,9999.0,2.14,1,0,0,0,1,0
2271.67,0,0,0,0,9999.0,2.46,1,1,0,2,0,0
85.56,0,0,0,0,9999.0,2.21,1,0,0,0,0,0
59.1,0,0,0,0,9999.0,2.6,1,0,0,0,0,0
26.44,0,0,0,0,9999.0,1.8,1,0,0,0,0,0
27505.25,1,1,0,1,21.2,4.14,0,0,0,2,1,1
649.63,0,0,0,0,9999.0,1.57,1,0,0,0,1,0
362.92,0,0,0,0,9999.0,2.07,1,0,0,0,0,0
84.72,0,0,0,0,9999.0,2.61,1,1,0,0,1,0
135.74,0,0,0,0,9999.0,2.67,1,1,0,0,0,0
90.53,0,0,0,0,9999.0,2.47,1,0,0,0,0,0
1502.34,0,0,0,0,9999.0,3.07,1,0,0,0,0,0
28.33,0,0,0,0,9999.0,3.02,1,1,0,1,1,0
3000.0,0,0,0,1,25.5,4.21,1,1,0,0,1,1
1409.42,0,0,0,0,9999.0,1.27,1,1,0,2,0,0
21.49,0,0,0,0,9999.0,1.31,1,0,0,0,0,0
1531.98,0,0,0,1,1278.7570749224776,2.39,1,0,0,0,0,0
108.44,0,0,0,0,9999.0,1.54,1,0,0,0,0,0
22523.43,0,0,0,0,9999.0,2.57,1,1,0,0,0,0
17.17,0,0,0,0,9999.0,2.14,1,0,0,0,0,0
2727.27,0,0,0,1,689.9276896010521,1.61,1,0,0,0,1,0
72.1,1,0,0,0,9999.0,1.67,1,0,0,0,0,0
833.1,0,0,0,0,9999.0,2.56,1,0,0,0,1,0
133.5,0,0,0,1,667.7724928786955,1.57,1,0,0,0,0,0
2955.6,0,0,0,0,9999.0,2.34,1,0,0,1,0,0
1512.56,0,0,0,0,9999.0,1.47,1,1,0,0,0,0
114.86,0,0,0,0,9999.0,2.19,1,1,0,0,0,0
98.42,1,0,0,0,9999.0,1.91,1,0,0,0,0,0
121.85,0,0,0,0,9999.0,2.35,1,0,0,0,0,0
96.78,0,0,0,0,9999.0,1.42,1,0,0,0,1,0
90.66,0,0,0,0,9999.0,1.84,1,0,0,1,0,0
68.92,0,0,0,0,9999.0,2.55,1,1,0,1,0,0
841.51,0,0,0,0,9999.0,2.02,1,0,0,0,1,0
44596.38,0,0,0,1,89.94528412547785,1.96,1,1,0,0,0,0
143.49,0,0,0,0,9999.0,3.09,1,1,0,1,0,0
2888.77,0,0,0,0,9999.0,2.84,1,1,0,0,0,0
631.9,0,0,0,0,9999.0,3.08,1,0,0,0,0,0
2161.16,0,0,0,0,9999.0,3.01,1,0,0,0,0,0
821.85,0,0,0,0,9999.0,1.61,1,0,0,0,0,0
2392.14,0,0,0,0,9999.0,2.24,1,0,0,0,0,0
102.21,0,0,0,0,9999.0,2.96,1,1,0,0,0,0
1293.98,0,0,0,0,9999.0,1.23,1,0,0,0,0,0
1125.67,0,0,0,0,9999.0,1.23,1,0,0,2,1,0
1392.46,0,0,0,0,9999.0,3.03,1,0,0,0,0,0
134.16,0,0,0,0,9999.0,2.26,1,0,0,0,0,0
59.32,0,0,0,0,9999.0,1.73,1,0,0,1,0,0
107.44,0,0,0,0,9999.0,1.7,1,0,0,0,0,0
102.55,0,0,0,0,9999.0,2.34,1,1,0,1,0,0
856.28,0,0,0,0,9999.0,2.86,1,1,0,1,0,0
621.93,0,0,0,0,9999.0,2.96,1,0,0,0,1,0
2659.13,0,0,0,0,9999.0,1.29,1,0,0,1,0,0
2119.82,0,0,0,0,9999.0,1.49,1,1,0,0,0,0
1108.47,1,0,0,1,7.2,3.34,1,1,0,2,0,1
2304.89,0,0,0,0,9999.0,3.01,1,0,0,2,0,0
1405.45,0,0,0,1,718.9796571539875,2.51,1,0,0,2,0,0
720.16,0,0,0,0,9999.0,2.91,1,1,0,0,0,0
15000.0,1,0,0,0,7.6,3.2,0,1,1,1,0,1
110.91,0,0,0,0,9999.0,1.57,1,0,0,2,0,0
23.39,0,0,0,0,9999.0,1.5,1,1,0,0,0,0
69.83,0,0,0,0,9999.0,2.32,1,1,0,0,0,0
147.17,0,0,0,0,9999.0,2.94,1,0,0,0,0,0
22.9,0,0,0,0,9999.0,3.03,1,0,0,1,0,0
67.23,0,0,0,0,9999.0,2.25,1,0,0,0,0,0
77.49,0,0,0,0,9999.0,1.87,1,1,0,0,0,0
31.67,0,0,0,0,9999.0,2.35,1,1,0,0,0,0
25000.0,0,0,0,1,14.2,4.35,1,1,0,2,1,1
2615.36,0,0,0,0,9999.0,1.58,1,0,0,0,0,0
139.91,0,0,0,0,9999.0,2.86,1,0,0,0,0,0
106.75,0,0,0,0,9999.0,2.18,1,0,0,0,0,0
1087.88,0,0,0,0,9999.0,1.54,1,0,0,0,0,0
928.06,0,0,0,0,9999.0,1.34,1,0,0,0,0,0
149.61,0,0,0,0,9999.0,3.02,1,0,0,0,0,0
2251.09,0,0,0,0,9999.0,3.0,1,0,0,0,1,0
154497.33,1,1,0,1,20.9,3.94,1,1,0,2,0,1
69.61,1,0,0,0,9999.0,2.86,1,0,0,0,0,0
39.97,0,0,0,0,9999.0,1.85,1,1,0,0,0,0
2435.92,0,0,0,0,9999.0,2.79,1,1,0,0,0,0
1809.76,0,0,0,0,9999.0,2.54,1,0,0,0,0,0
67.29,0,0,0,1,1337.6971405660756,1.72,1,1,0,0,1,0
1378.19,0,0,0,0,9999.0,1.72,1,0,0,0,0,0
2456.36,1,0,0,0,9999.0,2.99,1,0,0,0,1,0
2438.47,0,0,0,0,9999.0,2.33,1,0,0,0,1,0
25000.0,1,0,0,1,2.5,3.21,1,0,1,1,1,1
23.02,0,0,0,0,9999.0,2.4,1,0,0,0,0,0
35.02,0,0,0,0,9999.0,2.44,1,0,0,0,0,0
111.83,0,0,0,0,9999.0,2.48,1,0,0,0,0,0
66.22,0,0,0,0,9999.0,1.65,1,1,0,0,1,0
122.2,0,0,0,0,9999.0,1.54,1,1,0,0,0,0
1006.64,0,0,0,0,9999.0,1.96,1,1,0,0,0,0
2275.35,0,0,0,0,9999.0,2.66,1,1,0,0,1,0
5973.55,1,0,0,0,0.7,4.4,0,1,0,2,0,1
71.66,0,0,0,0,9999.0,3.06,1,0,0,0,0,0
118.23,0,0,0,0,9999.0,1.42,1,0,0,2,0,0
3309.44,1,0,0,1,9.8,4.38,1,1,0,1,0,1
142.03,0,0,0,0,9999.0,1.57,1,0,0,1,0,0
3000.0,0,0,0,1,40.0,3.86,1,1,0,1,0,1
1996.47,0,0,0,0,9999.0,2.58,1,0,0,1,1,0
56.47,0,0,0,0,9999.0,1.24,1,0,0,0,0,0
2626.07,0,0,0,0,9999.0,3.04,1,1,0,0,0,0
129.04,0,0,0,1,1040.345084011084,2.13,1,1,0,0,0,0
2412.94,1,0,0,0,9999.0,2.59,1,0,0,0,0,0
722.91,0,0,0,0,9999.0,2.11,1,0,0,1,0,0
1361.75,0,0,0,1,491.61845187172185,2.78,1,0,0,0,1,0
1028.73,0,0,0,1,332.61793257224133,2.21,1,0,0,0,0,0
1277.35,0,0,0,0,9999.0,2.8,1,0,0,0,0,0
36.59,0,0,0,1,868.5696654080041,1.53,1,0,0,1,0,0
1970.39,0,0,0,0,9999.0,2.43,1,1,0,1,0,0
3175.97,1,0,0,1,9.4,3.5,1,1,0,0,1,1
2291.69,0,0,0,0,9999.0,2.13,1,0,0,0,0,0
139.76,0,0,0,0,9999.0,2.42,1,0,0,0,0,0
2291.08,0,0,0,0,9999.0,2.55,1,0,0,0,0,0
101.15,0,0,0,0,9999.0,2.54,1,1,0,0,0,0
34.86,0,0,0,0,9999.0,2.73,1,0,0,0,0,0
65.68,0,0,0,0,9999.0,2.63,1,0,0,0,1,0
2294.01,0,0,0,0,9999.0,2.19,1,0,0,0,0,0
15055.58,0,0,0,0,9999.0,2.93,1,0,0,0,0,0
2825.78,0,0,0,0,9999.0,1.72,1,0,0,0,0,0
2981.12,0,0,0,0,9999.0,3.02,1,1,0,0,1,0
570.76,0,0,0,0,9999.0,2.02,1,1,0,1,0,0
2157.04,0,0,0,0,9999.0,2.06,1,1,0,0,0,0
16.19,0,0,0,1,632.2072821080608,1.51,1,0,0,0,0,0
1370.92,1,0,0,0,9999.0,1.95,1,1,0,0,0,0
1575.12,0,0,0,0,9999.0,2.32,1,1,0,1,0,0
1580.7,1,0,0,0,9999.0,2.52,1,0,0,0,0,0
118.48,0,0,0,0,9999.0,2.81,1,1,0,0,0,0
148.66,0,0,0,0,9999.0,2.37,1,0,0,0,0,0
1133.74,0,0,0,0,9999.0,2.25,1,0,0,0,1,0
38921.48,1,1,0,1,5.1,4.65,1,1,0,2,0,1
2930.67,0,0,0,1,5.8,4.67,0,1,0,2,1,1
136.08,0,0,0,0,9999.0,1.27,1,0,0,0,0,0
2366.82,0,0,0,0,9999.0,2.54,1,0,0,0,1,0
148.84,0,0,0,0,9999.0,1.25,1,1,0,0,0,0
220.92,0,0,0,0,9999.0,2.06,1,0,0,0,0,0
409.56,0,0,0,1,927.1798804399206,2.49,1,1,0,1,0,0
103.2,0,0,0,0,9999.0,2.07,1,0,0,0,0,0
1428.82,0,0,0,0,9999.0,2.45,1,0,0,1,0,0
54.67,0,0,0,0,9999.0,2.25,1,0,0,0,1,0
2417.86,0,0,0,0,9999.0,1.73,1,0,0,0,0,0
56.75,0,0,0,0,9999.0,2.88,1,0,0,0,1,0
3871.61,0,0,0,1,13.2,4.06,1,1,0,1,0,1
2221.68,0,0,0,0,9999.0,2.27,1,1,0,0,0,0
1505.23,0,0,0,0,9999.0,2.49,1,1,0,2,1,0
1735.12,0,0,0,0,9999.0,1.37,1,0,0,1,1,0
78.72,0,0,0,0,9999.0,1.97,1,1,0,0,1,0
447.86,0,0,0,0,9999.0,2.87,1,0,0,0,0,0
71.64,0,0,0,0,9999.0,2.43,1,0,0,0,0,0
92.04,0,0,0,0,9999.0,1.48,1,1,0,0,0,0
33.58,0,0,0,0,9999.0,1.61,1,0,0,0,0,0
43.83,0,0,0,0,9999.0,2.46,1,0,0,1,0,0
16.63,0,0,0,0,9999.0,2.08,1,0,0,0,0,0
122.69,0,0,0,0,9999.0,2.78,1,1,0,0,0,0
526.07,0,0,0,0,9999.0,2.41,1,0,0,0,0,0
2873.06,1,0,0,0,9999.0,2.45,1,1,0,1,0,0
4528.33,1,0,0,1,11.5,3.74,1,1,0,2,0,1
279.44,0,0,0,0,9999.0,1.67,1,0,0,1,0,0
1909.37,0,0,0,0,9999.0,1.54,1,1,0,0,0,0
29.1,0,0,0,0,9999.0,2.33,1,0,0,0,0,0
236.95,1,0,0,0,9999.0,1.22,1,0,0,0,0,0
1120.87,0,0,0,0,9999.0,1.64,1,1,0,2,0,0
1845.24,0,0,0,1,8.9,3.83,0,1,0,1,1,1
1421.05,0,0,0,0,9999.0,1.57,1,0,0,1,0,0
103.56,0,0,0,0,9999.0,1.95,1,1,0,0,0,0
1838.85,1,0,0,0,9999.0,1.4,1,0,0,0,1,0
108.31,0,0,0,0,9999.0,1.82,1,0,0,0,1,0
37137.81,1,1,0,1,4.5,4.22,0,1,0,1,1,1
77364.63,1,0,1,1,2.4,4.74,0,1,0,1,1,1
11.02,0,0,0,0,9999.0,3.07,1,0,0,0,0,0
229.2,0,0,0,0,9999.0,2.77,1,1,0,1,0,0
811.92,0,0,0,0,9999.0,1.41,1,0,0,0,0,0
37258.87,0,0,0,0,9999.0,1.43,1,0,0,0,0,0
27.62,0,0,0,1,563.6143160132729,1.71,1,0,0,1,0,0
1337.25,0,0,0,0,9999.0,1.47,1,0,0,0,0,0
381.83,0,0,0,0,9999.0,2.76,1,1,0,2,1,0
135.32,0,0,0,0,9999.0,2.26,1,1,0,0,0,0
1887.68,0,0,0,0,9999.0,2.13,1,0,0,0,0,0
15000.0,1,0,0,0,4.4,2.93,1,1,1,2,1,1
80.97,0,0,0,0,9999.0,2.61,1,0,0,0,0,0
2244.1,0,0,0,0,9999.0,1.68,1,0,0,0,1,0
234.4,0,0,0,0,9999.0,3.0,1,0,0,0,0,0
10787.76,1,0,1,1,5.9,4.37,1,1,0,0,0,1
75926.69,1,1,0,1,30.2,3.96,0,1,0,2,1,1
1422.75,0,0,0,0,9999.0,1.2,1,0,0,1,0,0
2037.43,0,0,0,0,9999.0,2.86,1,1,0,0,1,0
18.76,0,0,0,0,9999.0,2.86,1,0,0,0,1,0
2411.42,0,0,0,1,605.1619941945137,2.3,1,0,0,0,0,0
25000.0,0,0,0,1,21.5,3.34,1,1,0,1,0,1
71.02,0,0,0,0,9999.0,1.32,1,1,0,0,1,0
1168.14,0,0,0,0,9999.0,2.15,1,0,0,0,0,0
201.08,0,0,0,0,9999.0,1.44,1,1,0,0,1,0
2587.5,0,0,0,0,9999.0,1.97,1,1,0,0,0,0
25000.0,0,0,0,0,7.7,3.15,1,1,1,1,0,1
36945.5,1,1,0,1,29.1,4.61,1,1,0,2,0,1
508.95,0,0,0,0,9999.0,2.49,1,1,0,2,0,0
9999.0,0,0,0,1,5.2,4.43,1,1,1,1,1,1
101.19,0,0,0,0,9999.0,2.58,1,0,0,0,0,0
1071.52,0,0,0,0,9999.0,2.75,1,0,0,2,1,0
13.7,0,0,0,1,1390.5671414043372,2.25,1,0,0,0,0,0
3717.03,1,0,0,1,8.9,4.55,0,1,0,1,1,1
2589.94,1,0,0,0,9999.0,1.99,1,1,0,0,0,0
480.51,0,0,0,0,9999.0,2.98,1,1,0,0,0,0
593.14,0,0,0,0,9999.0,1.88,1,0,0,0,0,0
704.73,1,0,0,0,9999.0,2.67,1,1,0,0,0,0
44.75,0,0,0,0,9999.0,2.66,1,0,0,2,0,0
53.78,0,0,0,0,9999.0,1.21,1,0,0,0,0,0
23.93,0,0,0,0,9999.0,2.29,1,1,0,0,1,0
367.54,0,0,0,1,406.892724077016,2.01,1,0,0,0,0,0
25000.0,1,0,0,1,13.5,4.25,1,1,0,2,1,1
123.29,0,0,0,1,101.67350658454936,2.98,1,0,0,0,0,0
2777.58,0,0,0,0,9999.0,1.46,1,0,0,0,0,0
1022.23,0,0,0,0,9999.0,1.45,1,0,0,0,0,0
134.91,0,0,0,0,9999.0,1.46,1,0,0,0,0,0
53.78,0,0,0,0,9999.0,3.06,1,0,0,0,0,0
147.41,0,0,0,0,9999.0,1.44,1,0,0,0,0,0
1248.22,0,0,0,0,9999.0,2.22,1,0,0,0,0,0
65.04,0,0,0,0,9999.0,1.59,1,1,0,0,1,0
124.72,0,0,0,0,9999.0,2.08,1,0,0,0,0,0
1183.44,0,0,0,0,9999.0,2.08,1,1,0,0,1,0
1964.15,0,0,0,1,285.1807039249593,2.86,1,0,0,0,0,0
1149.85,0,0,0,0,9999.0,2.63,1,1,0,1,1,0
10.63,0,0,0,0,9999.0,2.14,1,0,0,0,0,0
1267.45,0,0,0,0,9999.0,2.38,1,0,0,0,0,0
1737.38,0,0,0,0,9999.0,2.62,1,0,0,0,0,0
1887.36,0,0,0,0,9999.0,2.08,1,0,0,1,0,0
1088.57,0,0,0,1,959.2656707400135,2.94,1,1,0,0,0,0
23.1,0,0,0,0,9999.0,1.71,1,0,0,0,1,0
88.93,0,0,0,1,1059.8753991220365,1.21,1,1,0,0,1,0
13367.84,0,0,0,0,9999.0,3.02,1,0,0,0,0,0
143.71,0,0,0,0,9999.0,2.59,1,0,0,0,0,0
63.66,0,0,0,0,9999.0,2.34,1,0,0,1,1,0
112.49,0,0,0,0,9999.0,2.41,1,1,0,0,0,0
94.09,1,0,0,1,1078.2514209162618,2.64,1,0,0,0,0,0
2072.54,0,0,0,0,9999.0,2.57,1,1,0,0,1,0
60.18,0,0,0,0,9999.0,2.56,1,0,0,1,0,0
1604.92,0,0,0,0,9999.0,1.5,1,1,0,0,0,0
97.49,0,0,0,0,9999.0,2.67,1,0,0,0,0,0
19.95,1,0,0,0,9999.0,2.84,1,0,0,0,0,0
2500.0,1,0,0,1,1.5,4.78,0,1,1,2,1,1
61.65,0,0,0,0,9999.0,1.22,1,0,0,0,1,0
44.96,0,0,0,0,9999.0,2.77,1,0,0,0,0,0
863.31,0,0,0,0,9999.0,2.66,1,0,0,0,0,0
1357.52,0,0,0,0,9999.0,1.28,1,1,0,0,0,0
128.19,0,0,0,0,9999.0,1.54,1,0,0,0,1,0
50.08,0,0,0,0,9999.0,1.88,1,1,0,0,0,0
2631.35,1,0,0,0,9999.0,2.97,1,1,0,0,0,0
1026.14,0,0,0,0,9999.0,1.79,1,0,0,0,1,0
1310.68,0,0,0,0,9999.0,2.57,1,0,0,1,0,0
92.98,0,0,0,0,9999.0,2.07,1,0,0,0,0,0
89.82,0,0,0,0,9999.0,2.81,1,0,0,0,1,0
1620.67,0,0,0,0,9999.0,1.49,1,0,0,0,0,0
737.53,0,0,0,0,9999.0,2.07,1,0,0,0,0,0
29852.16,0,0,0,0,9999.0,1.86,1,1,0,2,1,0
1732.23,0,0,0,0,9999.0,1.81,1,1,0,0,0,0
22.24,0,0,0,0,9999.0,3.02,1,1,0,0,0,0
24.46,0,0,0,0,9999.0,1.64,1,1,0,0,0,0
53.12,0,0,0,0,9999.0,1.88,1,0,0,1,0,0
2498.61,0,0,0,0,9999.0,1.75,1,1,0,0,0,0
108.85,0,0,0,0,9999.0,2.93,1,1,0,0,0,0
2290.15,0,0,0,0,9999.0,2.12,1,0,0,0,0,0
111.91,0,0,0,1,286.627983202386,1.61,1,0,0,0,1,0
1368.12,0,0,0,0,9999.0,2.71,1,1,0,0,0,0
2888.25,0,0,0,0,9999.0,2.32,1,1,0,0,0,0
378.61,0,0,0,1,1277.3453949031805,1.5,1,0,0,0,0,0
87.72,0,0,0,0,9999.0,1.88,1,0,0,0,1,0
25000.0,0,0,0,1,35.2,4.1,1,1,0,1,0,1
2144.14,0,0,0,0,9999.0,1.9,1,1,0,1,0,0
1660.53,0,0,0,0,9999.0,2.65,1,1,0,0,0,0
78.45,1,0,0,0,9999.0,2.59,1,0,0,1,1,0
127.28,0,0,0,0,9999.0,2.83,1,0,0,0,0,0
690.21,0,0,0,0,9999.0,2.83,1,0,0,2,0,0
317.53,0,0,0,0,9999.0,2.87,1,0,0,0,1,0
29435.43,1,0,1,1,8.1,4.52,0,1,0,1,1,1
86.41,1,0,0,0,9999.0,2.22,1,0,0,0,0,0
770.52,0,0,0,0,9999.0,1.87,1,0,0,0,1,0
13.69,0,0,0,0,9999.0,1.29,1,0,0,0,0,0
86.99,0,0,0,0,9999.0,1.82,1,0,0,0,0,0
1369.6,0,0,0,0,9999.0,2.19,1,1,0,1,0,0
700.76,0,0,0,0,9999.0,1.26,1,0,0,0,0,0
3664.72,1,0,0,1,14.5,3.99,0,1,0,2,1,1
44.09,0,0,0,0,9999.0,3.02,1,0,0,0,0,0
27.42,0,0,0,0,9999.0,2.84,1,0,0,0,0,0
42.76,0,0,0,0,9999.0,1.31,1,1,0,1,0,0
33506.37,0,0,0,1,1220.4191847621628,2.91,1,0,0,0,0,0
832.42,0,0,0,0,9999.0,1.93,1,1,0,0,0,0
47.41,0,0,0,0,9999.0,2.61,1,1,0,0,0,0
76.97,0,0,0,0,9999.0,1.25,1,0,0,1,0,0
2086.47,0,0,0,0,9999.0,2.36,1,0,0,0,0,0
983.79,0,0,0,0,9999.0,2.34,1,0,0,0,1,0
755.12,1,0,0,0,9999.0,1.88,1,0,0,0,0,0
2417.93,0,0,0,1,1239.0240250360696,1.62,1,0,0,0,0,0
1408.22,0,0,0,0,9999.0,2.0,1,0,0,0,0,0
108.26,0,0,0,0,9999.0,2.64,1,1,0,1,0,0
1500.46,0,0,0,0,9999.0,2.64,1,0,0,1,0,0
130.55,0,0,0,0,9999.0,1.26,1,0,0,1,1,0
1910.0,0,0,0,0,9999.0,2.29,1,0,0,0,1,0
558.09,0,0,0,0,9999.0,2.82,1,0,0,2,0,0
1166.75,0,0,0,0,9999.0,2.34,1,1,0,0,0,0
1585.01,0,0,0,0,9999.0,2.23,1,1,0,0,0,0
66.99,0,0,0,0,9999.0,1.56,1,0,0,0,1,0
118.63,0,0,0,0,9999.0,2.14,1,1,0,0,0,0
76.46,0,0,0,0,9999.0,2.81,1,0,0,0,1,0
47136.55,1,0,0,1,22.1,3.82,0,1,0,0,0,1
71.21,0,0,0,0,9999.0,1.5,1,0,0,0,0,0
843.09,0,0,0,0,9999.0,1.59,1,1,0,0,0,0
146.23,0,0,0,0,9999.0,2.74,1,1,0,0,0,0
127.76,0,0,0,0,9999.0,1.65,1,1,0,2,0,0
23082.85,0,0,0,0,9999.0,1.83,1,0,0,0,0,0
9999.0,0,0,0,1,4.5,3.28,1,1,1,0,0,1
139.57,1,0,0,0,9999.0,2.53,1,0,0,0,0,0
13.54,0,0,0,0,9999.0,2.21,1,0,0,0,0,0
100.66,0,0,0,0,9999.0,2.66,1,0,0,0,0,0
87.59,0,0,0,0,9999.0,1.38,1,0,0,0,0,0
1192.42,0,0,0,0,9999.0,2.52,1,0,0,2,1,0
806.18,1,0,0,0,9999.0,1.28,1,0,0,0,0,0
16.89,0,0,0,0,9999.0,1.67,1,1,0,1,1,0
40.62,0,0,0,0,9999.0,1.59,1,0,0,1,0,0
1830.24,0,0,0,0,9999.0,2.83,1,0,0,0,0,0
62.46,0,0,0,0,9999.0,2.38,1,1,0,0,0,0
2221.7,0,0,0,0,9999.0,1.39,1,0,0,0,0,0
1523.02,0,0,0,0,9999.0,2.72,1,0,0,1,0,0
1984.82,0,0,0,0,9999.0,2.41,1,0,0,0,0,0
2464.99,0,0,0,0,9999.0,2.58,1,0,0,0,0,0
237.38,0,0,0,0,9999.0,2.29,1,0,0,1,0,0
91.97,0,0,0,0,9999.0,1.41,1,0,0,0,1,0
12.18,0,0,0,0,9999.0,1.23,1,0,0,0,0,0
25.21,0,0,0,0,9999.0,2.34,1,0,0,1,0,0
109.46,0,0,0,0,9999.0,1.95,1,0,0,0,0,0
1886.42,0,0,0,0,9999.0,1.79,1,1,0,2,0,0
2102.81,0,0,0,0,9999.0,2.68,1,0,0,0,0,0
2240.11,0,0,0,0,9999.0,2.82,1,0,0,0,0,0
1609.38,0,0,0,0,9999.0,1.76,1,0,0,1,0,0
928.58,0,0,0,0,9999.0,1.56,1,1,0,1,0,0
1387.81,0,0,0,0,9999.0,3.08,1,0,0,0,0,0
145.78,0,0,0,0,9999.0,1.27,1,0,0,1,1,0
1564.63,0,0,0,0,9999.0,2.45,1,0,0,0,0,0
2765.48,0,0,0,1,1280.2285193674363,1.97,1,0,0,0,0,0
76586.88,1,0,0,0,7.7,3.65,0,1,0,1,0,1
2830.34,0,0,0,0,9999.0,2.41,1,0,0,0,0,0
1957.7,0,0,0,0,9999.0,1.29,1,0,0,0,0,0
505.89,0,0,0,0,9999.0,1.64,1,0,0,0,1,0
2353.18,0,0,0,0,9999.0,2.05,1,1,0,0,0,0
2393.52,1,0,0,0,9999.0,1.2,1,1,0,0,0,0
61.18,0,0,0,0,9999.0,2.62,1,0,0,0,1,0
2448.78,0,0,0,0,9999.0,2.12,1,0,0,0,0,0
1704.27,0,0,0,0,9999.0,1.79,1,0,0,0,0,0
19.17,0,0,0,0,9999.0,2.94,1,0,0,0,0,0
113.98,0,0,0,0,9999.0,2.51,1,0,0,0,0,0
32903.79,1,1,0,1,9.3,4.6,1,1,0,1,1,1
118.12,0,0,0,0,9999.0,1.85,1,0,0,0,0,0
260.64,0,0,0,0,9999.0,1.83,1,0,0,0,0,0
56.72,0,0,0,0,9999.0,1.2,1,0,0,0,0,0
1736.79,0,0,0,0,9999.0,2.21,1,0,0,0,0,0
422.28,0,0,0,0,9999.0,2.58,1,0,0,0,0,0
8000.0,1,0,0,1,34.5,4.25,0,1,0,1,1,1
943.98,0,0,0,0,9999.0,3.07,1,1,0,1,1,0
1944.47,0,0,0,0,9999.0,1.78,1,0,0,0,1,0
2177.47,0,0,0,0,9999.0,3.08,1,0,0,0,0,0
556.92,0,0,0,1,430.2183215834936,1.98,1,0,0,0,1,0
1913.17,0,0,0,0,9999.0,1.72,1,0,0,0,0,0
65.88,0,0,0,0,9999.0,3.1,1,0,0,0,1,0
64.55,0,0,0,0,9999.0,1.25,1,0,0,0,0,0
120.5,1,0,0,0,9999.0,2.4,1,0,0,1,0,0
1774.54,0,0,0,0,9999.0,1.77,1,0,0,2,1,0
108.1,0,0,0,0,9999.0,1.71,1,0,0,1,0,0
1323.71,0,0,0,0,9999.0,2.08,1,1,0,0,0,0
1547.59,0,0,0,0,9999.0,3.08,1,1,0,0,0,0
21312.42,0,0,0,0,9999.0,2.53,1,0,0,1,1,0
619.96,0,0,0,0,9999.0,1.39,1,0,0,0,1,0
147.62,0,0,0,0,9999.0,1.38,1,0,0,0,1,0
99.71,0,0,0,0,9999.0,2.5,1,1,0,0,0,0
107.36,1,0,0,0,9999.0,1.97,1,1,0,0,0,0
25000.0,0,0,0,1,41.7,4.68,1,1,0,0,0,1
85.96,0,0,0,0,9999.0,2.83,1,0,0,0,0,0
2038.45,0,0,0,0,9999.0,2.69,1,0,0,0,0,0
6112.2,1,0,0,0,10.9,4.28,1,1,0,2,0,1
2560.94,0,0,0,0,9999.0,2.58,1,0,0,0,0,0
16597.92,0,0,0,0,9999.0,2.06,1,0,0,2,0,0
1205.98,0,0,0,0,9999.0,1.56,1,1,0,0,1,0
40.52,0,0,0,0,9999.0,1.39,1,1,0,0,0,0
59.06,0,0,0,0,9999.0,2.97,1,1,0,0,0,0
129.09,0,0,0,0,9999.0,2.15,1,0,0,1,0,0
2734.87,0,0,0,0,9999.0,1.42,1,1,0,1,0,0
96.8,0,0,0,0,9999.0,2.33,1,0,0,1,0,0
1412.5,1,0,0,0,9999.0,2.38,1,0,0,0,0,0
1190.14,0,0,0,0,9999.0,1.88,1,0,0,0,0,0
69.15,0,0,0,0,9999.0,2.91,1,0,0,0,0,0
1334.78,0,0,0,0,9999.0,2.24,1,0,0,0,0,0
52.59,0,0,0,0,9999.0,3.08,1,1,0,0,0,0
2094.63,0,0,0,0,9999.0,1.23,1,1,0,0,0,0
1451.39,0,0,0,0,9999.0,2.73,1,0,0,0,0,0
967.93,0,0,0,0,9999.0,2.06,1,0,0,0,0,0
1155.46,0,0,0,0,9999.0,2.47,1,1,0,1,0,0
113.64,0,0,0,0,9999.0,3.01,1,0,0,2,0,0
1524.69,0,0,0,0,9999.0,2.93,1,0,0,0,0,0
2372.86,0,0,0,0,9999.0,1.99,1,0,0,1,0,0
108.63,0,0,0,0,9999.0,2.03,1,1,0,0,0,0
53.66,0,0,0,0,9999.0,2.67,1,1,0,0,0,0
136.23,0,0,0,0,9999.0,2.93,1,0,0,0,0,0
147.72,0,0,0,0,9999.0,1.76,1,0,0,1,0,0
1500.0,1,0,0,1,6.4,3.67,0,1,0,2,1,1
2212.57,0,0,0,0,9999.0,1.8,1,0,0,0,0,0
43069.25,0,0,0,0,9999.0,2.19,1,1,0,1,0,0
872.65,0,0,0,0,9999.0,1.86,1,0,0,1,1,0
65.39,0,0,0,0,9999.0,1.47,1,1,0,0,1,0
11215.06,0,0,0,0,9999.0,1.27,1,1,0,0,0,0
101.92,0,0,0,0,9999.0,2.11,1,0,0,0,0,0
13.49,0,0,0,0,9999.0,2.27,1,0,0,0,0,0
922.93,0,0,0,0,9999.0,1.62,1,1,0,0,0,0
2279.26,0,1,0,0,9999.0,2.17,1,0,0,1,0,0
2675.31,0,0,0,1,373.0741386155357,2.05,1,0,0,0,0,0
1587.23,0,0,0,0,9999.0,1.95,1,0,0,0,0,0
130.59,0,0,0,0,9999.0,1.27,1,1,0,0,1,0
16605.7,1,0,0,1,17.3,3.73,0,1,0,2,1,1
2761.55,0,0,0,0,9999.0,1.28,1,1,0,1,0,0
68.88,0,0,0,0,9999.0,2.04,1,0,0,0,1,0
426.87,0,0,0,0,9999.0,1.74,1,0,0,1,0,0
434.32,1,0,0,0,9999.0,2.73,1,0,0,0,0,0
679.81,0,0,0,0,9999.0,1.66,1,0,0,0,0,0
1293.87,0,0,0,0,9999.0,1.22,1,0,0,0,0,0
116.28,1,0,0,0,9999.0,2.47,1,0,0,2,0,0
1038.26,0,0,0,1,344.29225620712134,1.73,1,0,0,1,1,0
17075.17,0,0,0,0,9999.0,3.01,1,1,0,0,0,0
1498.68,0,0,0,0,9999.0,2.99,1,0,0,1,0,0
1119.95,0,0,0,1,852.192820759513,1.96,1,0,0,0,0,0
2500.0,0,0,0,1,7.7,4.2,0,1,1,1,0,1
2122.5,0,0,0,0,9999.0,1.83,1,0,0,0,0,0
2139.89,0,0,0,1,362.1517990418401,2.17,1,0,0,1,0,0
1244.07,0,0,0,0,9999.0,3.03,1,0,0,2,0,0
4600.93,1,0,0,1,11.7,3.91,0,0,0,1,0,1
79452.35,1,0,0,0,2.5,3.62,0,1,0,2,0,1
34.55,0,1,0,0,9999.0,1.94,1,0,0,0,0,0
27.62,0,0,0,0,9999.0,1.2,1,0,0,0,0,0
47.78,0,0,0,0,9999.0,1.64,1,1,0,0,0,0
132.25,1,0,0,0,9999.0,2.13,1,0,0,0,0,0
134.24,0,0,0,0,9999.0,2.66,1,1,0,2,1,0
525.55,0,0,0,0,9999.0,2.84,1,0,0,0,0,0
1032.62,0,0,0,0,9999.0,2.65,1,0,0,0,0,0
1693.64,0,0,0,0,9999.0,2.82,1,0,0,1,0,0
2431.63,0,0,0,0,9999.0,1.63,1,0,0,0,0,0
1594.33,0,0,0,0,9999.0,1.4,1,0,0,1,0,0
141.64,0,0,0,0,9999.0,2.1,1,1,0,0,0,0
2476.41,0,0,0,0,9999.0,1.22,1,0,0,1,0,0
61.43,0,0,0,0,9999.0,3.08,1,1,0,0,1,0
2674.26,0,0,0,1,448.1179818881757,1.97,1,0,0,1,0,0
11.97,0,1,0,0,9999.0,1.32,1,0,0,0,0,0
1300.0,0,0,0,1,205.071794944754,2.94,1,1,0,1,0,0
1619.21,0,0,0,0,9999.0,2.71,1,0,0,0,0,0
88.62,0,0,0,0,9999.0,2.2,1,1,0,0,0,0
1245.87,0,0,0,0,9999.0,2.67,1,1,0,0,0,0
62.36,0,0,0,0,9999.0,2.83,1,0,0,0,0,0
1533.6,0,0,0,0,9999.0,1.52,1,1,0,1,0,0
21.74,1,0,0,0,9999.0,1.28,1,1,0,0,0,0
2499.13,0,0,0,0,9999.0,3.06,1,0,0,0,1,0
834.72,0,0,0,0,9999.0,1.61,1,0,0,0,0,0
119.92,0,0,0,0,9999.0,2.77,1,1,0,0,0,0
729.47,0,0,0,0,9999.0,1.44,1,0,0,0,1,0
118.21,0,0,0,0,9999.0,3.02,1,1,0,0,0,0
2580.31,0,0,0,0,9999.0,2.96,1,0,0,1,0,0
800.48,0,0,0,1,613.3597918359053,2.23,1,0,0,0,0,0
1158.26,0,0,0,0,9999.0,1.86,1,0,0,2,0,0
123.52,0,0,0,0,9999.0,2.52,1,0,0,0,0,0
2551.54,0,0,0,0,9999.0,3.01,1,0,0,0,0,0
1847.3,0,0,0,0,9999.0,1.56,1,0,0,1,0,0
49.0,0,0,0,0,9999.0,1.97,1,0,0,0,1,0
2122.86,0,0,0,0,9999.0,1.57,1,0,0,0,0,0
876.72,1,0,0,0,9999.0,2.6,1,1,0,2,0,0
76.47,0,0,0,0,9999.0,2.94,1,1,0,1,0,0
2488.33,0,0,0,0,9999.0,1.28,1,0,0,0,0,0
1910.9,0,0,0,0,9999.0,2.03,1,1,0,1,0,0
1693.67,0,0,0,0,9999.0,1.85,1,1,0,0,0,0
35.54,0,0,0,0,9999.0,1.63,1,1,0,0,1,0
97.6,0,0,0,0,9999.0,2.49,1,0,0,0,0,0
1999.94,0,0,0,1,159.43719954023325,2.43,1,0,0,0,0,0
1483.81,0,0,0,0,9999.0,2.9,1,0,0,0,0,0
38503.02,0,0,0,0,9999.0,1.98,1,0,0,0,0,0
2500.0,0,0,0,1,0.7,3.24,1,0,1,2,1,1
2540.4,1,0,0,1,12.1,4.76,1,1,0,2,1,1
34.75,0,0,0,0,9999.0,2.94,1,1,0,1,0,0
1736.97,0,0,0,0,9999.0,2.41,1,0,0,0,0,0
73.58,0,0,0,0,9999.0,2.24,1,0,0,0,0,0
82.17,0,0,0,0,9999.0,1.88,1,0,0,0,1,0
43478.31,0,0,0,0,9999.0,2.23,1,1,0,0,0,0
1363.13,0,0,0,0,9999.0,2.95,1,0,0,1,0,0
25451.85,0,0,0,0,9999.0,1.6,1,0,0,0,0,0
2021.03,0,0,0,0,9999.0,1.37,1,0,0,0,0,0
2247.39,0,0,0,0,9999.0,2.14,1,0,0,0,0,0
1126.86,0,0,0,0,9999.0,2.5,1,0,0,2,0,0
845.86,1,0,0,0,9999.0,1.97,1,0,0,0,0,0
148.58,0,0,0,0,9999.0,2.74,1,1,0,0,0,0
549.25,0,0,0,0,9999.0,2.71,1,0,0,0,0,0
2128.97,0,0,0,0,9999.0,1.59,1,1,0,0,0,0
1561.89,0,0,0,0,9999.0,1.53,1,0,0,0,0,0
1518.53,0,0,0,0,9999.0,2.18,1,0,0,0,0,0
2036.89,0,0,0,0,9999.0,1.84,1,0,0,0,0,0
1416.92,0,0,0,0,9999.0,1.83,1,1,0,0,0,0
30.23,0,0,0,0,9999.0,1.58,1,0,0,1,0,0
102.15,0,0,0,0,9999.0,2.71,1,0,0,0,0,0
153538.97,1,0,0,1,13.7,3.79,1,1,0,1,0,1
10.19,0,0,0,0,9999.0,2.27,1,0,0,0,0,0
132.02,0,0,0,0,9999.0,1.81,1,0,0,0,0,0
2836.12,0,0,0,0,9999.0,2.0,1,0,0,0,0,0
137.91,0,0,0,0,9999.0,2.71,1,1,0,0,0,0
2008.57,0,0,0,0,9999.0,1.69,1,1,0,0,1,0
32.96,0,0,0,1,901.0865813061448,1.85,1,0,0,0,0,0
23608.42,0,0,0,0,9999.0,1.47,1,0,0,0,0,0
513.94,0,0,0,0,9999.0,1.82,1,1,0,0,0,0
2036.05,0,0,0,0,9999.0,2.56,1,0,0,0,0,0
2182.59,0,0,0,0,9999.0,3.08,1,0,0,0,0,0
94.68,0,0,0,0,9999.0,1.74,1,0,0,0,1,0
2636.06,1,0,0,0,9999.0,1.24,1,0,0,1,1,0
2191.25,1,0,0,0,9999.0,1.85,1,0,0,0,0,0
1361.39,1,0,0,0,9999.0,2.88,1,0,0,1,0,0
1095.37,1,0,0,0,3.5,3.12,1,1,0,2,1,1
20270.4,1,0,0,1,10.4,4.49,1,1,0,0,1,1
64.8,0,0,0,0,9999.0,1.74,1,0,0,0,1,0
2598.97,0,0,0,0,9999.0,1.55,1,0,0,1,0,0
146.22,0,0,0,0,9999.0,2.87,1,0,0,1,1,0
56.36,0,0,0,0,9999.0,2.13,1,0,0,1,1,0
715.26,0,0,0,0,9999.0,2.25,1,0,0,1,0,0
1588.41,0,0,0,0,9999.0,2.93,1,0,0,0,0,0
71.98,0,0,0,0,9999.0,3.01,1,0,0,0,1,0
447.57,0,0,0,0,9999.0,1.23,1,1,0,0,0,0
2131.72,0,0,0,0,9999.0,2.18,1,1,0,1,0,0
656.57,0,0,0,0,9999.0,1.37,1,1,0,0,1,0
858.81,0,0,0,0,9999.0,2.72,1,1,0,0,0,0
46.28,0,0,0,1,536.7447164562157,2.31,1,0,0,0,0,0
36228.92,0,0,0,0,9999.0,1.66,1,0,0,0,0,0
136.3,0,0,0,0,9999.0,1.27,1,0,0,0,1,0
34260.09,0,0,0,0,9999.0,1.71,1,0,0,1,0,0
2261.27,0,0,0,0,9999.0,1.9,1,0,0,1,0,0
2064.89,0,0,0,0,9999.0,1.95,1,0,0,1,0,0
116.71,0,0,0,0,9999.0,2.79,1,1,0,0,0,0
107.08,0,0,0,0,9999.0,2.44,1,0,0,0,0,0
95.92,0,0,0,0,9999.0,1.6,1,0,0,0,0,0
50.9,0,0,0,0,9999.0,3.07,1,0,0,0,0,0
6002.47,1,0,0,1,6.7,3.36,1,1,0,2,0,1
86.73,0,0,0,0,9999.0,1.88,1,0,0,0,1,0
1298.88,0,0,0,0,9999.0,1.42,1,0,0,2,0,0
1308.16,0,0,0,1,835.1918343639628,2.11,1,1,0,0,1,0
86.74,0,0,0,0,9999.0,2.13,1,1,0,0,1,0
5000.0,0,0,0,1,6.8,3.4,1,1,1,1,1,1
267.24,0,0,0,0,9999.0,2.35,1,0,0,0,0,0
11.89,0,0,0,0,9999.0,1.2,1,0,0,0,0,0
1944.94,0,0,0,0,9999.0,1.47,1,1,0,0,0,0
2500.0,1,0,0,1,5.5,3.82,1,1,1,2,1,1
23.04,0,0,0,0,9999.0,2.76,1,0,0,0,0,0
707.18,0,0,0,0,9999.0,3.07,1,1,0,2,1,0
2172.48,0,0,0,0,9999.0,2.46,1,0,0,0,0,0
87.24,0,0,0,0,9999.0,1.5,1,0,0,0,0,0
91.52,0,0,0,0,9999.0,2.54,1,0,0,0,0,0
2892.85,0,0,0,0,9999.0,1.34,1,1,0,1,1,0
3000.0,1,0,0,1,40.3,4.64,0,1,0,0,0,1
9999.0,1,0,0,1,5.0,3.06,1,1,1,1,0,1
1319.06,0,0,0,0,9999.0,1.68,1,1,0,1,0,0
141.66,0,0,0,0,9999.0,1.22,1,0,0,0,0,0
331.84,0,0,0,0,9999.0,2.33,1,1,0,0,0,0
2497.73,0,0,0,0,9999.0,2.07,1,0,0,0,0,0
41.4,0,0,0,0,9999.0,3.09,1,0,0,0,0,0
1046.41,0,0,0,0,9999.0,1.7,1,0,0,2,0,0
15000.0,1,0,0,1,1.2,4.27,1,1,1,0,0,1
76.15,0,0,0,0,9999.0,2.52,1,1,0,0,0,0
11.07,1,0,0,0,9999.0,1.63,1,0,0,1,1,0
2171.69,0,0,0,0,9999.0,1.21,1,0,0,0,1,0
70.16,0,0,0,0,9999.0,1.37,1,1,0,0,0,0
114.55,1,0,0,0,9999.0,2.66,1,0,0,2,1,0
1893.3,0,0,0,0,9999.0,3.08,1,0,0,0,0,0
105.08,0,0,0,0,9999.0,2.46,1,0,0,0,1,0
26.94,0,0,0,0,9999.0,2.79,1,0,0,0,0,0
679.86,0,0,0,0,9999.0,2.44,1,0,0,0,1,0
28267.34,0,0,0,0,9999.0,1.67,1,0,0,0,0,0
66.83,0,0,0,0,9999.0,1.43,1,0,0,0,0,0
1286.97,0,0,0,0,9999.0,2.38,1,0,0,0,0,0
1541.36,0,0,0,0,9999.0,1.81,1,0,0,1,0,0
20.75,0,0,0,0,9999.0,2.88,1,1,0,0,1,0
1493.09,1,0,0,0,9999.0,1.25,1,0,0,0,1,0
887.08,0,0,0,0,9999.0,2.76,1,0,0,0,0,0
1553.3,0,0,0,0,9999.0,1.45,1,0,0,1,0,0
71.2,0,0,0,1,930.3590623777808,2.33,1,1,0,0,1,0
147.9,0,0,0,0,9999.0,1.23,1,1,0,0,0,0
135.35,0,0,0,0,9999.0,2.24,1,0,0,1,0,0
641.75,0,0,0,0,9999.0,1.28,1,1,0,0,0,0
2766.33,0,0,0,0,9999.0,2.27,1,0,0,2,0,0
2297.75,0,0,0,0,9999.0,2.31,1,1,0,0,0,0
1908.75,0,0,0,0,9999.0,1.61,1,1,0,2,0,0
53.53,0,0,0,0,9999.0,2.88,1,0,0,0,1,0
20374.37,1,0,0,1,30.4,3.66,1,1,0,0,1,1
1806.75,0,0,0,1,715.5206562902226,1.77,1,0,0,0,0,0
29.53,0,0,0,0,9999.0,2.4,1,1,0,1,0,0
25000.0,0,0,0,1,31.1,4.37,1,1,0,2,0,1
1417.56,0,0,0,0,9999.0,2.39,1,1,0,1,0,0
91.65,0,0,0,0,9999.0,1.44,1,0,0,1,1,0
140.95,0,0,0,1,1327.7365577639855,2.94,1,0,0,0,1,0
36.89,0,0,0,0,9999.0,1.61,1,1,0,0,0,0
1785.47,0,0,0,0,9999.0,1.69,1,0,0,0,0,0
31.43,0,0,0,0,9999.0,2.95,1,0,0,0,0,0
69.65,0,0,0,0,9999.0,2.13,1,0,0,0,1,0
125.91,0,0,0,0,9999.0,1.73,1,0,0,0,0,0
59.12,0,0,0,0,9999.0,1.83,1,1,0,0,0,0
2764.0,0,0,0,0,9999.0,2.99,1,0,0,0,0,0
136.81,0,0,0,0,9999.0,1.81,1,0,0,0,0,0
2793.41,0,0,0,0,9999.0,2.89,1,0,0,0,0,0
1446.78,0,0,0,0,9999.0,2.13,1,1,0,0,1,0
125.91,0,0,0,1,384.5112418621767,2.69,1,0,0,1,1,0
1058.07,0,0,0,0,9999.0,2.89,1,0,0,0,0,0
1472.38,0,0,0,0,9999.0,2.61,1,0,0,0,0,0
10.35,0,0,0,0,9999.0,2.03,1,1,0,0,0,0
108.53,0,0,0,0,9999.0,2.1,1,0,0,0,1,0
35.41,0,0,0,0,9999.0,2.65,1,1,0,0,0,0
72.5,0,0,0,0,9999.0,2.45,1,0,0,0,0,0
86.53,0,0,0,0,9999.0,1.38,1,0,0,2,0,0
8000.0,1,0,0,1,24.4,4.13,1,1,0,2,0,1
25000.0,1,0,0,1,12.0,4.06,0,1,0,0,0,1
1022.61,0,0,0,0,9999.0,2.01,1,1,0,1,0,0
145.31,0,0,0,0,9999.0,1.3,1,0,0,1,0,0
2530.1,0,0,0,0,9999.0,1.51,1,0,0,0,0,0
80.15,0,0,0,0,9999.0,2.52,1,1,0,0,1,0
64.55,0,0,0,0,9999.0,1.37,1,0,0,0,0,0
134.58,0,0,0,0,9999.0,1.96,1,1,0,0,1,0
603.67,0,0,0,0,9999.0,3.1,1,1,0,0,0,0
70.76,0,0,0,0,9999.0,2.1,1,0,0,0,0,0
2075.61,0,0,0,0,9999.0,2.21,1,0,0,0,0,0
69.25,0,0,0,0,9999.0,1.72,1,1,0,0,0,0
34567.19,0,0,0,0,9999.0,2.24,1,0,0,0,0,0
1193.18,0,0,0,0,9999.0,2.86,1,1,0,0,1,0
1816.19,0,0,0,0,9999.0,1.56,1,1,0,0,1,0
797.36,0,0,0,0,9999.0,1.55,1,1,0,0,0,0
45.67,0,0,0,0,9999.0,1.37,1,0,0,0,0,0
38180.34,0,0,0,0,9999.0,2.01,1,0,0,0,0,0
210.19,0,0,0,0,9999.0,1.39,1,1,0,0,1,0
442.76,0,0,0,0,9999.0,2.45,1,0,0,1,0,0
865.56,0,0,0,1,11.0,3.15,1,1,0,0,1,1
135.12,0,0,0,0,9999.0,1.46,1,0,0,0,1,0
2651.46,1,0,0,0,9999.0,2.28,1,0,0,1,0,0
74.01,0,0,0,1,1092.8749553246653,1.91,1,0,0,0,0,0
981.28,0,0,0,0,9999.0,1.36,1,0,0,1,0,0
1280.63,0,0,0,0,9999.0,1.6,1,0,0,1,0,0
75160.06,1,1,0,1,3.4,4.2,1,1,0,1,0,1
123.45,0,0,0,0,9999.0,2.57,1,1,0,1,0,0
35.37,0,0,0,0,9999.0,2.54,1,1,0,0,1,0
1702.27,0,0,0,0,9999.0,2.32,1,1,0,0,0,0
673.84,0,0,0,0,9999.0,2.84,1,1,0,1,0,0
3000.0,0,0,0,1,19.2,3.39,1,1,0,0,1,1
20.71,0,0,0,0,9999.0,1.44,1,0,0,0,0,0
17.5,0,0,0,0,9999.0,2.17,1,0,0,1,1,0
24044.33,0,0,0,0,9999.0,3.03,1,1,0,0,0,0
2367.71,0,0,0,0,9999.0,2.18,1,0,0,0,0,0
102.86,0,0,0,1,302.067669631476,2.03,1,0,0,0,1,0
92.75,0,0,0,0,9999.0,1.85,1,0,0,0,0,0
133.56,0,0,0,0,9999.0,2.64,1,0,0,0,0,0
37833.54,0,0,0,0,9999.0,1.35,1,1,0,0,0,0
616.67,0,0,0,1,92.01469689220652,2.42,1,1,0,0,0,0
62.54,0,0,0,0,9999.0,1.32,1,0,0,0,0,0
2104.04,0,0,0,1,57.2766902385455,1.44,1,0,0,0,0,0
68.54,0,0,0,0,9999.0,2.99,1,0,0,1,0,0
22.72,0,0,0,0,9999.0,2.66,1,0,0,0,0,0
110.03,0,0,0,0,9999.0,1.3,1,0,0,0,0,0
302.39,0,0,0,0,9999.0,1.79,1,1,0,0,0,0
1437.66,0,0,0,1,740.8673120046025,2.47,1,1,0,0,0,0
2681.15,0,0,0,0,9999.0,2.43,1,0,0,0,1,0
72.32,0,0,0,1,57.94372057071827,1.21,1,0,0,0,1,0
683.6,0,0,0,0,9999.0,2.42,1,0,0,0,1,0
126.62,0,0,0,0,9999.0,2.6,1,0,0,0,1,0
1151.41,0,0,0,0,9999.0,1.29,1,1,0,0,0,0
55.76,0,0,0,0,9999.0,3.05,1,0,0,0,0,0
56.74,0,0,0,0,9999.0,2.6,1,1,0,2,0,0
1286.88,0,0,0,0,9999.0,1.42,1,0,0,0,0,0
18245.99,1,1,0,1,2.6,3.64,1,1,0,0,1,1
563.13,0,0,0,1,131.56216651272095,2.85,1,1,0,0,0,0
1513.54,0,0,0,0,9999.0,2.87,1,1,0,1,0,0
98.98,0,0,0,0,9999.0,2.78,1,0,0,0,0,0
1543.68,0,0,0,0,9999.0,2.33,1,0,0,1,0,0
49.97,0,0,0,0,9999.0,2.4,1,0,0,0,0,0
3000.0,1,0,0,0,17.1,2.82,0,1,0,1,0,1
1488.73,1,0,0,0,9999.0,2.33,1,1,0,0,0,0
57.02,0,0,0,0,9999.0,3.09,1,1,0,0,0,0
36.08,0,0,0,0,9999.0,2.17,1,1,0,0,0,0
1197.38,1,0,0,0,9999.0,1.82,1,0,0,0,0,0
860.6,0,0,0,1,367.9182478374874,2.9,1,0,0,0,0,0
13084.6,0,0,0,0,9999.0,2.16,1,0,0,2,0,0
1642.63,0,0,0,0,9999.0,2.03,1,0,0,0,0,0
121.41,0,0,0,0,9999.0,2.72,1,0,0,0,0,0
38.38,1,0,0,0,9999.0,2.03,1,1,0,0,0,0
367.4,1,0,0,0,9999.0,1.99,1,1,0,0,0,0
15000.0,0,0,0,0,4.2,4.27,1,1,1,1,0,1
98.69,0,0,0,0,9999.0,1.97,1,0,0,0,1,0
4488.13,1,0,0,1,5.5,3.24,1,1,0,0,1,1
132.05,0,0,0,0,9999.0,2.87,1,1,0,0,0,0
89.17,0,0,0,0,9999.0,1.6,1,0,0,0,0,0
4636.09,1,0,0,1,6.1,4.74,1,1,0,2,0,1
37.74,0,0,0,0,9999.0,2.17,1,0,0,0,0,0
1244.31,0,0,0,0,9999.0,2.38,1,0,0,0,0,0
1280.15,0,0,0,1,1174.9223177262295,2.76,1,0,0,1,0,0
324.41,0,0,0,0,9999.0,2.48,1,0,0,0,1,0
2155.91,0,0,0,0,9999.0,1.99,1,0,0,0,0,0
97.5,0,0,0,0,9999.0,2.73,1,0,0,0,0,0
1583.56,1,0,0,0,9999.0,2.58,1,0,0,0,0,0
1392.35,0,0,0,0,9999.0,2.22,1,1,0,0,0,0
26.45,0,0,0,0,9999.0,2.6,1,0,0,2,0,0
80.53,1,0,0,0,9999.0,2.82,1,1,0,0,0,0
71.13,0,0,0,0,9999.0,1.55,1,1,0,0,0,0
2602.16,0,0,0,1,1186.181048198924,2.64,1,0,0,0,0,0
2458.25,0,0,0,0,9999.0,2.27,1,0,0,1,1,0
302.58,0,0,0,0,9999.0,1.59,1,0,0,0,0,0
52.95,0,1,0,0,9999.0,2.3,1,1,0,0,0,0
50.05,1,0,0,0,9999.0,2.71,1,1,0,1,0,0
39659.0,1,0,0,1,8.3,3.45,0,1,0,2,0,1
1821.22,0,0,0,0,9999.0,1.36,1,1,0,0,0,0
14602.03,0,0,0,0,9999.0,2.64,1,0,0,0,0,0
510.01,0,0,0,0,9999.0,2.13,1,1,0,0,0,0
1476.33,0,0,0,1,1392.7090756340515,1.91,1,0,0,0,0,0
142.08,0,0,0,0,9999.0,1.92,1,0,0,1,1,0
2382.62,0,0,0,0,9999.0,1.63,1,0,0,0,0,0
35.14,0,0,0,0,9999.0,1.33,1,1,0,1,0,0
27101.71,0,1,0,0,2.9,4.45,1,1,0,2,0,1
130.9,1,0,0,0,9999.0,3.04,1,0,0,0,1,0
1453.56,0,0,0,0,9999.0,1.95,1,0,0,0,0,0
1358.09,0,0,0,0,9999.0,2.34,1,0,0,0,0,0
150734.57,1,1,0,0,17.7,3.7,0,0,0,2,1,1
2509.75,0,0,0,0,9999.0,2.78,1,0,0,1,0,0
2962.95,0,0,0,1,353.8901198872709,2.36,1,1,0,1,0,0
2527.73,0,0,0,0,9999.0,1.96,1,0,0,1,1,0
1503.98,0,0,0,0,9999.0,1.24,1,0,0,0,1,0
680.21,0,0,0,0,9999.0,1.53,1,0,0,0,1,0
1422.39,0,0,0,0,9999.0,2.44,1,0,0,0,0,0
141.22,0,0,0,0,9999.0,2.38,1,0,0,0,1,0
94.8,0,0,0,0,9999.0,2.73,1,1,0,0,0,0
33834.5,1,0,0,1,6.7,3.41,0,1,0,2,0,1
81.23,0,0,0,0,9999.0,1.24,1,1,0,0,0,0
804.37,0,0,0,0,9999.0,1.88,1,0,0,0,0,0
2093.95,0,0,0,0,9999.0,1.98,1,0,0,1,0,0
26943.64,0,0,0,0,9999.0,3.0,1,0,0,1,0,0
39063.11,0,0,0,0,9999.0,1.59,1,0,0,1,0,0
35558.88,1,1,0,1,17.8,3.43,0,1,0,2,1,1
1432.25,0,0,0,0,9999.0,1.23,1,1,0,1,0,0
33254.87,0,0,0,0,9999.0,2.82,1,0,0,1,0,0
2665.47,0,0,0,1,3.6,3.16,1,1,0,2,0,1
2154.59,1,0,0,0,9999.0,2.93,1,0,0,1,0,0
249.59,0,0,0,0,9999.0,1.73,1,0,0,0,1,0
106.57,0,0,0,0,9999.0,2.74,1,0,0,0,0,0
2020.09,0,0,0,0,9999.0,2.82,1,0,0,0,0,0
1073.58,0,0,0,0,9999.0,1.86,1,0,0,0,1,0
3000.0,1,0,0,1,42.8,2.85,1,1,0,1,0,1
40781.74,0,0,1,1,18.2,4.77,1,1,0,1,1,1
22695.86,0,0,0,0,9999.0,2.46,1,0,0,1,0,0
142.84,0,0,0,0,9999.0,1.97,1,0,0,0,0,0
25000.0,0,0,0,1,31.6,4.11,0,1,0,0,0,1
34451.89,0,0,0,0,9999.0,2.32,1,0,0,0,0,0
2526.9,1,0,0,0,9999.0,1.86,1,0,0,0,0,0
40.93,0,0,0,0,9999.0,1.78,1,1,0,0,0,0
1831.37,0,0,0,0,9999.0,2.06,1,1,0,1,0,0
575.77,0,0,0,0,9999.0,2.62,1,0,0,0,0,0
1938.07,0,0,0,0,9999.0,2.1,1,1,0,0,0,0
2226.01,0,0,0,0,9999.0,2.46,1,1,0,0,0,0
2226.88,1,0,0,1,1.8,3.06,1,1,0,1,1,1
75.49,0,0,0,0,9999.0,1.25,1,0,0,0,0,0
75.39,1,0,0,0,9999.0,1.4,1,1,0,1,0,0
846.63,0,0,0,0,9999.0,2.02,1,0,0,1,1,0
2214.04,0,0,0,0,9999.0,2.11,1,0,0,0,0,0
1333.27,0,0,0,0,9999.0,1.41,1,1,0,0,0,0
103.14,0,0,0,0,9999.0,1.57,1,0,0,0,0,0
65.78,0,0,0,0,9999.0,2.43,1,0,0,0,1,0
364.37,0,0,0,0,9999.0,1.31,1,0,0,2,1,0
5413.86,1,0,0,1,7.7,4.07,0,1,0,1,0,1
110.96,0,0,0,1,1397.4497454800248,2.06,1,1,0,0,1,0
25970.99,0,0,0,0,9999.0,2.93,1,0,0,1,0,0
2771.38,0,0,0,0,9999.0,2.61,1,0,0,0,0,0
2082.64,0,0,0,0,9999.0,2.9,1,0,0,0,0,0
1187.16,0,0,0,0,9999.0,1.74,1,0,0,0,0,0
2279.36,0,0,0,0,9999.0,1.87,1,0,0,0,0,0
88.13,0,0,0,0,9999.0,2.79,1,0,0,2,0,0
1477.11,0,0,0,0,9999.0,1.21,1,0,0,0,0,0
129.13,0,0,0,0,9999.0,1.29,1,0,0,0,0,0
2889.29,0,0,0,0,9999.0,2.29,1,0,0,0,0,0
30438.55,0,0,0,0,9999.0,1.7,1,0,0,0,0,0
11312.82,1,1,0,1,14.6,3.09,0,1,0,1,0,1
2279.93,0,0,0,0,9999.0,1.67,1,0,0,0,0,0
1120.95,0,0,0,0,9999.0,2.42,1,0,0,0,0,0
104.37,0,0,0,0,9999.0,1.97,1,0,0,0,0,0
2129.76,0,0,0,0,9999.0,1.93,1,0,0,2,0,0
1498.23,0,0,0,0,9999.0,1.93,1,0,0,1,0,0
127.08,0,0,0,0,9999.0,2.74,1,1,0,0,0,0
23.02,0,0,0,0,9999.0,1.92,1,0,0,2,0,0
97.75,0,0,0,0,9999.0,1.22,1,1,0,2,0,0
2223.11,0,0,0,0,9999.0,1.25,1,0,0,0,0,0
38918.79,0,0,0,0,9999.0,2.29,1,1,0,0,0,0
2877.74,0,0,0,0,9999.0,2.39,1,0,0,0,0,0
2446.65,0,0,0,0,9999.0,2.3,1,0,0,0,0,0
38.55,0,0,0,0,9999.0,1.35,1,0,0,0,0,0
1413.37,0,0,0,0,9999.0,1.55,1,0,0,0,0,0
662.25,0,0,0,0,9999.0,2.46,1,0,0,1,0,0
118.24,0,0,0,0,9999.0,2.12,1,0,0,0,0,0
79.13,0,0,0,0,9999.0,2.01,1,0,0,0,0,0
110.24,0,0,0,0,9999.0,2.26,1,1,0,0,0,0
2584.1,0,0,0,0,9999.0,1.25,1,0,0,2,0,0
1094.61,0,0,0,0,9999.0,2.76,1,0,0,0,0,0
2576.0,0,0,0,0,9999.0,2.57,1,1,0,0,0,0
137.34,0,0,0,0,9999.0,1.22,1,0,0,0,0,0
485.26,0,0,0,0,9999.0,1.99,1,1,0,0,1,0
86.26,0,0,0,1,1264.2087283577298,2.13,1,0,0,1,0,0
81.56,0,0,0,0,9999.0,2.8,1,1,0,0,0,0
153163.31,1,1,1,1,14.8,3.51,0,1,0,2,0,1
31204.54,0,0,0,0,9999.0,2.6,1,1,0,0,1,0
149.96,0,0,0,0,9999.0,1.21,1,0,0,1,0,0
1553.93,0,0,0,0,9999.0,2.62,1,0,0,0,0,0
34.41,0,0,0,0,9999.0,2.82,1,0,0,0,0,0
1588.69,0,0,0,0,9999.0,2.76,1,1,0,0,0,0
98.11,0,0,0,0,9999.0,1.7,1,1,0,0,0,0
1690.08,0,0,0,0,9999.0,1.82,1,0,0,0,0,0
28053.0,0,0,0,0,9999.0,3.09,1,0,0,1,1,0
143.2,0,0,0,0,9999.0,2.71,1,0,0,0,0,0
1797.99,0,0,0,0,9999.0,2.84,1,1,0,0,0,0
36.99,1,0,0,0,9999.0,2.03,1,0,0,0,0,0
334.87,0,0,0,0,9999.0,2.52,1,1,0,0,1,0
109.96,0,0,0,1,952.4801590704384,1.35,1,0,0,1,0,0
38.43,0,1,0,0,9999.0,2.28,1,0,0,1,0,0
145.08,0,0,0,0,9999.0,2.86,1,0,0,0,0,0
60.98,0,0,0,0,9999.0,1.99,1,0,0,0,0,0
92.16,0,0,0,0,9999.0,3.07,1,0,0,0,0,0
79.75,0,0,0,0,9999.0,2.92,1,0,0,0,0,0
86.13,0,0,0,0,9999.0,1.45,1,0,0,0,1,0
37696.68,1,1,0,1,34.6,3.9,1,1,0,1,1,1
1941.58,0,0,0,0,9999.0,2.92,1,0,0,0,0,0
139.56,0,0,0,0,9999.0,1.39,1,1,0,0,0,0
1197.87,0,0,0,0,9999.0,2.59,1,0,0,0,1,0
1807.4,0,0,0,0,9999.0,2.4,1,0,0,1,1,0
18049.45,0,0,0,0,9999.0,1.61,1,1,0,1,1,0
2899.28,0,0,0,1,87.01443553984194,2.06,1,0,0,0,0,0
67.88,0,0,0,0,9999.0,2.87,1,0,0,0,0,0
1375.41,0,0,0,0,9999.0,2.01,1,0,0,0,0,0
1928.3,0,0,0,0,9999.0,1.47,1,0,0,0,0,0
72.13,0,0,0,0,9999.0,2.45,1,0,0,1,0,0
115.67,1,0,0,0,9999.0,1.46,1,0,0,0,0,0
33.89,0,0,0,0,9999.0,2.82,1,1,0,0,0,0
52.4,0,0,0,0,9999.0,1.75,1,0,0,0,0,0
451.71,0,0,0,0,9999.0,1.71,1,0,0,0,1,0
15.85,0,0,0,0,9999.0,1.83,1,1,0,1,1,0
25000.0,0,0,0,0,29.7,4.76,1,1,0,1,0,1
2463.56,0,0,0,0,9999.0,2.85,1,0,0,2,1,0
89.1,0,0,0,1,1022.9630527645857,1.22,1,1,0,2,0,0
2392.23,0,0,0,0,9999.0,2.44,1,1,0,1,0,0
135.31,0,0,0,0,9999.0,3.02,1,0,0,0,0,0
598.03,0,0,0,0,9999.0,2.83,1,1,0,0,0,0
128.37,1,0,0,0,9999.0,2.32,1,0,0,0,0,0
135.23,0,0,0,0,9999.0,2.78,1,1,0,0,0,0
130.48,0,0,0,1,291.0508351218586,2.58,1,0,0,2,0,0
15000.0,1,0,0,1,7.5,4.22,1,1,1,2,0,1
917.31,0,0,0,0,9999.0,2.41,1,0,0,0,0,0
29747.59,0,1,0,1,16.2,3.45,1,1,0,2,1,1
2147.83,0,0,0,0,9999.0,2.67,1,0,0,0,0,0
2709.29,0,0,0,0,9999.0,2.49,1,0,0,0,0,0
1817.23,0,0,0,0,9999.0,2.11,1,0,0,0,0,0
675.86,0,0,0,0,9999.0,2.45,1,1,0,0,1,0
23226.01,1,1,0,1,7.3,3.89,1,1,0,2,0,1
2820.4,0,0,0,0,9999.0,2.79,1,1,0,0,0,0
1245.01,0,0,0,1,598.4972282839885,1.42,1,1,0,0,1,0
1907.83,0,0,0,0,9999.0,1.52,1,0,0,0,0,0
2842.15,0,0,0,0,9999.0,2.09,1,0,0,0,0,0
2621.68,0,0,0,0,9999.0,2.01,1,0,0,0,0,0
2951.93,0,0,0,0,9999.0,1.45,1,0,0,0,0,0
591.08,0,0,0,1,979.3171374309604,2.38,1,1,0,0,0,0
76533.91,1,0,0,1,3.7,3.64,0,1,0,2,0,1
114.13,0,0,0,0,9999.0,1.9,1,0,0,0,0,0
140.88,0,0,0,0,9999.0,2.98,1,0,0,1,0,0
711.86,0,0,0,0,9999.0,1.29,1,0,0,1,0,0
58.76,1,0,0,0,9999.0,2.58,1,0,0,0,1,0
2191.4,0,0,0,0,9999.0,1.64,1,0,0,0,0,0
2375.38,0,0,0,0,9999.0,1.94,1,0,0,0,0,0
106.98,0,0,0,0,9999.0,1.48,1,0,0,0,0,0
106.76,0,0,0,0,9999.0,2.37,1,0,0,0,0,0
43255.5,0,0,0,0,9999.0,1.33,1,0,0,0,1,0
1502.2,0,0,0,0,9999.0,2.09,1,0,0,1,0,0
23.79,0,0,0,0,9999.0,1.99,1,1,0,0,0,0
2332.41,0,0,0,0,9999.0,2.86,1,1,0,0,0,0
2533.57,0,0,0,0,9999.0,2.7,1,0,0,0,0,0
149.46,0,0,0,0,9999.0,2.84,1,1,0,1,0,0
1459.76,0,0,0,0,9999.0,2.99,1,0,0,0,1,0
1862.79,0,0,0,0,9999.0,3.06,1,0,0,0,0,0
12479.75,0,0,0,0,9999.0,2.65,1,0,0,1,0,0
1538.64,0,0,0,0,9999.0,2.33,1,1,0,0,0,0
16.67,0,0,0,0,9999.0,1.68,1,1,0,0,0,0
124.17,0,0,0,0,9999.0,2.82,1,0,0,0,0,0
127.02,0,0,0,0,9999.0,3.07,1,1,0,0,0,0
1044.57,0,0,0,0,9999.0,1.48,1,1,0,1,0,0
45.78,0,0,0,0,9999.0,2.83,1,0,0,0,1,0
694.22,0,0,0,0,9999.0,3.05,1,0,0,0,0,0
131.21,0,0,0,0,9999.0,2.38,1,0,0,1,0,0
125.87,0,0,0,0,9999.0,3.03,1,0,0,0,0,0
34.59,0,0,0,0,9999.0,2.7,1,0,0,0,0,0
111.71,0,0,0,0,9999.0,1.92,1,0,0,1,0,0
1983.71,0,0,0,0,9999.0,1.31,1,0,0,1,0,0
2606.45,0,0,0,0,9999.0,3.08,1,0,0,0,0,0
67.28,0,0,0,0,9999.0,1.82,1,0,0,0,1,0
101.49,0,0,0,0,9999.0,2.76,1,0,0,0,0,0
99.85,0,0,0,0,9999.0,2.63,1,1,0,0,0,0
36257.31,0,0,0,0,9999.0,2.63,1,1,0,0,0,0
103.98,0,0,0,0,9999.0,2.46,1,0,0,1,0,0
103.35,0,0,0,0,9999.0,3.07,1,0,0,0,0,0
1789.08,0,0,0,0,9999.0,2.91,1,0,0,0,0,0
30.3,0,0,0,0,9999.0,2.18,1,0,0,0,0,0
22573.7,0,0,0,0,9999.0,2.76,1,0,0,1,0,0
16.82,0,0,0,1,64.7756440074499,2.38,1,1,0,2,0,0
835.92,1,0,0,1,1145.413467837299,2.55,1,0,0,0,0,0
2889.48,0,0,0,0,9999.0,1.35,1,0,0,0,0,0
1283.17,0,0,0,0,9999.0,2.53,1,0,0,0,0,0
932.99,0,0,0,0,9999.0,1.98,1,0,0,0,1,0
1676.45,0,0,0,0,9999.0,1.74,1,1,0,0,0,0
33.03,0,0,0,0,9999.0,1.33,1,1,0,0,0,0
17.66,1,0,0,0,9999.0,1.3,1,0,0,0,1,0
2288.58,0,0,0,0,9999.0,1.38,1,1,0,0,0,0
90.47,0,0,0,1,1023.629974546282,2.05,1,0,0,0,0,0
78.9,1,0,0,0,9999.0,2.22,1,0,0,0,1,0
59.41,0,0,0,1,1123.7626199411634,1.29,1,0,0,0,0,0
1550.89,0,0,0,0,9999.0,2.09,1,0,0,1,0,0
33.92,0,0,0,0,9999.0,1.41,1,0,0,0,0,0
51.98,0,0,0,0,9999.0,2.96,1,0,0,1,0,0
2207.57,1,0,0,0,9999.0,1.95,1,1,0,0,0,0
79436.38,1,1,1,0,19.5,3.6,1,1,0,2,0,1
68.58,0,0,0,0,9999.0,1.41,1,0,0,1,0,0
1868.95,0,0,0,0,9999.0,2.5,1,0,0,0,0,0
1863.74,1,0,0,0,9999.0,2.05,1,1,0,1,0,0
49.15,0,0,0,0,9999.0,3.03,1,1,0,0,0,0
115.59,0,0,0,0,9999.0,1.71,1,1,0,0,0,0
24.09,0,0,0,1,500.428796725128,2.49,1,0,0,0,1,0
231.26,0,0,0,0,9999.0,2.77,1,0,0,0,0,0
5861.0,1,0,0,1,13.2,4.63,1,1,0,1,0,1
114.47,1,0,0,0,9999.0,2.25,1,1,0,0,0,0
2194.21,0,0,0,0,9999.0,1.87,1,0,0,0,0,0
20927.21,0,0,0,0,9999.0,2.57,1,0,0,0,1,0
622.5,0,0,0,0,9999.0,1.75,1,0,0,1,0,0
2090.84,0,0,0,0,9999.0,2.49,1,1,0,0,0,0
17444.93,1,1,0,1,12.4,2.88,1,1,0,0,1,1
77.85,0,0,0,1,1386.3523146803147,2.45,1,0,0,0,0,0
516.43,0,0,0,0,9999.0,2.23,1,1,0,1,1,0
1219.13,0,0,0,0,9999.0,2.5,1,0,0,0,0,0
1716.63,1,0,0,1,2.5,4.61,1,1,0,0,1,1
1436.14,0,0,0,0,9999.0,1.98,1,0,0,0,1,0
3000.0,0,0,0,1,13.4,4.77,1,1,0,0,1,1
2335.52,0,0,0,0,9999.0,2.17,1,0,0,1,0,0
121.79,0,0,0,0,9999.0,1.62,1,1,0,0,1,0
104.33,0,0,0,0,9999.0,2.63,1,1,0,0,0,0
117.26,0,0,0,0,9999.0,2.11,1,0,0,0,0,0
2202.91,0,0,0,0,9999.0,1.21,1,0,0,0,0,0
1978.59,0,0,0,0,9999.0,1.26,1,0,0,1,0,0
2094.83,0,0,0,0,9999.0,1.43,1,1,0,0,0,0
83.66,1,0,0,0,9999.0,2.59,1,0,0,0,0,0
833.42,0,0,0,0,9999.0,2.62,1,0,0,1,0,0
1936.26,0,0,0,0,9999.0,2.38,1,0,0,1,0,0
117.34,0,0,0,1,1076.9055520422894,2.23,1,1,0,0,0,0
84.54,0,0,0,0,9999.0,2.05,1,0,0,0,0,0
920.88,0,0,0,0,9999.0,2.83,1,0,0,1,0,0
16653.73,0,0,0,0,9999.0,2.14,1,0,0,0,0,0
34.57,0,0,0,0,9999.0,1.41,1,1,0,0,1,0
2421.97,0,0,0,0,9999.0,1.86,1,0,0,1,0,0
108.02,0,0,0,0,9999.0,1.75,1,1,0,0,0,0
142.9,0,0,0,0,9999.0,2.09,1,0,0,0,0,0
2419.34,0,0,0,0,9999.0,2.02,1,0,0,0,0,0
46.76,0,0,0,0,9999.0,1.69,1,0,0,2,1,0
868.94,0,0,0,0,9999.0,1.6,1,1,0,0,0,0
108.36,0,0,0,0,9999.0,2.9,1,0,0,0,0,0
23745.87,0,1,0,0,9999.0,2.31,1,0,0,0,0,0
2169.28,0,0,0,0,9999.0,2.7,1,1,0,0,0,0
84.86,0,0,0,0,9999.0,2.2,1,0,0,0,0,0
56.78,0,0,0,0,9999.0,2.79,1,1,0,0,1,0
1981.67,0,0,0,0,9999.0,1.42,1,0,0,0,0,0
48.02,0,0,0,0,9999.0,2.72,1,0,0,0,0,0
22.84,0,0,0,0,9999.0,2.46,1,1,0,0,0,0
13494.75,0,0,1,1,3.8,4.06,1,1,0,1,0,1
112.69,0,0,0,0,9999.0,1.91,1,1,0,0,0,0
1995.6,0,0,0,0,9999.0,2.26,1,0,0,0,0,0
123.43,0,0,0,0,9999.0,1.71,1,0,0,1,0,0
1085.72,0,0,0,0,9999.0,1.96,1,0,0,0,0,0
35.57,0,0,0,0,9999.0,1.69,1,0,0,1,0,0
2104.41,0,0,0,0,9999.0,2.21,1,0,0,0,0,0
26.34,0,0,0,0,9999.0,2.75,1,0,0,0,0,0
2180.81,0,0,0,1,684.4839172354136,3.07,1,0,0,0,0,0
245.4,0,0,0,0,9999.0,3.0,1,0,0,1,0,0
36.63,0,0,0,0,9999.0,2.03,1,0,0,1,1,0
618.3,0,0,0,0,9999.0,1.74,1,0,0,0,0,0
2414.71,0,0,0,0,9999.0,2.49,1,0,0,0,0,0
80.09,0,0,0,0,9999.0,2.69,1,1,0,0,0,0
130.87,0,0,0,0,9999.0,1.42,1,1,0,0,0,0
2322.43,0,0,0,0,9999.0,2.66,1,0,0,0,0,0
35628.78,0,0,0,0,9999.0,2.98,1,1,0,0,0,0
2863.89,1,0,0,0,9999.0,2.74,1,1,0,0,0,0
12.13,0,0,0,0,9999.0,2.5,1,1,0,1,0,0
1338.72,0,0,0,0,9999.0,2.89,1,0,0,2,0,0
73.32,0,0,0,0,9999.0,2.48,1,1,0,0,0,0
2478.82,1,0,0,0,9999.0,2.87,1,0,0,0,0,0
13.56,0,0,0,0,9999.0,1.32,1,1,0,0,0,0
41334.13,0,1,0,1,19.2,4.53,1,0,0,1,1,1
31.85,0,0,0,0,9999.0,2.01,1,0,0,1,0,0
49.17,0,0,0,0,9999.0,2.62,1,0,0,0,0,0
80.22,0,0,0,0,9999.0,2.9,1,0,0,0,0,0
2807.9,0,0,0,0,9999.0,1.98,1,1,0,1,0,0
6096.46,0,0,0,1,10.1,3.33,0,1,0,1,1,1
2326.05,0,0,0,0,9999.0,2.18,1,1,0,0,0,0
116.54,0,0,0,0,9999.0,2.16,1,1,0,1,0,0
89.21,0,0,0,0,9999.0,1.6,1,0,0,0,0,0
148.45,0,0,0,0,9999.0,2.11,1,0,0,0,0,0
100.3,0,0,0,0,9999.0,2.15,1,1,0,1,1,0
2965.83,0,0,0,0,9999.0,1.92,1,0,0,0,0,0
137.08,0,0,0,0,9999.0,2.23,1,0,0,0,0,0
9999.0,1,0,0,0,4.1,4.33,0,1,1,1,1,1
1984.06,0,0,0,0,9999.0,1.8,1,0,0,0,0,0
41120.22,1,1,0,0,8.7,4.56,1,0,0,1,0,1
137.67,0,0,0,0,9999.0,1.3,1,1,0,0,0,0
415.99,0,0,0,0,9999.0,2.33,1,1,0,1,0,0
1311.1,0,0,0,0,9999.0,2.23,1,0,0,0,0,0
2548.3,0,0,0,1,922.8623863837288,1.66,1,0,0,0,0,0
994.94,0,0,0,0,9999.0,2.73,1,0,0,0,0,0
1854.3,0,0,0,0,9999.0,1.86,1,1,0,1,0,0
51.37,0,0,0,1,374.1676714471295,1.38,1,0,0,1,0,0
98.68,1,0,0,0,9999.0,1.83,1,1,0,0,0,0
37272.06,0,0,0,0,9999.0,3.04,1,0,0,0,1,0
54.64,0,0,0,0,9999.0,2.52,1,0,0,1,0,0
1472.15,0,0,0,0,9999.0,1.96,1,1,0,0,0,0
80.98,0,0,0,0,9999.0,3.05,1,0,0,0,0,0
2087.72,0,0,0,0,9999.0,2.32,1,1,0,0,1,0
39.93,0,0,0,0,9999.0,1.71,1,1,0,0,0,0
107.57,0,0,0,0,9999.0,1.66,1,1,0,1,0,0
120.07,0,0,0,0,9999.0,1.76,1,0,0,0,0,0
83.03,0,0,0,0,9999.0,2.84,1,0,0,0,0,0
18.43,0,0,0,0,9999.0,1.69,1,0,0,0,0,0
15.19,0,0,0,0,9999.0,2.49,1,1,0,1,1,0
136.03,0,0,0,0,9999.0,1.25,1,0,0,1,1,0
390.49,0,0,0,0,9999.0,2.04,1,0,0,0,0,0
550.18,0,0,0,0,9999.0,1.54,1,0,0,1,0,0
47.22,0,0,0,0,9999.0,3.09,1,0,0,0,0,0
15.3,1,0,0,0,9999.0,1.99,1,1,0,1,0,0
121.46,0,0,0,0,9999.0,2.15,1,1,0,0,0,0
2210.88,0,0,0,1,1054.352356943122,2.29,1,0,0,0,0,0
1470.13,0,0,0,0,9999.0,2.04,1,1,0,1,0,0
128.65,0,0,0,0,9999.0,2.86,1,0,0,2,0,0
25000.0,0,0,0,1,15.8,3.0,0,1,0,1,0,1
631.23,0,0,0,1,765.0722352757588,3.0,1,0,0,0,0,0
5000.0,0,0,0,1,0.7,4.62,1,1,1,0,0,1
146.51,0,0,0,0,9999.0,1.67,1,0,0,0,0,0
2004.2,0,0,0,0,9999.0,1.57,1,0,0,0,0,0
66.19,0,0,0,0,9999.0,2.35,1,0,0,2,0,0
18.45,0,0,0,0,9999.0,2.66,1,0,0,0,0,0
1078.62,0,0,0,0,9999.0,2.85,1,0,0,0,0,0
40.73,0,0,0,0,9999.0,1.77,1,0,0,1,0,0
1881.85,0,0,0,0,9999.0,1.5,1,0,0,0,0,0
130.22,0,0,0,0,9999.0,2.49,1,1,0,0,0,0
27849.95,0,0,1,1,2.0,4.43,1,1,0,2,1,1
2158.52,0,0,0,0,9999.0,1.7,1,0,0,0,0,0
2006.66,0,0,0,0,9999.0,1.97,1,0,0,0,0,0
124.73,0,0,0,0,9999.0,2.76,1,0,0,0,0,0
1087.31,0,0,0,0,9999.0,2.22,1,1,0,1,0,0
137.67,0,0,0,0,9999.0,2.12,1,0,0,0,0,0
15.8,0,0,0,0,9999.0,1.31,1,0,0,0,0,0
1814.17,0,0,0,0,9999.0,2.84,1,0,0,2,0,0
473.17,0,0,0,0,9999.0,2.08,1,0,0,0,0,0
45.8,1,0,0,1,547.1517378430984,1.97,1,0,0,0,0,0
1139.99,0,0,0,0,9999.0,1.4,1,0,0,0,0,0
1627.25,1,0,0,1,4.0,4.12,1,1,0,0,0,1
1839.78,0,0,0,0,9999.0,1.71,1,0,0,0,0,0
2920.12,0,0,0,0,9999.0,2.01,1,0,0,0,0,0
2434.5,0,0,0,0,9999.0,2.08,1,0,0,0,0,0
2178.95,0,0,0,0,9999.0,1.48,1,0,0,0,0,0
20.97,0,0,0,0,9999.0,2.12,1,0,0,0,1,0
50.38,0,0,0,0,9999.0,2.19,1,0,0,1,0,0
70.92,0,0,0,0,9999.0,2.43,1,1,0,0,0,0
1613.87,0,0,0,0,9999.0,2.43,1,0,0,0,0,0
8000.0,0,0,0,1,39.3,3.28,0,1,0,2,1,1
2002.7,0,0,0,0,9999.0,1.29,1,1,0,1,1,0
14847.41,1,0,1,1,24.9,4.37,0,1,0,0,0,1
71.42,0,0,0,1,218.07592375265128,2.19,1,0,0,0,0,0
40.28,0,0,0,0,9999.0,2.85,1,0,0,0,0,0
2535.52,0,0,0,0,9999.0,2.69,1,0,0,0,1,0
52.68,0,0,0,0,9999.0,1.81,1,1,0,0,0,0
126.32,0,0,0,0,9999.0,1.89,1,1,0,1,0,0
24548.34,0,1,0,1,17.7,4.74,0,1,0,1,0,1
71.75,0,0,0,0,9999.0,1.37,1,0,0,0,0,0
103.91,1,0,0,0,9999.0,3.09,1,1,0,1,0,0
2952.36,0,0,0,0,9999.0,1.72,1,1,0,0,0,0
111.08,0,0,0,0,9999.0,2.72,1,0,0,0,0,0
102.47,0,0,0,1,758.5395867779409,1.77,1,1,0,0,0,0
102.21,0,0,0,0,9999.0,1.24,1,0,0,0,1,0
1030.09,0,0,0,0,9999.0,2.89,1,0,0,0,0,0
1368.15,0,0,0,0,9999.0,1.35,1,0,0,1,0,0
1501.65,0,0,0,1,1079.4871888751509,1.66,1,0,0,0,0,0
2442.92,0,0,0,0,9999.0,2.96,1,0,0,0,1,0
1610.67,0,0,0,0,9999.0,2.37,1,0,0,0,1,0
5000.0,1,0,0,1,5.2,4.14,0,1,1,0,0,1
24486.67,0,0,0,0,9999.0,2.68,1,1,0,0,0,0
28.35,1,0,0,0,9999.0,2.9,1,0,0,0,1,0
128.48,0,0,0,0,9999.0,3.06,1,0,0,1,0,0
91.87,0,0,0,0,9999.0,2.7,1,1,0,1,0,0
10.92,0,0,0,1,322.78690008679786,3.04,1,1,0,1,0,0
1537.22,0,0,0,0,9999.0,2.54,1,0,0,0,0,0
2773.98,0,0,0,0,9999.0,1.52,1,0,0,0,0,0
112.1,0,0,0,0,9999.0,2.71,1,0,0,0,0,0
151406.28,1,1,1,1,6.9,4.58,0,1,0,0,1,1
2698.09,1,0,0,0,9999.0,1.49,1,1,0,0,0,0
2372.4,0,0,0,0,9999.0,3.1,1,1,0,0,0,0
3143.21,1,0,0,1,7.4,3.32,0,0,0,1,1,1
25.62,0,0,0,0,9999.0,1.97,1,0,0,0,0,0
49.36,0,0,0,0,9999.0,1.93,1,0,0,1,0,0
1665.02,0,0,0,0,9999.0,2.21,1,0,0,0,0,0
987.29,0,0,0,0,9999.0,1.42,1,1,0,0,0,0
105.99,0,0,0,0,9999.0,1.58,1,1,0,0,0,0
290.81,1,0,0,0,9999.0,2.17,1,0,0,0,0,0
33008.15,0,0,0,0,9999.0,2.91,1,0,0,0,0,0
44.43,0,0,0,1,1318.6827885502778,2.46,1,0,0,2,0,0
133.94,0,0,0,0,9999.0,2.73,1,0,0,0,1,0
900.2,0,0,0,0,9999.0,1.7,1,0,0,0,0,0
24.39,0,0,0,0,9999.0,1.95,1,0,0,0,0,0
1332.04,0,0,0,0,9999.0,2.42,1,1,0,0,0,0
120.28,0,0,0,1,167.53561058880655,2.09,1,0,0,1,0,0
123.74,0,0,0,0,9999.0,2.51,1,0,0,0,0,0
72.96,0,0,0,0,9999.0,2.62,1,1,0,1,1,0
2850.5,0,0,0,1,957.5240406522526,2.48,1,0,0,0,0,0
1355.59,0,0,0,0,9999.0,3.02,1,0,0,0,0,0
55.92,0,0,0,0,9999.0,2.68,1,1,0,1,0,0
65.77,0,0,0,0,9999.0,1.88,1,0,0,0,0,0
129.99,0,0,0,0,9999.0,1.52,1,1,0,0,0,0
42538.68,0,0,0,0,9999.0,1.72,1,0,0,0,1,0
733.51,0,0,0,0,9999.0,2.68,1,0,0,0,0,0
150760.68,1,0,0,1,34.5,4.63,1,1,0,1,0,1
142.54,0,0,0,1,1256.7676522630788,1.28,1,1,0,1,0,0
37161.95,1,0,0,0,4.2,3.89,0,1,0,1,0,1
682.86,0,0,0,0,9999.0,2.9,1,0,0,1,0,0
1008.56,0,0,0,0,9999.0,1.88,1,0,0,2,0,0
2529.43,0,0,0,0,9999.0,2.51,1,0,0,1,0,0
2594.74,1,0,0,0,9999.0,2.43,1,0,0,1,1,0
2477.55,0,0,0,0,9999.0,2.04,1,1,0,0,0,0
25000.0,0,0,0,1,5.4,4.14,1,1,1,2,0,1
2282.23,0,0,0,0,9999.0,2.57,1,0,0,0,0,0
1679.67,0,0,0,0,9999.0,1.38,1,1,0,0,0,0
120.11,0,0,0,0,9999.0,1.57,1,0,0,0,0,0
74.05,0,0,0,0,9999.0,1.44,1,1,0,0,0,0
38.22,0,0,0,0,9999.0,2.39,1,0,0,0,1,0
41795.44,0,0,0,0,9999.0,3.05,1,1,0,0,0,0
6328.78,0,0,0,1,7.2,3.86,1,1,0,2,0,1
2115.16,0,0,0,1,1010.7287128432672,2.4,1,1,0,0,0,0
75.08,0,0,0,0,9999.0,2.14,1,1,0,0,1,0
260.26,0,0,0,0,9999.0,1.86,1,1,0,0,0,0
20658.27,1,1,0,0,33.4,3.4,0,1,0,1,0,1
19954.12,0,0,0,0,9999.0,1.41,1,0,0,0,0,0
148.16,0,0,0,0,9999.0,2.53,1,0,0,0,0,0
534.1,0,0,0,0,9999.0,2.8,1,1,0,0,1,0
378.43,0,0,0,0,9999.0,2.28,1,0,0,0,0,0
1500.0,1,0,0,1,7.3,3.01,0,1,0,2,0,1
85.59,0,0,0,0,9999.0,1.54,1,0,0,0,0,0
102.73,0,0,0,1,487.7695431139542,1.48,1,0,0,0,0,0
29.29,0,0,0,0,9999.0,2.83,1,0,0,1,0,0
60.49,0,0,0,0,9999.0,1.54,1,1,0,0,0,0
107.39,0,0,0,0,9999.0,1.94,1,0,0,0,0,0
2865.64,0,0,0,0,9999.0,3.0,1,0,0,0,1,0
101.11,0,0,0,0,9999.0,1.53,1,0,0,0,0,0
2674.8,0,0,0,0,9999.0,2.73,1,0,0,0,0,0
17.11,0,0,0,0,9999.0,2.0,1,0,0,0,0,0
755.68,0,0,0,0,9999.0,2.37,1,0,0,0,0,0
33.51,0,1,0,0,9999.0,2.0,1,0,0,1,0,0
23.61,1,0,0,0,9999.0,2.23,1,0,0,2,0,0
945.5,0,0,0,0,9999.0,2.95,1,0,0,0,0,0
30.36,0,0,0,0,9999.0,2.45,1,0,0,0,0,0
1072.06,0,0,0,0,9999.0,1.68,1,0,0,0,0,0
63.51,0,0,0,1,770.7824219033987,2.85,1,1,0,0,0,0
691.68,0,0,0,0,9999.0,1.92,1,0,0,0,0,0
27.99,0,0,0,0,9999.0,1.55,1,1,0,0,0,0
80.86,0,0,0,0,9999.0,1.89,1,0,0,0,0,0
336.43,0,0,0,0,9999.0,2.89,1,0,0,1,1,0
789.53,0,0,0,0,9999.0,3.01,1,1,0,0,0,0
1806.28,0,0,0,0,9999.0,1.44,1,0,0,0,1,0
147.41,0,0,0,0,9999.0,1.55,1,1,0,2,0,0
2212.85,0,0,0,0,9999.0,1.39,1,0,0,0,0,0
41.66,0,0,0,1,447.3121051263691,1.39,1,0,0,1,0,0
2362.61,0,0,0,0,9999.0,1.95,1,0,0,0,0,0
2591.65,0,0,0,0,9999.0,2.28,1,0,0,0,1,0
146.41,0,0,0,0,9999.0,1.47,1,0,0,0,1,0
51.19,0,0,0,0,9999.0,2.87,1,0,0,0,0,0
17707.6,0,0,0,0,9999.0,2.68,1,0,0,0,0,0
1278.94,0,0,0,0,9999.0,1.95,1,0,0,0,1,0
63.85,0,0,0,0,9999.0,3.02,1,1,0,2,1,0
2168.38,0,0,0,0,9999.0,3.05,1,0,0,0,0,0
5000.0,0,0,0,1,1.5,2.92,0,1,1,1,1,1
79.29,0,0,0,0,9999.0,2.84,1,0,0,0,0,0
30091.46,1,0,0,0,9999.0,1.8,1,0,0,0,0,0
9999.0,1,0,0,1,6.7,4.65,1,1,1,2,1,1
1976.05,0,0,0,0,9999.0,2.83,1,0,0,0,1,0
139.0,0,0,0,0,9999.0,3.04,1,0,0,0,0,0
868.76,0,0,0,0,9999.0,2.63,1,1,0,0,0,0
54.23,0,0,0,1,888.3295738269417,1.46,1,1,0,0,1,0
1705.5,0,0,0,0,9999.0,1.54,1,1,0,0,0,0
38379.98,0,0,0,1,34.6,4.33,1,1,0,2,1,1
1668.99,0,0,0,0,9999.0,1.39,1,1,0,1,0,0
1666.29,0,0,0,0,9999.0,2.78,1,1,0,1,0,0
2027.56,0,0,0,0,9999.0,1.51,1,1,0,0,0,0
1500.0,0,0,0,1,35.1,4.44,0,1,0,2,1,1
22.44,0,0,0,0,9999.0,1.51,1,0,0,0,0,0
2352.75,0,0,0,0,9999.0,2.02,1,0,0,1,0,0
2013.11,0,0,0,1,947.179706780126,2.4,1,0,0,0,0,0
28.81,0,0,0,0,9999.0,1.3,1,0,0,0,0,0
61.98,0,0,0,0,9999.0,2.26,1,0,0,0,0,0
24.24,0,0,0,0,9999.0,1.65,1,0,0,0,0,0
51.58,0,0,0,0,9999.0,2.13,1,0,0,0,1,0
76196.31,1,0,0,1,4.4,3.62,0,1,0,2,0,1
130.17,0,0,0,0,9999.0,1.58,1,0,0,0,0,0
2850.08,0,0,0,0,9999.0,2.4,1,0,0,0,0,0
84.19,0,0,0,0,9999.0,1.7,1,0,0,0,0,0
354.42,0,0,0,1,724.0045780121699,3.04,1,0,0,0,0,0
54.43,0,0,0,0,9999.0,1.22,1,0,0,1,0,0
2275.25,0,0,0,0,9999.0,1.84,1,0,0,0,0,0
1726.3,0,0,0,0,9999.0,1.77,1,1,0,0,0,0
25000.0,1,0,0,1,2.3,4.63,1,1,1,0,0,1
17844.86,0,0,0,0,9999.0,2.85,1,0,0,0,0,0
142.34,0,0,0,0,9999.0,1.89,1,0,0,0,0,0
95.71,1,0,0,0,9999.0,2.75,1,0,0,0,1,0
128.67,0,0,0,0,9999.0,2.97,1,1,0,0,0,0
133.12,0,0,0,0,9999.0,1.47,1,0,0,0,1,0
150155.77,1,0,0,1,34.1,4.0,0,1,0,1,1,1
18262.7,0,1,0,1,18.7,3.8,1,1,0,1,0,1
140.16,0,0,0,0,9999.0,2.62,1,0,0,0,0,0
33116.45,0,0,0,0,9999.0,1.54,1,1,0,0,0,0
19.91,0,0,0,0,9999.0,2.96,1,1,0,0,0,0
76.13,0,0,0,0,9999.0,2.14,1,1,0,0,0,0
1491.41,0,0,0,0,9999.0,3.06,1,0,0,0,0,0
151869.01,0,0,0,0,20.4,4.21,1,1,0,1,0,1
96.02,0,0,0,0,9999.0,2.88,1,0,0,0,0,0
637.67,0,0,0,0,9999.0,2.85,1,0,0,1,0,0
2541.85,0,0,0,0,9999.0,1.8,1,0,0,0,0,0
38784.44,0,0,0,0,9999.0,2.66,1,0,0,1,0,0
46.43,0,0,0,0,9999.0,2.67,1,0,0,1,0,0
80.52,0,0,0,0,9999.0,1.4,1,1,0,1,1,0
834.33,0,0,0,0,9999.0,3.08,1,1,0,0,0,0
6089.4,1,0,0,1,4.5,3.16,0,1,0,1,1,1
43.58,0,0,0,0,9999.0,2.22,1,0,0,0,0,0
259.86,0,0,0,0,9999.0,1.59,1,0,0,0,1,0
47.26,0,0,0,0,9999.0,3.04,1,0,0,2,0,0
120.65,0,0,0,0,9999.0,1.4,1,0,0,1,0,0
2689.15,0,0,0,0,9999.0,2.87,1,1,0,0,0,0
12.47,0,0,0,1,765.8967920947309,2.56,1,1,0,0,0,0
146.47,0,0,0,0,9999.0,2.1,1,1,0,0,0,0
1745.21,0,0,0,0,9999.0,1.27,1,1,0,0,0,0
273.24,0,0,0,0,9999.0,1.81,1,0,0,0,0,0
40.68,0,0,0,0,9999.0,2.64,1,0,0,1,0,0
90.21,0,0,0,0,9999.0,3.09,1,0,0,0,0,0
96.62,0,0,0,0,9999.0,2.91,1,0,0,0,0,0
91.47,0,0,0,0,9999.0,1.77,1,0,0,2,0,0
471.3,0,0,0,1,1249.017238601503,2.78,1,0,0,0,0,0
61.7,0,0,0,0,9999.0,2.22,1,1,0,1,0,0
963.07,0,0,0,1,12.0,4.75,0,1,0,0,1,1
103.69,0,0,0,0,9999.0,3.04,1,0,0,0,0,0
1730.89,0,0,0,0,9999.0,2.97,1,0,0,1,0,0
5000.0,1,0,0,1,1.0,3.1,1,1,1,2,1,1
15.13,0,0,0,1,726.2270255328914,2.14,1,0,0,0,0,0
1884.6,0,0,0,0,9999.0,1.9,1,0,0,0,0,0
1847.36,0,0,0,0,9999.0,2.13,1,0,0,2,0,0
2525.52,0,0,0,0,9999.0,1.97,1,0,0,0,0,0
92.99,0,0,0,0,9999.0,2.08,1,1,0,0,1,0
10439.7,0,0,0,0,9999.0,2.86,1,0,0,0,0,0
92.73,0,0,0,0,9999.0,2.18,1,0,0,1,0,0
110.01,0,0,0,0,9999.0,1.69,1,0,0,0,0,0
13.12,0,0,0,0,9999.0,2.93,1,1,0,0,0,0
111.73,0,0,0,0,9999.0,1.63,1,0,0,0,0,0
2312.77,0,0,0,0,9999.0,2.76,1,0,0,0,0,0
1339.84,0,0,0,0,9999.0,1.28,1,1,0,0,1,0
5897.62,1,0,0,1,8.6,4.59,1,1,0,2,1,1
885.29,0,0,0,0,9999.0,1.57,1,1,0,1,0,0
2399.77,0,0,0,1,762.0925811806464,1.63,1,1,0,0,0,0
19241.31,0,0,0,0,9999.0,2.02,1,1,0,0,1,0
2552.18,0,0,0,0,9999.0,1.86,1,0,0,0,1,0
48.38,0,0,0,0,9999.0,2.48,1,1,0,1,0,0
2223.46,0,0,0,0,9999.0,2.76,1,0,0,0,0,0
62.8,0,0,0,0,9999.0,1.6,1,1,0,0,0,0
2202.57,0,0,0,1,1033.5391819301444,2.82,1,1,0,0,0,0
10670.67,0,0,0,0,9999.0,2.43,1,0,0,1,0,0
52.26,0,0,0,0,9999.0,2.4,1,1,0,0,0,0
2596.75,0,0,0,0,9999.0,1.39,1,1,0,0,1,0
913.45,0,0,0,0,9999.0,1.98,1,0,0,2,0,0
38968.67,0,0,0,0,9999.0,2.99,1,0,0,1,0,0
98.6,0,0,0,0,9999.0,1.72,1,0,0,0,0,0
2368.22,0,0,0,0,9999.0,3.01,1,0,0,0,0,0
863.18,0,0,0,0,9999.0,1.24,1,1,0,1,0,0
133.87,0,0,0,0,9999.0,2.48,1,0,0,0,0,0
138.66,0,0,0,0,9999.0,2.96,1,0,0,0,1,0
133.47,0,0,0,0,9999.0,2.5,1,0,0,0,0,0
614.42,0,0,0,0,9999.0,1.39,1,0,0,0,0,0
1803.33,0,0,0,0,9999.0,2.67,1,0,0,0,0,0
25000.0,0,0,0,1,40.8,2.94,1,1,0,0,0,1
973.49,0,0,0,0,9999.0,2.86,1,1,0,0,0,0
100.19,0,0,0,1,857.5406984282116,2.15,1,1,0,2,0,0
75.16,0,0,0,0,9999.0,2.98,1,0,0,1,0,0
2868.63,0,0,0,0,9999.0,1.39,1,1,0,1,0,0
2090.85,0,0,0,0,9999.0,1.27,1,0,0,0,1,0
777.07,0,0,0,0,9999.0,1.31,1,0,0,0,0,0
123.96,0,0,0,1,150.84957315798303,2.38,1,0,0,0,0,0
1230.93,0,0,0,0,9999.0,1.79,1,0,0,0,0,0
2612.51,0,0,0,0,9999.0,1.24,1,0,0,0,1,0
1980.12,1,0,0,0,9999.0,1.79,1,1,0,0,0,0
149.07,0,0,0,0,9999.0,2.63,1,0,0,1,0,0
140.19,0,0,0,0,9999.0,2.36,1,0,0,0,0,0
23.85,0,0,0,0,9999.0,1.36,1,0,0,0,0,0
440.31,0,0,0,0,9999.0,1.47,1,0,0,0,0,0
965.82,0,0,0,0,9999.0,1.57,1,0,0,1,1,0
77562.38,1,0,0,1,16.2,3.0,1,1,0,1,0,1
1771.51,0,0,0,0,9999.0,1.69,1,0,0,0,1,0
18106.1,1,1,0,1,12.1,3.01,0,1,0,2,0,1
100.48,0,0,0,0,9999.0,2.92,1,0,0,0,1,0
23916.32,0,1,1,1,3.4,2.82,0,1,0,0,1,1
28612.84,0,0,0,1,759.3503783021239,1.28,1,1,0,1,0,0
135.07,1,0,0,0,9999.0,1.58,1,0,0,0,1,0
114.74,0,0,0,0,9999.0,2.01,1,1,0,0,0,0
52.07,0,0,0,0,9999.0,2.11,1,0,0,1,1,0
41.55,1,1,0,0,9999.0,3.06,1,1,0,0,1,0
49.72,0,0,0,0,9999.0,1.27,1,0,0,0,1,0
17.27,0,0,0,0,9999.0,1.81,1,1,0,0,1,0
363.38,0,0,0,0,9999.0,1.32,1,0,0,0,0,0
26468.79,0,0,0,0,9999.0,1.58,1,1,0,0,0,0
93.14,0,0,0,0,9999.0,2.32,1,0,0,0,0,0
45.67,0,0,0,0,9999.0,2.43,1,0,0,1,0,0
111.41,0,0,0,0,9999.0,2.46,1,0,0,1,0,0
389.21,0,0,0,0,9999.0,3.08,1,1,0,1,0,0
2353.15,1,0,0,0,9999.0,2.19,1,0,0,0,0,0
2462.76,0,0,0,0,9999.0,1.48,1,1,0,0,1,0
1042.23,0,0,0,0,9999.0,1.69,1,0,0,0,0,0
1530.66,1,0,0,0,9999.0,1.97,1,1,0,1,1,0
1330.24,0,0,0,0,9999.0,2.73,1,0,0,0,0,0
2071.08,0,0,0,0,9999.0,2.76,1,0,0,0,0,0
546.26,0,0,0,0,9999.0,2.26,1,0,0,0,1,0
2359.0,0,0,0,0,9999.0,2.05,1,0,0,1,0,0
919.62,0,0,0,0,9999.0,1.23,1,1,0,0,0,0
2764.77,0,0,0,0,3.0,3.48,1,1,0,2,1,1
2214.65,0,0,0,0,9999.0,2.32,1,0,0,0,1,0
72.32,0,0,0,1,1115.466953741902,1.57,1,0,0,0,0,0
126.61,0,0,0,0,9999.0,1.52,1,0,0,1,0,0
61.14,0,0,0,0,9999.0,1.82,1,0,0,0,0,0
2662.3,0,0,0,0,9999.0,1.53,1,0,0,0,0,0
15765.12,0,0,0,0,9999.0,2.84,1,0,0,0,1,0
113.2,0,0,0,0,9999.0,2.08,1,1,0,0,0,0
1407.76,0,0,0,0,9999.0,2.06,1,0,0,2,0,0
86.19,0,0,0,0,9999.0,1.21,1,1,0,0,0,0
119.45,0,0,0,0,9999.0,2.7,1,1,0,0,0,0
2340.85,0,0,0,1,157.25893832605163,1.86,1,0,0,0,0,0
273.36,0,0,0,0,9999.0,2.69,1,1,0,1,1,0
521.71,0,0,0,0,9999.0,1.3,1,0,0,0,1,0
2491.81,0,0,0,0,9999.0,1.21,1,0,0,0,1,0
71.62,0,0,0,0,9999.0,3.09,1,0,0,0,0,0
2062.19,0,0,0,0,9999.0,2.94,1,0,0,2,0,0
63.04,0,0,0,0,9999.0,2.11,1,1,0,0,0,0
105.98,0,0,0,0,9999.0,2.05,1,1,0,1,0,0
518.71,0,0,0,0,9999.0,2.06,1,1,0,1,0,0
33.17,0,0,0,0,9999.0,2.58,1,0,0,0,0,0
1081.98,0,0,0,0,9999.0,3.09,1,0,0,0,0,0
127.15,0,0,0,0,9999.0,1.66,1,1,0,0,0,0
2018.64,0,0,0,0,9999.0,2.05,1,0,0,0,0,0
105.49,0,0,0,0,9999.0,2.66,1,1,0,0,0,0
2356.18,0,0,0,0,9999.0,1.71,1,0,0,0,1,0
230.82,0,0,0,1,408.2423679190153,2.32,1,0,0,0,0,0
106.38,0,0,0,0,9999.0,1.57,1,0,0,0,0,0
119.88,0,0,0,0,9999.0,2.8,1,1,0,0,0,0
2468.07,0,0,0,0,9999.0,2.72,1,0,0,0,0,0
46892.47,0,1,0,1,16.0,3.41,1,1,0,2,1,1
2243.88,0,0,0,0,9999.0,3.05,1,0,0,0,0,0
1840.3,0,0,0,0,9999.0,2.65,1,1,0,0,0,0
1603.46,0,0,0,0,9999.0,2.69,1,0,0,0,0,0
112.46,0,0,0,0,9999.0,2.45,1,0,0,0,0,0
718.09,0,0,0,0,9999.0,1.71,1,1,0,0,0,0
1207.38,0,0,0,1,1428.7951397592813,2.43,1,0,0,1,1,0
5000.0,1,0,0,1,6.0,4.35,0,1,1,1,1,1
62.67,0,0,0,0,9999.0,2.86,1,0,0,0,0,0
1069.24,1,0,0,0,9999.0,3.05,1,0,0,0,0,0
1235.87,0,0,0,0,9999.0,1.64,1,1,0,0,0,0
38880.57,0,0,0,0,9999.0,2.04,1,0,0,0,1,0
132.57,0,0,0,0,9999.0,2.39,1,1,0,0,1,0
1749.91,0,0,0,0,9999.0,1.46,1,0,0,1,1,0
2295.08,0,0,0,0,9999.0,2.41,1,0,0,2,0,0
924.1,0,0,0,0,9999.0,3.09,1,1,0,0,1,0
2468.41,0,0,0,0,9999.0,1.88,1,0,0,0,0,0
140.08,0,0,0,0,9999.0,2.9,1,1,0,0,0,0
132.83,0,0,0,0,9999.0,2.16,1,1,0,0,0,0
134.1,0,0,0,0,9999.0,2.19,1,1,0,1,1,0
122.76,0,0,0,0,9999.0,1.62,1,0,0,1,0,0
132.78,0,0,0,0,9999.0,2.01,1,0,0,0,0,0
75.23,0,0,0,0,9999.0,1.38,1,0,0,0,1,0
963.27,0,0,0,0,9999.0,1.77,1,0,0,0,0,0
139.84,0,0,0,0,9999.0,3.09,1,0,0,0,0,0
20.77,0,0,0,0,9999.0,1.57,1,0,0,0,0,0
38374.68,0,0,0,0,9999.0,1.99,1,0,0,0,0,0
2523.94,0,0,0,0,9999.0,2.57,1,0,0,0,0,0
2596.95,0,0,0,0,9999.0,1.36,1,1,0,0,0,0
1294.62,0,0,0,0,9999.0,2.44,1,0,0,0,0,0
115.75,1,0,0,0,9999.0,2.99,1,0,0,0,0,0
2023.64,0,0,0,0,9999.0,2.84,1,0,0,0,0,0
1015.97,0,0,0,0,9999.0,1.47,1,0,0,0,1,0
107.4,0,0,0,0,9999.0,2.09,1,0,0,0,0,0
86.4,0,0,0,0,9999.0,3.01,1,1,0,0,0,0
116.31,0,0,0,0,9999.0,2.57,1,0,0,0,0,0
87.28,0,0,0,0,9999.0,2.35,1,1,0,0,0,0
16.76,0,0,0,0,9999.0,1.37,1,1,0,1,0,0
125.72,0,0,0,0,9999.0,2.84,1,0,0,0,0,0
2372.69,0,0,0,0,9999.0,2.1,1,0,0,0,0,0
126.69,0,0,0,0,9999.0,2.32,1,1,0,0,0,0
2382.46,0,0,0,0,9999.0,2.24,1,0,0,1,0,0
62.35,1,0,0,0,9999.0,1.35,1,1,0,0,0,0
889.49,0,0,0,0,9999.0,1.49,1,1,0,0,1,0
2335.58,0,0,0,0,9999.0,2.56,1,0,0,0,0,0
18.63,0,0,0,0,9999.0,1.63,1,0,0,1,0,0
15000.0,1,0,0,0,2.8,3.82,1,1,1,0,1,1
1628.35,0,0,0,0,9999.0,2.6,1,0,0,0,0,0
141.42,0,0,0,0,9999.0,3.0,1,0,0,0,0,0
136.04,0,0,0,0,9999.0,2.05,1,0,0,0,1,0
1433.97,0,0,0,0,9999.0,3.03,1,0,0,0,1,0
12.19,0,0,0,0,9999.0,2.48,1,0,0,0,0,0
636.05,0,0,0,0,9999.0,1.73,1,0,0,1,0,0
2500.0,0,0,0,1,5.3,3.47,1,1,1,1,1,1
1460.29,0,0,0,1,383.0469621337479,2.87,1,0,0,0,0,0
51.0,0,0,0,0,9999.0,2.51,1,1,0,0,0,0
2087.4,0,0,0,0,9999.0,2.25,1,1,0,0,1,0
200.59,1,0,0,0,9999.0,1.72,1,1,0,0,1,0
2456.38,0,0,0,0,9999.0,2.99,1,1,0,2,0,0
73.99,0,0,0,0,9999.0,2.41,1,0,0,0,0,0
42730.72,0,0,0,0,9999.0,2.43,1,0,0,1,0,0
624.41,0,0,0,0,9999.0,1.84,1,0,0,1,0,0
41.77,0,0,0,0,9999.0,1.22,1,0,0,0,0,0
563.96,0,0,0,0,9999.0,2.14,1,1,0,1,1,0
1295.38,0,0,0,0,9999.0,2.53,1,0,0,0,1,0
99.8,0,0,0,0,9999.0,2.08,1,0,0,0,0,0
23.25,0,0,0,0,9999.0,2.48,1,0,0,0,0,0
42789.63,0,0,0,0,9999.0,2.45,1,0,0,0,0,0
1320.82,1,0,0,1,1298.4534139143925,1.39,1,0,0,1,1,0
2242.3,1,0,0,1,1.5,4.18,1,1,0,2,0,1
36.11,0,0,0,0,9999.0,1.56,1,0,0,0,1,0
119.49,0,0,0,0,9999.0,2.83,1,1,0,0,0,0
136.84,1,0,0,1,423.1159633331957,1.9,1,0,0,0,0,0
32.18,0,0,0,0,9999.0,2.27,1,0,0,0,0,0
77.15,0,0,0,0,9999.0,1.79,1,0,0,1,1,0
134.46,0,0,0,0,9999.0,2.33,1,1,0,0,1,0
2325.43,0,0,0,0,9999.0,1.82,1,0,0,0,0,0
116.82,0,0,0,0,9999.0,2.38,1,1,0,0,0,0
87.78,1,0,0,0,9999.0,2.69,1,0,0,1,0,0
94.85,0,0,0,0,9999.0,2.03,1,1,0,2,0,0
76982.67,1,0,0,1,35.0,2.97,0,0,0,2,0,1
1125.04,0,0,0,0,9999.0,2.64,1,0,0,1,1,0
10725.46,0,0,0,0,9999.0,2.97,1,0,0,0,0,0
37.55,0,0,0,1,493.50655987254,2.28,1,1,0,0,1,0
23778.33,0,0,0,0,9999.0,2.64,1,0,0,0,0,0
39843.68,0,0,0,1,1347.456515404202,2.73,1,1,0,0,0,0
39.56,0,0,0,0,9999.0,2.67,1,0,0,0,0,0
14.9,0,0,0,0,9999.0,1.7,1,1,0,0,0,0
1395.47,0,0,0,1,556.5823446660113,1.54,1,0,0,0,0,0
1843.06,0,0,0,0,9999.0,2.05,1,0,0,0,0,0
1036.55,0,0,0,0,9999.0,2.07,1,1,0,0,0,0
137.34,0,0,0,0,9999.0,2.61,1,0,0,0,1,0
1132.74,0,0,0,0,9999.0,2.49,1,0,0,0,0,0
19.98,0,0,0,0,9999.0,2.01,1,0,0,0,0,0
105.58,0,0,0,1,780.0387985575829,2.31,1,0,0,0,0,0
137.32,0,0,0,1,506.942759154594,2.09,1,0,0,0,0,0
83.38,0,0,0,0,9999.0,1.83,1,0,0,1,0,0
25000.0,1,0,0,1,1.8,4.13,0,1,1,1,1,1
6107.76,1,0,0,1,3.0,3.37,1,1,0,0,1,1
5000.0,0,0,0,1,5.4,2.99,1,1,1,0,1,1
1629.3,0,0,0,0,9999.0,2.21,1,0,0,0,0,0
2945.12,0,0,0,0,9999.0,2.58,1,0,0,0,0,0
1624.28,0,0,0,0,9999.0,1.22,1,0,0,2,0,0
21651.21,0,0,0,1,2.2,2.93,1,1,0,1,1,1
104.72,1,0,0,0,9999.0,1.76,1,1,0,2,0,0
1427.37,0,0,0,0,9999.0,1.91,1,0,0,0,0,0
14.84,0,0,0,0,9999.0,1.92,1,0,0,0,0,0
17.76,1,0,0,0,9999.0,2.63,1,0,0,1,0,0
1727.09,0,0,0,0,9999.0,2.15,1,0,0,0,0,0
124.82,0,0,0,0,9999.0,2.97,1,1,0,0,0,0
84.5,0,0,0,0,9999.0,1.46,1,1,0,0,0,0
2407.96,0,0,0,0,9999.0,2.97,1,0,0,0,0,0
138.09,0,0,0,0,9999.0,1.75,1,0,0,2,0,0
1168.07,0,0,0,1,1000.5266750664669,1.54,1,0,0,0,0,0
399.53,0,0,0,0,9999.0,2.14,1,0,0,0,0,0
1260.57,0,0,0,1,268.83118634121126,2.95,1,0,0,2,0,0
1943.06,0,0,0,0,9999.0,2.8,1,1,0,1,0,0
133.83,0,0,0,0,9999.0,2.07,1,1,0,0,0,0
67.82,0,0,0,0,9999.0,1.55,1,1,0,1,0,0
72.43,0,0,0,0,9999.0,1.95,1,1,0,0,0,0
607.74,0,0,0,0,9999.0,2.29,1,0,0,0,0,0
20521.16,0,0,0,1,1076.2282133474175,2.88,1,0,0,0,0,0
104.63,0,0,0,0,9999.0,1.23,1,1,0,1,0,0
128.77,0,0,0,1,967.290670319214,2.37,1,0,0,0,0,0
2929.88,0,0,0,0,9999.0,1.6,1,0,0,0,0,0
87.73,0,0,0,0,9999.0,1.59,1,1,0,0,0,0
572.97,0,0,0,0,9999.0,1.48,1,0,0,0,0,0
1500.0,0,0,0,0,35.3,4.5,1,1,0,1,1,1
757.4,0,0,0,0,9999.0,2.8,1,1,0,0,0,0
131.48,0,0,0,0,9999.0,2.37,1,0,0,2,0,0
1500.0,0,0,0,1,21.2,3.0,1,1,0,1,1,1
2473.82,0,0,0,0,9999.0,1.32,1,0,0,1,0,0
81.59,0,0,0,0,9999.0,2.94,1,0,0,1,0,0
47.65,0,0,0,0,9999.0,1.55,1,0,0,0,0,0
1290.13,0,0,0,0,9999.0,2.94,1,0,0,0,1,0
2471.94,0,0,0,0,9999.0,1.43,1,1,0,1,0,0
6382.15,0,0,0,1,10.7,3.13,1,1,0,0,0,1
1208.75,1,0,0,0,9999.0,1.83,1,0,0,0,0,0
16206.75,0,0,0,1,580.1666300044104,1.38,1,1,0,0,0,0
72.3,0,0,0,0,9999.0,2.52,1,1,0,0,0,0
28.25,0,0,0,0,9999.0,2.9,1,0,0,0,0,0
4731.86,0,0,0,1,9.9,4.12,0,1,0,1,0,1
134.65,0,0,0,0,9999.0,2.61,1,0,0,0,0,0
2375.29,0,0,0,0,9999.0,1.98,1,0,0,0,1,0
130.94,0,0,0,0,9999.0,2.9,1,0,0,0,0,0
50.9,0,0,0,0,9999.0,1.22,1,0,0,0,0,0
31.1,0,0,0,0,9999.0,1.55,1,0,0,0,1,0
124.34,0,0,0,0,9999.0,1.7,1,0,0,0,0,0
831.76,0,0,0,0,9999.0,2.44,1,0,0,0,0,0
8000.0,0,0,0,1,4.1,3.31,0,1,0,1,0,1
113.96,0,0,0,0,9999.0,1.63,1,0,0,0,0,0
74.32,0,0,0,0,9999.0,3.06,1,0,0,0,0,0
75.39,0,0,0,0,9999.0,1.83,1,1,0,0,0,0
1500.0,0,0,0,0,9.3,4.71,1,1,0,1,0,1
1250.72,0,0,0,0,9999.0,2.38,1,0,0,0,1,0
1035.15,0,0,0,0,9999.0,1.41,1,0,0,0,0,0
32.03,0,0,0,1,426.680476248664,2.74,1,0,0,0,0,0
141.77,0,0,0,0,9999.0,1.23,1,0,0,0,0,0
49.52,1,0,0,0,9999.0,2.82,1,0,0,0,1,0
25000.0,0,0,0,1,7.3,4.67,1,1,1,2,0,1
1010.91,0,0,0,0,9999.0,1.43,1,0,0,1,0,0
28502.68,0,1,0,1,4.2,4.56,1,1,0,2,1,1
16.17,0,0,0,0,9999.0,2.79,1,1,0,0,1,0
126.7,1,0,0,0,9999.0,1.46,1,0,0,0,0,0
1086.22,0,0,0,0,9999.0,1.98,1,0,0,2,0,0
2072.65,0,0,0,0,9999.0,2.05,1,1,0,0,0,0
15.53,1,0,0,0,9999.0,2.45,1,0,0,0,0,0
79.24,0,0,0,0,9999.0,2.31,1,1,0,0,0,0
1500.0,0,0,0,1,22.3,3.83,0,1,0,0,0,1
2885.62,1,0,0,0,9999.0,2.07,1,0,0,1,0,0
25.54,0,0,0,0,9999.0,2.12,1,0,0,0,0,0
135.83,0,0,0,0,9999.0,2.99,1,0,0,0,0,0
1828.85,0,0,0,0,9999.0,2.11,1,0,0,1,0,0
32588.62,1,0,1,1,6.5,3.6,1,1,0,1,0,1
37.51,0,0,0,0,9999.0,2.66,1,1,0,0,0,0
19.9,0,0,0,0,9999.0,1.56,1,1,0,0,0,0
1708.71,0,0,0,0,9999.0,2.97,1,0,0,0,0,0
132.29,0,0,0,0,9999.0,1.32,1,0,0,1,0,0
21898.91,1,0,0,0,9999.0,1.67,1,1,0,0,0,0
106.27,0,0,0,0,9999.0,1.4,1,1,0,0,0,0
136.72,0,0,0,0,9999.0,1.64,1,1,0,0,0,0
62.99,0,0,0,0,9999.0,1.84,1,1,0,0,0,0
2411.65,0,0,0,0,9999.0,1.7,1,1,0,0,0,0
59.02,0,0,0,0,9999.0,2.43,1,1,0,0,0,0
23260.63,0,1,1,1,17.6,3.61,1,0,0,0,0,1
716.89,0,0,0,0,9999.0,1.3,1,0,0,0,0,0
1428.33,0,0,0,0,9999.0,1.4,1,1,0,0,0,0
2352.95,0,0,0,0,9999.0,1.66,1,0,0,0,0,0
725.77,0,0,0,0,9999.0,1.41,1,0,0,1,1,0
313.09,0,0,0,0,9999.0,1.48,1,1,0,1,0,0
70.49,0,1,0,0,9999.0,2.55,1,0,0,0,0,0
1726.64,0,0,0,0,9999.0,2.24,1,1,0,0,0,0
2874.01,1,0,0,1,2.6,4.06,1,1,0,0,1,1
23.81,0,0,0,0,9999.0,1.92,1,1,0,0,0,0
2253.24,0,0,0,1,837.7687452492637,1.56,1,0,0,0,0,0
45301.44,1,1,0,1,22.5,4.35,0,1,0,2,1,1
1645.24,0,0,0,0,9999.0,1.81,1,0,0,0,0,0
1679.97,0,0,0,0,9999.0,2.64,1,0,0,0,0,0
10.87,0,0,0,0,9999.0,1.79,1,0,0,0,0,0
44064.15,0,0,0,0,9999.0,2.66,1,0,0,0,0,0
3000.0,1,0,0,1,18.8,3.41,0,1,0,1,1,1
2333.95,1,0,0,0,9999.0,2.44,1,0,0,1,0,0
13359.65,0,0,0,0,9999.0,2.1,1,1,0,0,0,0
110.76,0,0,0,0,9999.0,2.96,1,0,0,0,0,0
34.88,0,0,0,1,87.38896374290725,3.03,1,0,0,0,0,0
79.39,0,0,0,0,9999.0,2.69,1,0,0,1,0,0
12.16,0,0,0,0,9999.0,2.3,1,0,0,1,0,0
8000.0,0,0,0,1,26.3,3.2,1,1,0,1,1,1
1731.25,0,0,0,0,9999.0,2.9,1,0,0,0,0,0
29.36,0,0,0,0,9999.0,1.55,1,0,0,0,0,0
1042.42,0,0,0,0,9999.0,1.34,1,1,0,1,0,0
80.0,0,0,0,0,9999.0,2.36,1,0,0,0,0,0
1773.3,0,0,0,0,9999.0,1.46,1,0,0,0,0,0
80.38,0,0,0,0,9999.0,2.55,1,0,0,2,0,0
2274.5,0,0,0,0,9999.0,2.18,1,0,0,2,0,0
120.38,0,0,0,0,9999.0,2.89,1,0,0,0,0,0
727.97,0,0,0,0,9999.0,1.83,1,0,0,0,0,0
33.3,0,0,0,0,9999.0,2.72,1,0,0,0,1,0
2028.6,0,0,0,0,9999.0,2.08,1,0,0,0,0,0
77289.98,1,1,1,1,28.5,3.54,0,1,0,0,0,1
12.93,0,0,0,0,9999.0,2.71,1,0,0,1,0,0
36319.76,1,1,0,1,15.2,3.87,1,1,0,1,0,1
1753.76,1,0,0,0,9999.0,2.71,1,0,0,0,0,0
1112.6,0,0,0,1,934.9443004349788,2.55,1,0,0,0,0,0
1451.25,0,0,0,0,9999.0,2.45,1,1,0,1,1,0
46.78,0,0,0,0,9999.0,1.82,1,0,0,0,0,0
73.53,1,0,0,0,9999.0,1.55,1,1,0,1,0,0
27.91,0,0,0,0,9999.0,2.96,1,0,0,0,1,0
45.46,0,0,0,0,9999.0,1.7,1,0,0,0,0,0
2247.64,0,0,0,0,9999.0,2.42,1,1,0,0,0,0
531.66,0,0,0,1,1259.2158407915604,2.03,1,1,0,1,0,0
66.59,0,0,0,0,9999.0,2.49,1,0,0,1,1,0
39.79,0,0,0,0,9999.0,1.71,1,0,0,1,0,0
50.56,0,0,0,0,9999.0,1.41,1,1,0,0,0,0
149.31,0,0,0,0,9999.0,2.28,1,0,0,1,0,0
2721.71,0,0,0,0,9999.0,2.54,1,0,0,0,1,0
5419.43,1,0,0,0,2.0,3.62,1,0,0,2,0,1
274.19,0,0,0,0,9999.0,2.41,1,1,0,0,0,0
2211.4,0,0,0,0,9999.0,2.56,1,1,0,0,0,0
111.73,0,0,0,0,9999.0,2.44,1,0,0,0,0,0
2056.9,0,0,0,0,9999.0,1.58,1,0,0,0,1,0
1056.15,0,0,0,0,9999.0,2.51,1,0,0,0,0,0
1874.15,0,0,0,0,9999.0,2.19,1,1,0,0,1,0
52.49,0,0,0,0,9999.0,1.39,1,0,0,0,0,0
2342.77,0,0,0,0,9999.0,2.14,1,1,0,1,0,0
3000.0,0,0,0,1,5.0,4.59,1,1,0,2,1,1
1381.76,0,0,0,0,9999.0,1.75,1,0,0,0,1,0
4926.4,0,0,0,1,12.9,4.42,1,1,0,0,0,1
69.19,0,0,0,0,9999.0,1.46,1,0,0,0,1,0
2334.18,1,0,0,0,9999.0,1.77,1,0,0,0,0,0
13.51,0,0,0,0,9999.0,1.51,1,0,0,0,0,0
64.66,0,0,0,0,9999.0,2.19,1,0,0,1,0,0
5612.15,0,0,0,1,4.8,3.25,1,0,0,2,0,1
1500.0,0,0,0,1,8.1,4.2,0,1,0,1,1,1
56.33,0,0,0,0,9999.0,2.8,1,0,0,0,0,0
26580.03,0,0,0,1,21.8,3.54,1,1,0,2,0,1
49.03,0,0,0,0,9999.0,1.84,1,1,0,0,0,0
2507.64,0,0,0,0,9999.0,2.05,1,1,0,0,0,0
829.72,0,0,0,0,9999.0,1.8,1,0,0,1,0,0
1751.29,0,0,0,0,9999.0,1.53,1,1,0,0,1,0
1465.51,0,0,0,0,9999.0,1.56,1,1,0,0,0,0
381.07,0,0,0,0,9999.0,2.59,1,0,0,0,0,0
2077.23,0,0,0,0,9999.0,1.57,1,0,0,0,1,0
484.97,0,0,0,0,9999.0,2.5,1,0,0,0,0,0
130.36,0,0,0,0,9999.0,2.02,1,0,0,0,0,0
40850.91,1,0,0,1,21.6,4.1,1,0,0,1,1,1
1719.68,0,0,0,0,9999.0,1.7,1,1,0,0,1,0
1776.3,0,0,0,0,9999.0,2.55,1,1,0,1,0,0
72.36,0,0,0,0,9999.0,2.75,1,1,0,0,0,0
1553.91,0,0,0,0,9999.0,1.44,1,1,0,0,1,0
46.47,0,0,0,0,9999.0,2.29,1,0,0,0,0,0
96.5,0,0,0,0,9999.0,1.6,1,1,0,1,0,0
1168.7,0,0,0,0,9999.0,2.87,1,1,0,0,0,0
725.41,0,0,0,0,9999.0,1.91,1,1,0,0,0,0
1073.54,0,0,0,0,9999.0,2.38,1,0,0,0,0,0
22.25,0,0,0,1,708.4375732998549,2.99,1,0,0,0,0,0
1911.31,0,0,0,0,9999.0,1.3,1,0,0,0,0,0
147.34,0,0,0,0,9999.0,1.24,1,1,0,0,0,0
850.66,0,0,0,0,9999.0,2.4,1,0,0,1,1,0
85.21,1,0,0,0,9999.0,1.41,1,0,0,2,1,0
26.37,0,0,0,0,9999.0,2.84,1,1,0,0,0,0
14535.76,1,1,1,1,4.0,3.32,1,1,0,1,0,1
39.94,0,0,0,0,9999.0,2.56,1,0,0,1,0,0
1858.13,0,0,0,0,9999.0,2.62,1,1,0,0,0,0
1500.0,1,0,0,1,36.7,3.97,0,1,0,0,0,1
2967.97,0,0,0,0,9999.0,1.43,1,1,0,0,0,0
130.33,0,0,0,0,9999.0,1.82,1,1,0,1,0,0
96.93,0,1,0,0,9999.0,1.3,1,0,0,0,0,0
39.81,0,0,0,0,9999.0,1.88,1,0,0,0,0,0
18.03,0,0,0,0,9999.0,1.34,1,0,0,0,0,0
18.84,0,0,0,0,9999.0,1.43,1,0,0,0,1,0
36.1,0,0,0,0,9999.0,2.83,1,1,0,0,0,0
831.56,0,0,0,0,9999.0,2.92,1,0,0,0,1,0
2461.33,0,0,0,0,9999.0,1.81,1,0,0,0,1,0
33.6,0,0,0,0,9999.0,2.54,1,0,0,0,0,0
143.05,0,0,0,0,9999.0,3.03,1,1,0,0,1,0
1787.71,0,0,0,0,9999.0,3.07,1,1,0,0,0,0
1643.17,1,0,0,0,9999.0,2.8,1,1,0,1,0,0
633.94,0,0,0,0,9999.0,3.01,1,0,0,0,0,0
8000.0,0,0,0,1,2.3,4.3,0,1,0,2,1,1
59.54,1,0,0,0,9999.0,1.77,1,0,0,1,0,0
18655.1,0,0,0,0,9999.0,2.54,1,0,0,0,0,0
124.02,0,0,0,0,9999.0,2.63,1,0,0,0,0,0
25.99,0,0,0,0,9999.0,2.98,1,0,0,0,0,0
1930.42,0,0,0,0,9999.0,1.22,1,0,0,0,0,0
379.9,0,0,0,0,9999.0,2.01,1,0,0,0,0,0
1821.9,0,0,0,0,9999.0,2.21,1,0,0,0,0,0
2966.39,0,0,0,0,9999.0,2.31,1,0,0,0,0,0
1722.33,0,0,0,0,9999.0,2.74,1,0,0,0,0,0
3000.0,0,0,0,1,4.0,3.41,1,1,0,1,0,1
25221.14,0,0,0,1,20.6,2.92,1,1,0,1,0,1
1582.39,0,0,0,0,9999.0,2.71,1,0,0,0,0,0
41297.31,0,0,0,0,9999.0,2.55,1,0,0,0,0,0
136.46,0,0,0,0,9999.0,1.85,1,0,0,0,0,0
1824.02,0,0,0,0,9999.0,1.66,1,1,0,1,0,0
86.34,0,0,0,0,9999.0,2.21,1,0,0,0,0,0
38.55,0,0,0,1,1302.3450104399278,2.19,1,1,0,0,0,0
386.18,0,0,0,0,9999.0,1.7,1,0,0,0,0,0
142.68,0,0,0,0,9999.0,1.99,1,0,0,0,0,0
98.53,0,0,0,0,9999.0,3.03,1,0,0,0,0,0
1946.34,0,0,0,0,9999.0,1.43,1,0,0,0,0,0
648.96,0,0,0,0,9999.0,1.76,1,1,0,1,0,0
543.73,0,0,0,0,9999.0,2.85,1,0,0,0,0,0
132.46,0,0,0,0,9999.0,1.48,1,0,0,0,1,0
2161.48,0,0,0,0,9999.0,1.72,1,0,0,2,0,0
14.92,1,0,0,0,9999.0,2.07,1,0,0,2,0,0
62.12,0,0,0,0,9999.0,1.35,1,0,0,0,0,0
1505.46,0,0,0,0,9999.0,1.51,1,1,0,1,1,0
44604.85,1,1,0,1,3.2,4.21,0,1,0,2,0,1
2500.0,0,0,0,1,6.5,3.25,0,1,1,0,0,1
2202.42,1,0,0,0,9999.0,2.07,1,0,0,0,1,0
1899.75,0,0,0,0,9999.0,2.92,1,1,0,0,0,0
83.4,0,0,0,0,9999.0,1.67,1,0,0,0,0,0
10.84,0,0,0,0,9999.0,1.36,1,0,0,0,0,0
77973.79,1,1,0,1,22.9,3.45,1,1,0,1,0,1
1323.41,0,0,0,0,9999.0,1.36,1,1,0,0,0,0
36428.04,0,0,0,0,9999.0,1.79,1,0,0,0,0,0
18.88,0,0,0,0,9999.0,1.43,1,0,0,0,0,0
2513.91,0,0,0,0,9999.0,1.77,1,0,0,0,0,0
6315.3,1,0,0,1,11.6,4.3,1,1,0,1,1,1
2116.8,0,0,0,0,9999.0,1.98,1,0,0,0,1,0
122.8,0,0,0,0,9999.0,1.43,1,1,0,1,0,0
131.99,0,0,0,0,9999.0,2.49,1,0,0,0,0,0
46.02,0,0,0,0,9999.0,1.53,1,1,0,0,0,0
37.08,0,0,0,0,9999.0,2.12,1,0,0,1,0,0
50.21,0,0,0,1,651.0515707788971,1.28,1,0,0,1,0,0
101.35,0,0,0,1,1198.775553903088,2.28,1,0,0,1,0,0
60.44,0,0,0,0,9999.0,2.9,1,1,0,0,1,0
59.46,0,0,0,0,9999.0,1.96,1,0,0,0,0,0
1532.2,0,0,0,0,9999.0,2.57,1,0,0,1,0,0
130.53,0,0,0,0,9999.0,3.0,1,0,0,0,0,0
1019.1,0,0,0,0,9999.0,2.33,1,0,0,1,0,0
1919.02,0,0,0,0,9999.0,1.69,1,0,0,0,0,0
30560.93,0,0,0,0,9999.0,2.78,1,0,0,0,0,0
28539.52,0,0,0,0,9999.0,1.39,1,0,0,0,0,0
1508.0,0,0,0,0,9999.0,2.18,1,0,0,0,0,0
118.3,0,0,0,0,9999.0,1.6,1,1,0,0,0,0
2212.33,0,0,0,0,9999.0,2.87,1,0,0,0,0,0
1335.74,0,0,0,0,9999.0,1.77,1,0,0,0,0,0
37573.49,0,0,0,0,9999.0,2.5,1,1,0,0,0,0
1111.96,0,0,0,0,9999.0,2.35,1,0,0,1,0,0
1573.59,0,0,0,0,9999.0,2.98,1,0,0,1,0,0
73.8,0,0,0,0,9999.0,2.72,1,1,0,0,0,0
71.43,0,0,0,0,9999.0,2.36,1,1,0,1,0,0
145.74,0,0,0,0,9999.0,1.79,1,0,0,0,1,0
38.48,0,0,0,0,9999.0,1.74,1,0,0,0,0,0
111.47,0,0,0,0,9999.0,1.64,1,0,0,0,0,0
1503.81,0,0,0,0,9999.0,1.26,1,1,0,0,1,0
95.01,0,0,0,0,9999.0,2.46,1,0,0,0,0,0
86.26,0,0,0,0,9999.0,1.44,1,0,0,1,0,0
75.14,0,0,0,0,9999.0,2.17,1,1,0,0,0,0
766.0,0,0,0,0,9999.0,1.22,1,0,0,1,1,0
44.14,0,0,0,0,9999.0,1.88,1,0,0,0,0,0
2788.74,0,0,0,0,9999.0,2.53,1,0,0,0,0,0
55.44,0,0,0,0,9999.0,1.3,1,0,0,0,0,0
117.88,0,0,0,1,1247.0946539988167,1.4,1,0,0,0,0,0
62.74,0,0,0,0,9999.0,1.44,1,0,0,0,1,0
95.42,0,0,0,0,9999.0,2.44,1,1,0,0,1,0
126.29,0,0,0,0,9999.0,2.17,1,0,0,0,0,0
1298.67,0,0,0,0,9999.0,1.42,1,0,0,0,0,0
202.07,0,0,0,0,9999.0,2.67,1,0,0,1,0,0
138.99,0,0,0,0,9999.0,1.58,1,1,0,0,0,0
1399.8,0,0,0,0,9999.0,2.28,1,0,0,0,0,0
262.36,0,0,0,0,9999.0,2.64,1,1,0,0,0,0
1620.17,0,0,0,0,9999.0,2.44,1,1,0,0,0,0
95.96,0,0,0,0,9999.0,1.84,1,0,0,0,0,0
2032.05,0,0,0,0,9999.0,1.33,1,0,0,1,0,0
134.17,0,0,0,0,9999.0,2.23,1,1,0,0,1,0
99.27,0,0,0,0,9999.0,1.57,1,0,0,0,0,0
83.28,0,0,0,0,9999.0,1.39,1,1,0,0,0,0
113.53,0,0,0,1,940.157668888593,1.62,1,0,0,0,1,0
26720.62,0,0,0,0,9999.0,3.01,1,0,0,0,0,0
2127.09,0,0,0,0,9999.0,2.78,1,0,0,0,1,0
2480.31,0,0,0,0,9999.0,2.95,1,1,0,0,0,0
1469.58,0,0,0,0,9999.0,2.17,1,0,0,1,0,0
1799.06,0,0,0,0,9999.0,2.66,1,1,0,0,1,0
2148.54,0,0,0,0,9999.0,1.34,1,1,0,0,0,0
625.9,0,0,0,0,9999.0,2.18,1,0,0,0,0,0
1502.14,0,0,0,0,9999.0,2.41,1,0,0,0,0,0
21114.21,0,0,0,1,24.9,3.52,0,1,0,0,1,1
1912.84,1,0,0,0,9999.0,1.36,1,0,0,0,0,0
132.82,1,0,0,0,9999.0,1.53,1,0,0,0,0,0
12715.82,0,0,0,0,9999.0,2.7,1,0,0,0,0,0
267.23,1,0,0,0,9999.0,2.61,1,0,0,0,0,0
70.32,0,0,0,0,9999.0,1.24,1,1,0,0,0,0
95.94,0,0,0,0,9999.0,2.16,1,0,0,0,0,0
20.43,0,0,0,0,9999.0,1.24,1,0,0,0,1,0
1269.11,0,0,0,0,9999.0,2.68,1,0,0,0,0,0
13.73,0,0,0,0,9999.0,2.54,1,0,0,0,1,0
110.59,0,0,0,0,9999.0,2.22,1,1,0,0,0,0
770.67,0,0,0,1,78.05719220161413,2.0,1,0,0,2,0,0
107.29,1,0,0,0,9999.0,1.5,1,0,0,0,0,0
60.74,0,0,0,0,9999.0,2.41,1,0,0,0,0,0
2221.53,0,0,0,0,9999.0,2.27,1,0,0,0,0,0
14.96,0,0,0,1,122.9662472937854,2.56,1,0,0,0,0,0
19400.66,0,0,0,0,9999.0,3.02,1,1,0,1,0,0
131.39,0,0,0,0,9999.0,1.69,1,0,0,1,0,0
1886.12,0,0,0,0,9999.0,1.85,1,1,0,0,0,0
35669.78,1,1,0,1,9.2,2.8,1,1,0,2,0,1
32.76,0,0,0,0,9999.0,1.22,1,0,0,0,1,0
736.67,0,0,0,0,9999.0,2.57,1,0,0,0,0,0
85.3,0,0,0,0,9999.0,2.45,1,0,0,1,0,0
3299.69,0,0,0,1,13.2,2.94,0,1,0,0,0,1
18.36,0,0,0,0,9999.0,3.07,1,1,0,0,1,0
16.09,1,0,0,0,9999.0,2.28,1,0,0,0,0,0
2333.48,1,0,0,0,9999.0,1.26,1,0,0,1,0,0
1587.8,0,0,0,0,9999.0,2.1,1,1,0,0,1,0
1448.9,0,0,0,1,928.8066721856554,2.96,1,0,0,0,0,0
120.49,0,0,0,0,9999.0,1.23,1,0,0,0,0,0
406.48,0,0,0,0,9999.0,2.23,1,1,0,0,0,0
291.57,0,0,0,0,9999.0,3.1,1,0,0,0,1,0
25000.0,1,0,0,0,3.8,3.17,1,1,1,0,1,1
22.72,0,0,0,0,9999.0,2.84,1,0,0,0,0,0
110.96,0,0,0,1,1110.3778680286682,3.01,1,1,0,0,1,0
40040.17,0,0,0,0,9999.0,2.25,1,1,0,1,0,0
946.0,1,0,0,1,11.7,4.62,1,1,0,2,0,1
951.55,0,0,0,0,9999.0,2.85,1,0,0,0,0,0
15000.0,0,0,0,1,1.0,3.82,1,1,1,2,0,1
739.02,0,0,0,0,9999.0,2.99,1,0,0,0,0,0
1898.5,0,0,0,0,9999.0,1.38,1,0,0,1,0,0
2825.95,0,0,0,0,9999.0,1.39,1,0,0,1,1,0
519.97,1,0,0,0,9999.0,2.91,1,0,0,0,0,0
2239.42,0,0,0,0,9999.0,3.0,1,0,0,0,0,0
2622.25,0,0,0,0,9999.0,2.75,1,1,0,0,0,0
23.23,0,0,0,1,645.3314365058945,1.83,1,1,0,1,0,0
41908.26,1,0,1,1,20.7,2.97,0,1,0,2,0,1
1500.0,0,0,0,0,34.8,3.33,0,1,0,0,0,1
1316.63,0,0,0,0,9999.0,1.58,1,0,0,0,0,0
664.01,0,0,0,0,9999.0,2.22,1,0,0,2,0,0
49.43,0,0,0,0,9999.0,1.63,1,0,0,0,0,0
34783.72,0,0,0,0,9999.0,1.73,1,1,0,0,0,0
1824.19,0,0,0,0,9999.0,1.85,1,0,0,0,0,0
61.44,0,0,0,1,739.693617076117,2.97,1,0,0,2,0,0
99.35,0,0,0,0,9999.0,2.32,1,0,0,0,0,0
60.27,1,0,0,1,251.9076359549481,2.75,1,1,0,0,1,0
84.71,0,0,0,0,9999.0,2.06,1,0,0,0,0,0
1906.64,0,0,0,0,9999.0,1.39,1,1,0,2,0,0
1180.43,0,0,0,0,9999.0,2.74,1,0,0,0,0,0
34573.02,0,0,0,0,9999.0,1.57,1,0,0,0,0,0
29.65,0,0,0,0,9999.0,1.47,1,1,0,0,1,0
612.09,0,0,0,0,9999.0,1.5,1,1,0,0,0,0
65.31,0,0,0,0,9999.0,1.91,1,0,0,0,0,0
34.19,0,0,0,0,9999.0,3.05,1,0,0,1,0,0
90.44,0,0,0,0,9999.0,2.12,1,0,0,0,0,0
141.72,0,0,0,0,9999.0,2.56,1,0,0,0,0,0
2521.2,0,0,0,0,9999.0,1.75,1,0,0,0,0,0
76.0,1,0,0,0,9999.0,2.85,1,0,0,1,0,0
2654.36,0,0,0,0,9999.0,3.02,1,1,0,0,0,0
2456.73,0,0,0,0,9999.0,1.6,1,0,0,0,1,0
345.34,0,0,0,0,9999.0,2.92,1,0,0,0,0,0
56.57,0,0,0,0,9999.0,1.37,1,1,0,0,1,0
830.33,0,0,0,0,9999.0,1.56,1,0,0,0,0,0
111.8,0,0,0,0,9999.0,2.07,1,0,0,0,0,0
839.12,0,0,0,0,9999.0,3.03,1,0,0,0,0,0
370.4,0,0,0,0,9999.0,1.31,1,0,0,1,0,0
2168.14,0,0,0,0,9999.0,1.25,1,0,0,0,0,0
141.92,0,0,0,0,9999.0,2.15,1,0,0,0,1,0
33002.14,1,0,0,1,20.6,3.87,1,1,0,1,1,1
49.12,0,0,0,0,9999.0,1.49,1,0,0,0,0,0
25000.0,0,0,0,1,16.1,3.19,1,1,0,0,1,1
2258.22,0,0,0,0,9999.0,2.24,1,0,0,0,1,0
93.55,0,0,0,0,9999.0,2.84,1,0,0,0,0,0
2300.95,0,0,0,0,9999.0,2.23,1,0,0,0,1,0
121.48,0,0,0,0,9999.0,2.87,1,0,0,0,0,0
1482.66,0,0,0,0,9999.0,2.38,1,0,0,0,0,0
110.02,0,0,0,1,1090.3790025827825,3.08,1,1,0,0,0,0
59.51,0,0,0,0,9999.0,1.97,1,1,0,2,0,0
1223.8,0,0,0,1,890.7404744092815,1.26,1,0,0,0,0,0
2536.69,0,0,0,0,9999.0,1.46,1,0,0,1,1,0
1221.62,0,0,0,0,9999.0,1.87,1,0,0,0,0,0
25000.0,1,0,0,1,5.2,4.78,1,1,1,2,0,1
1142.65,0,0,0,0,9999.0,2.31,1,0,0,0,1,0
1263.12,0,0,0,0,9999.0,1.3,1,1,0,1,0,0
2873.1,0,0,0,1,437.8387121632693,2.81,1,0,0,0,0,0
21.98,0,0,0,0,9999.0,2.65,1,0,0,0,1,0
808.97,0,0,0,1,1212.337690526284,1.96,1,0,0,1,0,0
1337.52,0,0,0,1,1332.0583495055248,1.26,1,0,0,0,0,0
75.87,0,0,0,0,9999.0,2.72,1,1,0,0,1,0
1843.14,0,0,0,0,9999.0,2.01,1,1,0,0,0,0
426.05,0,0,0,0,9999.0,1.43,1,0,0,1,0,0
1818.39,0,0,0,0,9999.0,2.25,1,0,0,1,0,0
25000.0,1,0,0,1,1.3,4.25,0,1,1,0,0,1
25000.0,0,0,0,1,33.8,4.43,0,1,0,1,0,1
55.55,0,0,0,0,9999.0,1.23,1,1,0,0,0,0
1678.88,0,0,0,0,9999.0,1.85,1,0,0,0,1,0
108.23,0,0,0,0,9999.0,1.72,1,0,0,2,0,0
5775.55,1,1,0,1,13.9,3.86,0,1,0,1,1,1
306.99,1,0,0,0,9999.0,1.22,1,0,0,0,0,0
9336.43,1,1,0,1,13.9,3.52,1,1,0,0,0,1
35853.44,0,1,1,0,24.1,2.83,0,1,0,1,0,1
839.6,0,0,0,0,9999.0,2.12,1,1,0,0,0,0
764.31,0,0,0,0,9999.0,1.85,1,0,0,0,0,0
2095.8,0,0,0,0,9999.0,2.79,1,1,0,1,1,0
757.94,0,0,0,0,9999.0,1.73,1,0,0,2,0,0
1551.48,0,0,0,0,9999.0,2.05,1,1,0,0,0,0
862.54,0,0,0,0,9999.0,2.46,1,1,0,1,0,0
49.93,0,0,0,0,9999.0,1.27,1,0,0,0,1,0
352.12,0,0,0,0,9999.0,2.19,1,0,0,2,0,0
114.88,0,0,0,0,9999.0,3.0,1,0,0,0,0,0
2399.06,0,0,0,0,9999.0,1.58,1,0,0,1,0,0
138.15,1,0,0,0,9999.0,1.22,1,0,0,0,0,0
1220.39,0,0,0,0,9999.0,2.32,1,0,0,1,0,0
108.0,0,1,0,0,9999.0,2.04,1,0,0,0,0,0
36893.6,0,0,0,0,9999.0,1.86,1,1,0,0,1,0
35.18,0,0,0,0,9999.0,2.86,1,0,0,0,0,0
103.59,0,0,0,0,9999.0,1.77,1,0,0,1,1,0
36605.71,1,0,0,1,11.7,3.79,1,1,0,2,0,1
118.23,0,0,0,0,9999.0,3.0,1,1,0,0,0,0
98.36,0,0,0,0,9999.0,2.78,1,0,0,0,0,0
121.89,0,1,0,0,9999.0,2.51,1,0,0,0,0,0
101.76,0,0,0,0,9999.0,2.57,1,1,0,0,0,0
103.78,0,0,0,0,9999.0,1.65,1,0,0,0,0,0
130.31,0,0,0,0,9999.0,2.93,1,0,0,2,0,0
100.78,0,0,0,0,9999.0,1.81,1,0,0,1,0,0
907.04,0,0,0,0,9999.0,1.24,1,1,0,1,0,0
601.88,0,0,0,1,959.9215465111672,2.96,1,1,0,2,0,0
106.84,0,0,0,0,9999.0,2.95,1,0,0,0,0,0
1121.9,0,0,0,0,9999.0,2.17,1,0,0,0,0,0
2826.12,0,0,0,0,9999.0,3.06,1,1,0,0,0,0
28634.4,0,1,1,1,8.9,4.26,1,1,0,0,1,1
1749.54,0,0,0,0,9999.0,1.48,1,0,0,0,0,0
132.2,0,0,0,0,9999.0,2.47,1,1,0,1,0,0
17.45,0,0,0,0,9999.0,1.77,1,0,0,0,0,0
101.01,0,0,0,0,9999.0,2.77,1,0,0,0,0,0
40018.48,0,0,0,0,9999.0,2.34,1,1,0,0,1,0
128.71,0,0,0,0,9999.0,1.98,1,0,0,0,0,0
20126.83,1,0,0,1,16.8,3.94,1,1,0,0,1,1
114.4,0,0,0,0,9999.0,2.26,1,0,0,0,1,0
1500.84,0,0,0,0,9999.0,1.54,1,1,0,0,0,0
125.76,0,0,0,0,9999.0,2.59,1,1,0,1,0,0
76.41,0,0,0,0,9999.0,1.36,1,0,0,0,0,0
2316.63,0,0,0,0,9999.0,2.32,1,0,0,0,0,0
148.54,0,0,0,0,9999.0,1.87,1,0,0,0,0,0
790.7,0,0,0,0,9999.0,2.39,1,0,0,1,0,0
622.48,0,0,0,0,9999.0,2.03,1,0,0,0,0,0
14.8,0,0,0,0,9999.0,2.79,1,0,0,0,0,0
79245.41,1,1,1,1,27.3,3.89,1,1,0,2,1,1
9299.3,0,1,1,1,11.9,2.94,1,1,0,0,0,1
366.74,0,0,0,0,9999.0,2.12,1,0,0,0,0,0
1339.88,0,0,0,0,9999.0,2.8,1,1,0,0,0,0
2142.41,0,0,0,1,1022.1193239000862,2.94,1,1,0,0,0,0
979.83,0,0,0,0,9999.0,1.36,1,0,0,0,0,0
11215.66,0,0,0,1,75.63051462962281,2.26,1,0,0,0,0,0
847.77,0,0,0,0,9999.0,2.34,1,1,0,0,0,0
76.39,0,0,0,0,9999.0,1.29,1,0,0,0,0,0
212.78,1,0,0,0,9999.0,3.08,1,0,0,0,0,0
75.93,0,0,0,0,9999.0,1.88,1,0,0,2,0,0
632.29,0,0,0,0,9999.0,2.64,1,0,0,0,0,0
147.81,0,0,0,0,9999.0,2.21,1,0,0,0,1,0
76.7,0,0,0,0,9999.0,2.21,1,1,0,0,0,0
70.57,0,0,0,0,9999.0,1.69,1,0,0,0,0,0
25000.0,0,0,0,1,39.9,4.28,0,1,0,2,0,1
46.45,0,0,0,0,9999.0,1.6,1,0,0,0,0,0
129.16,0,0,0,0,9999.0,1.8,1,1,0,0,0,0
747.74,0,0,0,0,9999.0,3.02,1,1,0,1,0,0
5003.99,1,1,0,1,20.7,4.02,0,1,0,1,0,1
29396.63,0,0,0,0,9999.0,2.53,1,0,0,0,0,0
2737.56,0,0,0,0,9999.0,1.25,1,0,0,1,1,0
114.81,0,0,0,0,9999.0,2.33,1,0,0,0,0,0
1982.55,0,0,0,0,9999.0,2.3,1,0,0,0,0,0
108.14,1,0,0,0,9999.0,2.07,1,0,0,0,0,0
1453.91,0,0,0,0,9999.0,2.91,1,1,0,0,0,0
11.97,0,0,0,0,9999.0,2.7,1,0,0,0,0,0
29.22,0,0,0,1,1254.273434177314,2.39,1,0,0,0,0,0
1613.38,0,0,0,0,9999.0,1.81,1,0,0,2,1,0
3000.0,0,0,0,1,42.0,3.71,1,1,0,2,1,1
790.83,0,0,0,0,9999.0,1.86,1,0,0,0,1,0
107.81,0,0,0,0,9999.0,2.66,1,0,0,1,0,0
2136.58,0,0,0,0,9999.0,1.43,1,1,0,1,0,0
83.84,0,0,0,0,9999.0,1.64,1,1,0,1,0,0
598.63,0,0,0,0,9999.0,2.28,1,0,0,1,1,0
2165.94,0,0,0,0,9999.0,2.24,1,0,0,0,1,0
1561.01,0,0,0,0,9999.0,1.92,1,0,0,0,0,0
459.64,0,0,0,0,9999.0,1.78,1,1,0,0,0,0
25.39,1,0,0,0,9999.0,1.64,1,0,0,0,0,0
2644.44,1,0,0,0,9999.0,1.74,1,0,0,1,0,0
1850.57,0,0,0,0,9999.0,2.77,1,0,0,0,0,0
139.95,0,0,0,0,9999.0,2.17,1,0,0,1,1,0
2385.62,0,0,0,0,9999.0,2.65,1,1,0,1,1,0
2857.79,0,0,0,0,9999.0,1.64,1,0,0,0,0,0
1333.5,0,0,0,0,9999.0,2.14,1,0,0,0,0,0
1809.03,0,0,0,0,9999.0,2.46,1,1,0,0,0,0
143.89,0,0,0,0,9999.0,2.34,1,0,0,0,1,0
2637.14,0,0,0,0,9999.0,2.49,1,1,0,0,1,0
1176.85,1,0,0,1,3.5,4.64,0,1,0,0,1,1
1345.35,0,0,0,0,9999.0,1.3,1,1,0,0,0,0
118.9,0,0,0,0,9999.0,2.65,1,1,0,0,0,0
1490.13,0,0,0,0,9999.0,1.37,1,0,0,1,1,0
1869.8,0,0,0,0,9999.0,2.89,1,0,0,0,0,0
843.59,0,0,0,0,9999.0,2.25,1,1,0,1,0,0
1052.98,0,0,0,0,9999.0,1.96,1,0,0,0,1,0
143.82,0,0,0,0,9999.0,1.33,1,0,0,0,0,0
19008.58,1,1,1,1,24.4,3.97,1,1,0,1,0,1
117.63,0,0,0,0,9999.0,1.68,1,1,0,0,0,0
20.23,0,0,0,0,9999.0,1.52,1,1,0,0,0,0
15000.0,0,0,0,1,5.0,3.7,1,1,1,2,0,1
829.24,0,0,0,0,9999.0,2.21,1,0,0,1,0,0
1852.91,0,0,0,0,9999.0,2.92,1,0,0,0,0,0
474.75,0,0,0,0,9999.0,2.85,1,1,0,1,0,0
132.49,0,0,0,0,9999.0,1.99,1,0,0,0,1,0
943.22,0,0,0,0,9999.0,2.24,1,0,0,0,1,0
34.8,0,0,0,0,9999.0,2.75,1,0,0,1,1,0
2144.32,1,0,0,0,9999.0,2.32,1,0,0,0,1,0
1927.12,0,0,0,0,9999.0,1.28,1,0,0,0,0,0
10.24,0,0,0,0,9999.0,2.9,1,1,0,1,0,0
2996.89,0,0,0,0,9999.0,2.7,1,0,0,1,1,0
837.68,0,0,0,0,9999.0,2.79,1,0,0,2,0,0
2463.02,1,0,0,0,9999.0,3.07,1,0,0,1,1,0
111.99,0,0,0,0,9999.0,2.07,1,0,0,0,0,0
132.04,0,0,0,0,9999.0,1.97,1,0,0,0,0,0
30.19,0,0,0,1,140.34427928227103,2.57,1,0,0,1,0,0
148.42,0,0,0,0,9999.0,2.73,1,0,0,0,0,0
34.69,0,0,0,0,9999.0,1.26,1,0,0,0,0,0
32664.14,0,0,0,0,9999.0,2.49,1,0,0,1,0,0
1996.63,0,0,0,0,9999.0,2.32,1,0,0,0,0,0
742.71,0,0,0,0,9999.0,1.83,1,0,0,2,1,0
67.7,0,0,0,0,9999.0,2.86,1,0,0,0,0,0
59.81,0,0,0,0,9999.0,1.65,1,1,0,0,0,0
48.73,0,0,0,0,9999.0,1.91,1,0,0,0,0,0
50.12,0,0,0,1,915.9947138698312,2.56,1,1,0,2,0,0
2787.05,0,0,0,0,9999.0,1.92,1,1,0,0,0,0
2266.19,0,0,0,0,9999.0,2.69,1,1,0,0,0,0
2561.52,1,0,0,0,9999.0,2.94,1,0,0,0,1,0
1391.28,0,0,0,0,9999.0,1.92,1,0,0,0,0,0
2850.52,0,0,0,0,9999.0,2.95,1,0,0,0,0,0
2457.8,0,0,0,0,9999.0,2.63,1,1,0,0,0,0
78.44,0,0,0,0,9999.0,2.69,1,0,0,0,0,0
47.94,0,0,0,0,9999.0,1.73,1,0,0,1,0,0
25000.0,1,0,0,1,31.3,2.83,0,0,0,1,1,1
87.29,0,0,0,0,9999.0,1.42,1,1,0,0,1,0
2314.8,0,0,0,0,9999.0,1.56,1,1,0,0,1,0
36920.51,0,0,0,0,9999.0,2.22,1,1,0,2,1,0
25000.0,0,0,0,1,19.5,3.65,1,1,0,0,1,1
2630.93,1,0,0,0,9999.0,1.24,1,0,0,0,1,0
442.92,0,0,0,0,9999.0,3.03,1,0,0,0,0,0
78.71,0,0,0,0,9999.0,1.99,1,0,0,0,0,0
102.3,0,0,0,0,9999.0,1.3,1,1,0,0,0,0
84.91,0,0,0,0,9999.0,1.49,1,1,0,0,1,0
18.31,0,0,0,0,9999.0,2.66,1,0,0,0,0,0
119.04,0,0,0,0,9999.0,2.11,1,0,0,0,1,0
5539.44,0,0,0,1,8.0,2.99,0,1,0,0,0,1
40587.86,1,0,0,1,18.8,4.49,1,1,0,0,0,1
121.79,0,0,0,0,9999.0,2.92,1,0,0,0,0,0
68.26,0,0,0,0,9999.0,2.55,1,0,0,0,0,0
408.23,0,0,0,0,9999.0,2.85,1,0,0,2,0,0
22787.1,0,0,0,0,9999.0,2.76,1,0,0,0,0,0
66.63,0,0,0,0,9999.0,2.77,1,0,0,0,0,0
78.79,0,0,0,0,9999.0,2.8,1,1,0,1,0,0
1010.15,1,0,0,0,9999.0,1.59,1,0,0,0,0,0
80.02,0,0,0,0,9999.0,1.85,1,0,0,1,0,0
368.49,0,0,0,0,9999.0,2.88,1,0,0,0,0,0
86.71,0,0,0,0,9999.0,2.69,1,0,0,0,1,0
2151.31,0,0,0,0,9999.0,2.29,1,0,0,0,0,0
63.03,0,0,0,0,9999.0,1.22,1,0,0,0,0,0
848.61,0,0,0,0,9999.0,1.81,1,0,0,2,0,0
1731.71,0,0,0,0,9999.0,3.09,1,0,0,0,0,0
2510.93,0,0,0,0,9999.0,2.22,1,0,0,0,1,0
69.98,0,0,0,0,9999.0,1.39,1,0,0,0,0,0
2509.63,0,0,0,0,9999.0,1.88,1,0,0,2,1,0
925.73,0,0,0,0,9999.0,2.12,1,0,0,0,0,0
98.25,1,0,0,0,9999.0,2.01,1,1,0,0,0,0
86.94,0,0,0,0,9999.0,2.36,1,0,0,0,0,0
2834.74,0,0,0,0,9999.0,2.51,1,0,0,0,0,0
1572.31,0,0,0,0,9999.0,2.68,1,0,0,1,0,0
2192.28,0,0,0,0,9999.0,2.69,1,1,0,0,0,0
559.86,0,0,0,0,9999.0,2.75,1,0,0,0,1,0
2193.28,1,0,0,0,9999.0,2.87,1,0,0,1,0,0
13.16,0,0,0,0,9999.0,2.52,1,0,0,0,0,0
11.56,0,0,0,0,9999.0,1.81,1,1,0,0,0,0
47.73,0,0,0,0,9999.0,1.49,1,0,0,0,0,0
1947.21,0,0,0,0,9999.0,1.61,1,0,0,0,0,0
1975.02,0,0,0,0,9999.0,1.34,1,1,0,0,1,0
35.74,0,0,0,0,9999.0,1.28,1,1,0,0,0,0
2355.64,1,0,0,0,9999.0,2.77,1,0,0,0,0,0
1240.27,0,0,0,0,9999.0,2.28,1,1,0,2,0,0
30.82,0,0,0,0,9999.0,1.52,1,0,0,0,0,0
68.63,0,0,0,0,9999.0,1.72,1,0,0,0,0,0
96.17,0,0,0,0,9999.0,2.42,1,0,0,0,0,0
2652.14,0,0,0,0,9999.0,2.17,1,0,0,1,0,0
108.4,0,0,0,0,9999.0,1.94,1,0,0,0,0,0
84.42,0,0,0,0,9999.0,2.63,1,1,0,0,0,0
92.3,0,0,0,0,9999.0,2.57,1,0,0,0,0,0
678.73,0,0,0,0,9999.0,2.17,1,0,0,0,0,0
41.52,0,0,0,0,9999.0,2.53,1,1,0,0,0,0
9999.0,0,0,0,1,5.2,4.46,1,1,1,1,1,1
2164.26,0,0,0,0,9999.0,2.85,1,1,0,0,0,0
1238.58,0,0,0,0,9999.0,1.27,1,0,0,1,0,0
114.7,0,0,0,0,9999.0,1.74,1,0,0,1,0,0
42010.5,0,1,0,1,23.6,4.51,0,1,0,2,1,1
116.45,0,0,0,0,9999.0,1.42,1,1,0,0,0,0
26.67,0,0,0,0,9999.0,2.24,1,1,0,1,0,0
119.54,0,0,0,0,9999.0,2.95,1,1,0,1,0,0
700.06,0,0,0,0,9999.0,2.9,1,0,0,0,0,0
81.1,0,0,0,0,9999.0,2.49,1,1,0,1,0,0
57.07,0,0,0,0,9999.0,3.1,1,0,0,0,0,0
1701.13,0,0,0,0,9999.0,1.67,1,0,0,1,1,0
2124.5,0,0,0,1,1206.53974338058,2.63,1,0,0,0,0,0
39.95,0,0,0,0,9999.0,2.7,1,0,0,0,1,0
25000.0,1,0,0,1,6.4,4.5,0,1,1,1,1,1
298.57,0,0,0,0,9999.0,2.84,1,0,0,0,0,0
1235.59,0,0,0,0,9999.0,1.74,1,0,0,0,0,0
129.32,0,0,0,0,9999.0,1.67,1,0,0,0,0,0
838.99,0,0,0,0,9999.0,2.91,1,0,0,0,0,0
1157.4,1,0,0,0,9999.0,2.77,1,1,0,0,0,0
2449.86,0,0,0,0,9999.0,2.99,1,0,0,0,0,0
844.15,0,0,0,0,9999.0,2.61,1,1,0,0,0,0
16660.09,0,0,0,1,595.9247021389328,1.3,1,0,0,0,0,0
1696.16,0,0,0,0,9999.0,2.93,1,1,0,1,0,0
25000.0,1,0,0,1,3.6,3.42,0,1,0,1,1,1
1394.24,0,0,0,0,9999.0,1.84,1,0,0,0,0,0
131.79,0,0,0,0,9999.0,2.42,1,0,0,1,0,0
11015.77,0,0,0,0,9999.0,1.91,1,0,0,1,0,0
38908.56,0,0,0,0,9999.0,2.53,1,0,0,0,0,0
119.63,0,0,0,0,9999.0,1.26,1,0,0,0,0,0
1237.92,0,0,0,0,9999.0,1.35,1,1,0,0,0,0
1360.51,0,0,0,0,9999.0,2.65,1,0,0,1,0,0
2401.76,0,0,0,0,9999.0,2.08,1,0,0,0,0,0
66.29,0,0,0,0,9999.0,2.03,1,0,0,1,1,0
2504.93,0,0,0,0,9999.0,1.8,1,0,0,1,1,0
41.55,0,0,0,0,9999.0,2.79,1,0,0,0,1,0
1238.43,0,0,0,0,9999.0,2.32,1,1,0,0,1,0
133.18,0,0,0,0,9999.0,2.62,1,0,0,0,0,0
1906.86,0,0,0,0,9999.0,3.08,1,0,0,0,0,0
1482.51,0,0,0,0,9999.0,1.81,1,1,0,0,0,0
482.59,0,0,0,0,9999.0,2.32,1,1,0,0,0,0
2019.07,0,0,0,0,9999.0,2.01,1,0,0,0,1,0
2503.35,0,0,0,0,9999.0,1.84,1,1,0,0,0,0
13.41,0,0,0,0,9999.0,1.34,1,0,0,0,0,0
25000.0,0,0,0,1,4.9,3.25,0,1,0,0,1,1
11.35,0,0,0,0,9999.0,1.75,1,0,0,0,0,0
34.93,0,0,0,0,9999.0,2.98,1,0,0,1,0,0
32.48,0,0,0,0,9999.0,2.77,1,0,0,1,1,0
62.51,0,0,0,0,9999.0,2.04,1,0,0,1,1,0
785.37,0,0,0,0,9999.0,1.46,1,0,0,2,0,0
147.88,0,0,0,0,9999.0,2.75,1,0,0,0,1,0
30462.59,0,0,0,0,9999.0,2.28,1,0,0,0,0,0
24.69,0,0,0,0,9999.0,2.6,1,0,0,0,0,0
2541.37,0,0,0,0,9999.0,2.87,1,1,0,0,0,0
2063.41,0,0,0,1,432.5255979325817,2.19,1,0,0,0,0,0
31752.62,0,0,0,0,9999.0,1.55,1,0,0,1,0,0
2214.19,0,0,0,0,9999.0,1.92,1,0,0,0,0,0
43.52,0,0,0,0,9999.0,1.93,1,1,0,1,1,0
945.79,0,0,0,0,9999.0,2.96,1,0,0,0,0,0
63.48,0,0,0,0,9999.0,2.02,1,0,0,0,0,0
77430.35,1,0,0,0,34.2,4.66,1,1,0,2,0,1
117.85,0,0,0,1,601.5237588475285,2.15,1,0,0,0,0,0
57.68,0,0,0,0,9999.0,2.78,1,0,0,0,0,0
2307.42,0,0,0,0,9999.0,2.46,1,0,0,0,1,0
2800.05,0,0,0,0,9999.0,1.85,1,1,0,0,0,0
974.04,0,0,0,0,9999.0,2.04,1,1,0,0,0,0
108.87,0,0,0,0,9999.0,2.14,1,0,0,0,0,0
258.84,0,0,0,0,9999.0,1.21,1,1,0,2,0,0
1613.43,0,0,0,0,9999.0,2.88,1,0,0,1,0,0
74.89,0,0,0,0,9999.0,1.36,1,0,0,0,0,0
1552.48,0,0,0,0,9999.0,1.93,1,0,0,1,0,0
129.75,0,0,0,0,9999.0,2.42,1,0,0,2,0,0
2319.74,0,0,0,0,9999.0,1.31,1,1,0,0,0,0
72.9,0,0,0,0,9999.0,1.41,1,0,0,0,0,0
115.46,1,0,0,0,9999.0,2.4,1,0,0,1,1,0
558.34,0,0,0,0,9999.0,3.0,1,0,0,1,0,0
113.76,0,0,0,0,9999.0,1.68,1,0,0,0,0,0
1624.3,0,0,0,0,9999.0,1.67,1,0,0,0,0,0
15.83,0,0,0,0,9999.0,1.55,1,0,0,0,1,0
34.26,0,0,0,0,9999.0,1.88,1,0,0,0,0,0
115.29,0,0,0,0,9999.0,1.28,1,1,0,0,0,0
2328.39,0,0,0,0,9999.0,2.16,1,0,0,1,1,0
759.87,0,0,0,0,9999.0,1.22,1,0,0,0,0,0
1716.23,0,0,0,0,9999.0,2.49,1,1,0,0,0,0
2216.03,0,0,0,0,9999.0,2.62,1,1,0,0,0,0
76167.32,1,1,0,1,8.0,4.72,1,0,0,2,0,1
89.98,0,0,0,0,9999.0,2.37,1,1,0,0,0,0
37.94,0,0,0,0,9999.0,1.9,1,1,0,0,0,0
1671.95,0,0,0,0,9999.0,2.8,1,1,0,0,0,0
1056.47,0,0,0,0,9999.0,1.73,1,0,0,0,0,0
2306.46,0,0,0,0,9999.0,1.38,1,0,0,0,0,0
51.14,0,0,0,0,9999.0,2.04,1,0,0,1,0,0
114.08,0,0,0,0,9999.0,1.59,1,1,0,0,0,0
2291.05,0,0,0,0,9999.0,1.88,1,0,0,1,1,0
126.69,0,0,0,0,9999.0,2.08,1,0,0,0,0,0
122.96,0,0,0,0,9999.0,1.26,1,0,0,0,1,0
134.93,0,0,0,0,9999.0,1.64,1,0,0,0,1,0
18528.58,0,0,0,0,9999.0,2.35,1,1,0,0,1,0
125.42,0,0,0,0,9999.0,1.39,1,0,0,0,0,0
1759.17,0,0,0,0,9999.0,2.1,1,0,0,0,0,0
25000.0,0,0,0,1,39.3,2.82,1,0,0,2,1,1
2891.05,0,0,0,0,9999.0,2.08,1,0,0,0,0,0
1590.45,0,0,0,0,9999.0,2.57,1,0,0,1,0,0
65.01,0,0,0,0,9999.0,1.33,1,0,0,0,0,0
137.14,0,0,0,0,9999.0,1.79,1,0,0,2,0,0
72.34,0,0,0,0,9999.0,2.73,1,0,0,1,1,0
118.13,0,0,0,0,9999.0,1.81,1,0,0,1,0,0
2613.3,0,0,0,0,9999.0,1.85,1,0,0,0,0,0
52.85,1,1,0,0,9999.0,1.45,1,0,0,0,0,0
92.04,0,0,0,0,9999.0,3.02,1,0,0,0,0,0
121.26,0,0,0,0,9999.0,2.46,1,1,0,0,0,0
357.28,0,0,0,0,9999.0,2.64,1,1,0,0,0,0
494.31,0,0,0,0,9999.0,3.07,1,0,0,0,1,0
127.1,0,0,0,0,9999.0,1.73,1,0,0,0,0,0
99.15,0,0,0,0,9999.0,1.45,1,1,0,0,0,0
1382.01,0,0,0,0,9999.0,2.11,1,1,0,0,0,0
15000.0,1,0,0,1,2.2,4.17,0,1,1,0,0,1
25000.0,0,0,0,1,43.8,4.15,1,0,0,2,0,1
1130.94,0,0,0,0,9999.0,2.87,1,0,0,1,1,0
525.29,0,0,0,0,9999.0,1.82,1,0,0,0,0,0
75.7,0,0,0,0,9999.0,1.71,1,0,0,0,1,0
2817.25,0,0,0,0,9999.0,1.55,1,1,0,0,0,0
120.95,0,0,0,1,1309.5891199662726,1.68,1,0,0,0,0,0
1180.08,0,0,0,0,9999.0,2.84,1,0,0,0,1,0
18925.73,0,0,0,0,9999.0,2.66,1,1,0,0,1,0
104.92,0,0,0,0,9999.0,1.53,1,0,0,0,0,0
137.9,0,0,0,0,9999.0,2.38,1,1,0,0,0,0
25.8,0,0,0,0,9999.0,1.65,1,0,0,0,0,0
1642.08,0,0,0,0,9999.0,2.07,1,0,0,0,0,0
13.25,0,0,0,0,9999.0,1.57,1,0,0,0,0,0
94.39,0,0,0,0,9999.0,1.79,1,0,0,1,0,0
2153.82,0,0,0,0,9999.0,2.23,1,1,0,0,0,0
258.04,0,0,0,0,9999.0,2.67,1,1,0,0,1,0
1563.04,0,0,0,0,9999.0,2.68,1,0,0,0,0,0
1669.3,0,0,0,0,9999.0,1.59,1,0,0,0,0,0
2067.66,0,0,0,1,106.04692194631876,1.44,1,1,0,0,0,0
1322.53,0,0,0,0,9999.0,2.7,1,1,0,0,0,0
2575.93,0,0,0,0,9999.0,2.71,1,0,0,0,1,0
3000.0,0,0,0,1,34.8,3.14,1,1,0,0,0,1
37.61,0,0,0,1,279.84519671671825,2.23,1,0,0,1,0,0
70.31,1,0,0,0,9999.0,3.1,1,1,0,0,0,0
53.84,0,0,0,0,9999.0,2.52,1,1,0,0,0,0
2722.35,0,0,0,0,9999.0,2.47,1,1,0,1,0,0
27034.77,0,0,0,0,9999.0,1.9,1,1,0,1,1,0
23.67,0,0,0,0,9999.0,1.52,1,1,0,0,0,0
2698.14,0,0,0,0,9999.0,1.91,1,0,0,1,0,0
37.13,0,0,0,0,9999.0,2.18,1,1,0,1,1,0
1903.79,0,0,0,0,9999.0,1.95,1,1,0,0,0,0
1097.13,0,0,0,0,9999.0,1.43,1,0,0,2,0,0
3936.32,0,0,0,1,0.7,3.48,1,1,0,2,0,1
1590.96,0,0,0,0,9999.0,1.69,1,0,0,0,0,0
1859.13,0,0,0,0,9999.0,2.35,1,1,0,1,0,0
1007.97,0,0,0,0,9999.0,2.47,1,0,0,0,1,0
39.09,0,0,0,0,9999.0,2.07,1,0,0,0,0,0
5000.0,1,0,0,1,7.2,4.19,0,1,1,2,0,1
2589.87,0,0,0,0,9999.0,3.09,1,0,0,0,0,0
1955.91,0,0,0,0,9999.0,2.47,1,0,0,1,0,0
114.41,0,0,0,0,9999.0,3.0,1,0,0,0,0,0
48.87,0,0,0,0,9999.0,1.61,1,0,0,0,0,0
9999.0,1,0,0,0,3.8,3.95,0,1,1,0,0,1
349.67,0,0,0,0,9999.0,2.37,1,0,0,0,1,0
64.32,0,0,0,0,9999.0,2.46,1,0,0,0,0,0
1668.85,0,0,0,0,9999.0,1.7,1,1,0,0,0,0
62.82,0,0,0,0,9999.0,1.25,1,1,0,2,0,0
36898.17,0,0,0,0,9999.0,1.8,1,0,0,1,0,0
893.61,1,0,0,0,9999.0,2.22,1,0,0,0,0,0
2446.58,0,0,0,0,9999.0,2.86,1,0,0,0,0,0
42.31,0,0,0,0,9999.0,2.4,1,1,0,0,0,0
38.81,0,0,0,0,9999.0,2.11,1,0,0,0,0,0
2500.0,1,0,0,0,4.8,3.62,0,1,1,1,0,1
2797.61,0,0,0,0,9999.0,1.63,1,0,0,0,0,0
2123.29,0,0,0,0,9999.0,1.71,1,0,0,0,1,0
1929.71,0,0,0,0,9999.0,2.02,1,0,0,0,0,0
1104.5,0,0,0,0,9999.0,2.76,1,0,0,1,0,0
2306.8,0,0,0,0,9999.0,1.35,1,0,0,0,1,0
134.58,0,0,0,0,9999.0,2.38,1,0,0,0,1,0
27.58,0,0,0,0,9999.0,1.67,1,1,0,2,0,0
884.54,0,0,0,0,9999.0,1.83,1,0,0,0,0,0
82.42,1,0,0,0,9999.0,2.09,1,1,0,0,0,0
569.03,0,0,0,0,9999.0,1.37,1,0,0,2,1,0
1244.08,0,0,0,0,9999.0,1.94,1,0,0,1,0,0
1275.24,0,0,0,0,9999.0,2.97,1,0,0,0,1,0
79.41,0,0,0,0,9999.0,2.77,1,0,0,0,0,0
25000.0,1,0,0,1,39.0,3.7,0,0,0,0,0,1
39382.86,1,1,0,1,29.3,4.25,0,1,0,1,0,1
95.75,0,0,0,0,9999.0,1.43,1,0,0,0,0,0
2487.31,0,0,0,0,9999.0,1.8,1,0,0,0,1,0
321.31,1,0,0,0,9999.0,2.79,1,0,0,0,0,0
563.83,0,0,0,0,9999.0,2.44,1,0,0,0,0,0
112.32,0,0,0,0,9999.0,1.44,1,0,0,0,0,0
3000.0,0,0,0,1,35.8,2.95,1,1,0,1,1,1
3000.0,1,0,0,1,32.9,3.32,0,1,0,1,1,1
2191.14,0,0,0,0,9999.0,2.49,1,0,0,0,1,0
1382.99,0,0,0,0,9999.0,2.38,1,0,0,0,0,0
15.44,0,0,0,0,9999.0,2.28,1,0,0,1,0,0
25000.0,1,0,0,1,1.5,3.77,1,1,1,1,0,1
1638.78,0,0,0,1,268.00732893083097,2.09,1,0,0,0,0,0
85.32,0,0,0,0,9999.0,2.36,1,0,0,0,0,0
1859.98,0,0,0,1,810.426732029683,2.1,1,0,0,0,0,0
150158.52,1,0,0,1,30.9,3.85,0,1,0,1,0,1
307.6,0,0,0,0,9999.0,2.9,1,0,0,1,0,0
8000.0,0,0,0,1,22.9,3.93,0,1,0,2,1,1
74.14,0,0,0,0,9999.0,1.59,1,0,0,0,0,0
1909.52,0,0,0,0,9999.0,1.57,1,1,0,0,0,0
43.9,0,0,0,0,9999.0,2.38,1,1,0,0,0,0
2328.63,0,0,0,0,9999.0,2.45,1,0,0,0,0,0
2500.0,0,0,0,1,0.7,2.96,0,1,1,2,0,1
133.45,0,0,0,0,9999.0,1.5,1,0,0,0,1,0
2499.19,0,0,0,0,9999.0,1.51,1,1,0,1,0,0
2419.22,0,0,0,0,9999.0,2.43,1,0,0,1,0,0
2638.03,0,0,0,0,9999.0,2.68,1,0,0,0,0,0
1721.2,0,0,0,0,9999.0,2.67,1,0,0,0,1,0
1500.0,0,0,0,1,32.6,4.01,0,1,0,2,1,1
1630.94,0,0,0,0,9999.0,2.73,1,0,0,0,0,0
1498.41,0,0,0,0,9999.0,2.56,1,0,0,0,0,0
112.87,0,0,0,0,9999.0,1.49,1,0,0,1,0,0
13.71,0,0,0,0,9999.0,1.26,1,0,0,1,0,0
63.44,0,0,0,0,9999.0,1.98,1,0,0,1,0,0
142.34,1,0,0,1,1023.4505701207544,2.57,1,0,0,0,0,0
2060.13,1,0,0,1,7.1,3.48,0,1,0,0,0,1
990.7,0,0,0,1,768.2637063720025,1.53,1,0,0,0,0,0
94.74,0,0,0,0,9999.0,1.6,1,0,0,0,0,0
2632.43,0,0,0,0,9999.0,1.87,1,1,0,0,1,0
2714.8,0,0,0,0,9999.0,1.88,1,0,0,1,0,0
112.34,0,0,0,0,9999.0,2.99,1,0,0,0,0,0
41.86,0,0,0,0,9999.0,1.47,1,1,0,1,1,0
944.83,0,0,0,0,9999.0,1.93,1,0,0,0,1,0
64.55,0,0,0,0,9999.0,1.49,1,0,0,0,0,0
2990.34,1,0,0,1,982.5010147258048,1.63,1,1,0,0,0,0
568.2,0,0,0,1,893.6127524190708,2.22,1,0,0,0,1,0
91.08,0,0,0,0,9999.0,1.42,1,0,0,0,0,0
39251.41,0,0,0,1,19.6,2.82,1,1,0,1,1,1
2864.22,1,0,0,0,9999.0,2.51,1,1,0,0,0,0
1544.5,0,0,0,0,9999.0,2.08,1,1,0,0,0,0
2452.44,0,0,0,0,9999.0,2.13,1,0,0,0,0,0
109.12,1,0,0,0,9999.0,2.17,1,0,0,0,1,0
57.56,0,0,0,0,9999.0,1.94,1,0,0,0,1,0
858.18,0,0,0,0,9999.0,1.9,1,1,0,0,0,0
1746.27,0,0,0,1,121.95472589115523,2.19,1,0,0,1,0,0
110.8,0,0,0,0,9999.0,2.11,1,0,0,1,0,0
5010.09,0,0,0,1,9.3,4.62,0,1,0,0,1,1
107.45,0,0,0,0,9999.0,2.64,1,0,0,0,1,0
207.42,0,0,0,0,9999.0,2.1,1,0,0,0,0,0
145.71,0,0,0,1,52.69479172175215,1.76,1,0,0,1,0,0
526.87,0,0,0,0,9999.0,2.14,1,0,0,0,0,0
2799.68,0,0,0,0,9999.0,3.04,1,1,0,0,0,0
57.03,0,0,0,0,9999.0,2.6,1,0,0,0,1,0
129.99,1,0,0,0,9999.0,1.81,1,1,0,0,0,0
2091.17,0,0,0,0,9999.0,2.4,1,0,0,1,0,0
133.8,0,0,0,0,9999.0,2.63,1,0,0,0,1,0
1960.12,0,0,0,0,9999.0,1.25,1,0,0,0,0,0
140.31,0,0,0,0,9999.0,3.09,1,0,0,0,1,0
2415.17,0,0,0,0,9999.0,1.86,1,0,0,0,0,0
1661.91,0,0,0,0,9999.0,2.4,1,0,0,0,0,0
616.85,0,0,0,0,9999.0,2.35,1,0,0,0,0,0
1863.43,1,0,0,0,9999.0,1.76,1,0,0,1,0,0
1062.75,0,0,0,0,9999.0,1.94,1,0,0,0,0,0
122.32,0,0,0,0,9999.0,2.08,1,0,0,1,0,0
32762.3,0,0,0,0,9999.0,1.65,1,0,0,0,0,0
693.42,0,0,0,0,9999.0,1.31,1,0,0,1,0,0
72.5,0,0,0,0,9999.0,1.88,1,0,0,0,0,0
2205.12,0,0,0,0,9999.0,2.86,1,0,0,1,0,0
63.41,0,0,0,1,1279.8377978088972,2.29,1,0,0,0,0,0
26.21,1,0,0,0,9999.0,2.7,1,0,0,0,0,0
113.24,0,0,0,0,9999.0,1.85,1,0,0,1,0,0
85.59,0,0,0,0,9999.0,1.31,1,0,0,1,0,0
6008.07,1,0,0,1,4.3,3.36,0,1,0,1,1,1
2572.09,0,0,0,1,994.1753281323274,2.49,1,1,0,0,0,0
2555.1,0,0,0,0,9999.0,1.66,1,1,0,0,0,0
64.18,0,0,0,0,9999.0,2.33,1,1,0,1,0,0
2246.89,0,0,0,0,9999.0,2.66,1,0,0,0,0,0
1160.77,1,0,0,0,9999.0,1.89,1,0,0,0,0,0
1699.56,0,0,0,0,9999.0,2.52,1,1,0,0,0,0
2030.26,0,0,0,0,9999.0,1.53,1,0,0,0,1,0
122.89,0,0,0,0,9999.0,1.85,1,0,0,1,0,0
107.8,0,0,0,0,9999.0,2.28,1,0,0,1,1,0
2577.62,0,0,0,0,9999.0,2.57,1,1,0,0,0,0
111.37,0,0,0,0,9999.0,1.97,1,0,0,1,0,0
43.19,0,0,0,0,9999.0,2.46,1,1,0,1,0,0
133.86,0,0,0,0,9999.0,1.37,1,1,0,1,0,0
1662.64,0,0,0,0,9999.0,1.38,1,1,0,0,0,0
29.94,0,0,0,0,9999.0,1.79,1,1,0,0,0,0
1192.2,0,0,0,0,9999.0,1.74,1,1,0,1,0,0
1163.49,0,0,0,0,9999.0,1.82,1,0,0,0,0,0
948.47,0,0,0,0,9999.0,2.73,1,1,0,0,0,0
2257.6,0,0,0,0,9999.0,2.04,1,0,0,0,0,0
140.69,0,0,0,0,9999.0,1.36,1,0,0,2,1,0
349.43,0,0,0,0,9999.0,1.88,1,0,0,1,0,0
2136.64,0,0,0,0,9999.0,2.15,1,0,0,0,0,0
1406.22,0,0,0,0,9999.0,2.08,1,0,0,0,0,0
146.01,0,0,0,0,9999.0,2.05,1,0,0,1,0,0
650.35,0,0,0,0,9999.0,1.69,1,0,0,1,0,0
147.47,0,0,0,0,9999.0,2.04,1,0,0,1,0,0
2060.31,0,0,0,1,905.6018890807536,1.25,1,0,0,0,1,0
765.31,0,0,0,0,9999.0,2.38,1,0,0,0,1,0
15.03,0,0,0,0,9999.0,2.78,1,0,0,0,0,0
101.43,0,0,0,0,9999.0,2.14,1,0,0,0,0,0
2704.27,0,0,0,0,9999.0,3.09,1,0,0,1,0,0
148.58,0,0,0,0,9999.0,1.21,1,0,0,0,1,0
46.82,0,0,0,0,9999.0,2.45,1,0,0,1,1,0
2369.14,0,0,0,0,9999.0,2.18,1,1,0,0,0,0
25.7,0,0,0,0,9999.0,1.73,1,0,0,0,0,0
39649.24,0,0,0,0,9999.0,1.76,1,0,0,0,0,0
81.38,0,0,0,0,9999.0,2.03,1,0,0,1,0,0
101.26,1,0,0,0,9999.0,1.68,1,0,0,2,1,0
2785.53,0,0,0,0,9999.0,1.25,1,1,0,0,0,0
122.57,0,0,0,0,9999.0,2.16,1,1,0,0,1,0
2101.69,1,0,0,0,9999.0,2.02,1,0,0,0,0,0
18.24,0,0,0,0,9999.0,1.37,1,0,0,0,0,0
2481.73,1,0,0,0,9999.0,1.89,1,1,0,0,0,0
1328.57,0,0,0,0,9999.0,2.35,1,0,0,0,0,0
15.55,0,0,0,0,9999.0,1.92,1,0,0,0,0,0
1444.6,0,0,0,0,9999.0,2.11,1,0,0,0,0,0
38676.5,0,0,0,0,9999.0,1.82,1,0,0,0,0,0
2048.86,0,0,0,0,9999.0,1.98,1,0,0,1,0,0
66.29,0,0,0,0,9999.0,1.48,1,1,0,0,0,0
1061.34,0,0,0,0,9999.0,2.35,1,1,0,0,1,0
104.06,0,0,0,0,9999.0,2.94,1,0,0,0,0,0
16082.31,0,0,0,1,260.27864090787,2.37,1,0,0,0,0,0
7218.0,1,0,1,1,20.0,4.32,0,1,0,1,1,1
107.94,0,0,0,0,9999.0,2.83,1,0,0,0,0,0
8000.0,1,0,0,1,12.6,3.1,1,1,0,2,0,1
1453.2,0,0,0,0,9999.0,1.46,1,0,0,0,0,0
864.45,0,0,0,0,9999.0,1.39,1,0,0,0,0,0
2345.0,1,0,0,0,9999.0,3.03,1,0,0,0,0,0
2360.44,0,0,0,0,9999.0,2.5,1,1,0,0,0,0
118.5,0,0,0,0,9999.0,2.56,1,1,0,0,0,0
370.96,0,0,0,0,9999.0,3.07,1,0,0,0,0,0
744.9,0,0,0,0,9999.0,1.94,1,0,0,0,0,0
1362.27,0,0,0,0,9999.0,1.88,1,1,0,0,1,0
373.04,0,0,0,0,9999.0,1.73,1,0,0,0,0,0
85.8,1,0,0,0,9999.0,1.48,1,0,0,0,0,0
139.02,0,0,0,0,9999.0,1.61,1,1,0,0,0,0
1917.38,0,0,0,0,9999.0,1.26,1,0,0,0,0,0
1346.53,0,0,0,0,9999.0,2.9,1,0,0,1,1,0
131.72,0,0,0,0,9999.0,1.63,1,1,0,0,0,0
115.74,0,0,0,0,9999.0,2.15,1,1,0,0,0,0
143.62,0,0,0,0,9999.0,2.27,1,0,0,1,0,0
1850.87,0,0,0,1,542.4148253416326,1.9,1,0,0,0,0,0
116.85,0,0,0,0,9999.0,2.46,1,0,0,1,0,0
617.42,0,0,0,0,9999.0,2.69,1,1,0,0,0,0
33.02,0,0,0,0,9999.0,3.0,1,1,0,0,0,0
131.82,0,0,0,0,9999.0,2.75,1,0,0,1,0,0
2246.6,0,0,0,0,9999.0,1.57,1,0,0,0,0,0
61.88,0,0,0,0,9999.0,1.82,1,1,0,0,0,0
69.68,0,0,0,0,9999.0,2.83,1,1,0,0,0,0
135.19,0,0,0,0,9999.0,1.83,1,0,0,0,0,0
20.05,0,0,0,0,9999.0,2.6,1,0,0,0,0,0
11.58,0,0,0,0,9999.0,2.31,1,0,0,1,0,0
20733.99,0,0,0,0,9999.0,2.18,1,0,0,0,1,0
89.2,0,0,0,1,688.816581154516,2.82,1,1,0,2,1,0
1093.13,0,0,0,0,9999.0,2.94,1,0,0,0,0,0
1590.54,0,0,0,0,9999.0,2.98,1,1,0,0,0,0
1344.34,0,0,0,0,9999.0,1.23,1,1,0,0,0,0
122.51,0,0,0,0,9999.0,2.99,1,0,0,0,0,0
25.2,0,0,0,0,9999.0,1.57,1,0,0,0,1,0
3000.0,0,0,0,1,3.0,4.42,0,1,0,0,1,1
323.85,0,0,0,0,9999.0,2.92,1,0,0,1,0,0
1657.03,0,0,0,0,9999.0,2.1,1,0,0,0,0,0
41.76,0,0,0,0,9999.0,1.28,1,1,0,1,0,0
72.01,0,0,0,0,9999.0,3.06,1,1,0,1,1,0
125.11,0,0,0,0,9999.0,1.72,1,0,0,0,0,0
31.61,0,0,0,1,837.043738570103,2.4,1,0,0,0,0,0
510.24,0,0,0,0,9999.0,1.2,1,0,0,0,0,0
1673.88,0,0,0,0,9999.0,2.51,1,0,0,0,0,0
145.72,0,0,0,0,9999.0,2.02,1,1,0,2,0,0
1863.65,0,0,0,0,9999.0,2.56,1,0,0,0,1,0
2843.43,0,0,0,0,9999.0,1.99,1,0,0,0,0,0
2603.12,0,0,0,0,9999.0,1.45,1,0,0,1,0,0
26.89,0,0,0,0,9999.0,2.15,1,1,0,0,0,0
1045.86,1,0,0,0,9999.0,1.84,1,0,0,0,0,0
20.81,0,0,0,0,9999.0,2.97,1,0,0,0,0,0
1470.68,0,0,0,0,9999.0,2.79,1,0,0,0,0,0
103.82,0,1,0,0,9999.0,2.35,1,0,0,0,1,0
1982.11,0,0,0,1,563.7598072930566,1.81,1,1,0,0,0,0
8000.0,0,0,0,1,39.4,4.16,1,1,0,2,0,1
37298.38,1,1,0,1,3.9,3.59,1,1,0,0,1,1
61.62,0,0,0,0,9999.0,1.63,1,0,0,1,0,0
142.36,1,0,0,0,9999.0,2.55,1,0,0,0,1,0
19723.32,1,1,0,1,23.1,2.99,1,1,0,2,1,1
23694.62,0,0,0,0,9999.0,2.77,1,0,0,2,0,0
129.84,0,0,0,0,9999.0,1.8,1,0,0,0,0,0
2615.61,0,0,0,0,9999.0,2.68,1,0,0,0,0,0
126.18,0,0,0,0,9999.0,1.63,1,0,0,0,0,0
26.8,0,0,0,0,9999.0,1.99,1,0,0,0,1,0
12.83,0,0,0,0,9999.0,2.88,1,0,0,2,0,0
259.94,1,0,0,1,950.789026058811,2.03,1,1,0,0,0,0
118.19,0,0,0,0,9999.0,2.4,1,1,0,0,0,0
56.51,0,0,0,0,9999.0,2.84,1,1,0,0,0,0
91.9,0,0,0,0,9999.0,1.41,1,0,0,0,0,0
118.78,0,0,0,0,9999.0,1.33,1,0,0,0,0,0
37.66,0,0,0,0,9999.0,2.39,1,0,0,0,0,0
36445.04,0,0,1,1,3.2,3.63,0,1,0,2,1,1
97.4,0,0,0,0,9999.0,2.88,1,0,0,0,0,0
145.59,0,0,0,1,1215.5005317164728,2.05,1,1,0,0,0,0
1208.03,0,0,0,0,9999.0,2.55,1,0,0,0,1,0
974.91,1,0,0,0,9999.0,1.38,1,0,0,0,0,0
46.67,0,0,0,0,9999.0,2.13,1,0,0,0,1,0
59.31,0,0,0,0,9999.0,1.84,1,0,0,0,0,0
43.28,0,0,0,0,9999.0,2.38,1,0,0,0,0,0
702.42,0,0,0,0,9999.0,1.57,1,0,0,1,0,0
115.58,0,0,0,0,9999.0,2.23,1,1,0,1,0,0
1346.4,0,0,0,1,170.22906290701857,3.04,1,0,0,0,0,0
16.7,1,0,0,0,9999.0,1.5,1,1,0,0,1,0
40.08,0,0,0,0,9999.0,2.98,1,1,0,0,0,0
32.11,0,0,0,0,9999.0,2.21,1,0,0,0,0,0
1156.21,0,0,0,0,9999.0,1.81,1,1,0,0,0,0
35769.68,1,1,0,1,5.6,3.29,0,1,0,2,0,1
1352.63,0,0,0,0,9999.0,2.12,1,0,0,1,1,0
30.11,0,0,0,0,9999.0,2.39,1,1,0,2,0,0
71.13,0,0,0,0,9999.0,2.2,1,0,0,0,0,0
443.01,0,0,0,0,9999.0,1.6,1,0,0,0,0,0
1183.36,0,0,0,1,1213.6214217154677,1.46,1,0,0,0,0,0
84.6,0,0,0,0,9999.0,1.96,1,0,0,0,0,0
68.47,0,0,0,0,9999.0,1.57,1,0,0,2,0,0
2847.57,0,0,0,0,9999.0,2.46,1,1,0,0,0,0
11.77,0,0,0,0,9999.0,1.77,1,0,0,0,0,0
140.59,0,0,0,0,9999.0,2.53,1,0,0,0,0,0
2769.85,0,0,0,0,9999.0,1.9,1,1,0,0,1,0
118.6,0,1,0,0,9999.0,1.97,1,0,0,1,0,0
11.42,0,0,0,0,9999.0,1.57,1,1,0,1,0,0
9999.0,0,0,0,0,2.9,3.2,1,1,1,1,1,1
128.55,0,0,0,0,9999.0,2.28,1,1,0,0,0,0
77.6,0,0,0,0,9999.0,3.08,1,1,0,1,1,0
1605.03,0,0,0,0,9999.0,1.99,1,0,0,0,1,0
75.89,0,0,0,0,9999.0,1.28,1,0,0,0,0,0
1226.82,0,0,0,0,9999.0,1.92,1,0,0,0,0,0
31763.87,1,1,1,1,18.7,3.64,1,1,0,0,1,1
2305.09,1,0,0,0,9999.0,1.45,1,0,0,0,0,0
1997.78,0,0,0,0,9999.0,2.21,1,1,0,0,0,0
1371.07,0,0,0,0,9999.0,1.24,1,1,0,0,1,0
1659.22,0,0,0,1,393.1791373873276,1.65,1,1,0,1,0,0
116.26,0,0,0,0,9999.0,2.34,1,0,0,0,0,0
3000.0,0,0,0,1,5.4,4.23,0,1,0,2,1,1
2071.0,0,0,0,0,9999.0,2.98,1,0,0,0,0,0
1513.48,0,0,0,0,9999.0,1.22,1,0,0,0,0,0
57.43,0,0,0,0,9999.0,1.33,1,1,0,0,0,0
113.8,0,0,0,0,9999.0,2.89,1,0,0,1,0,0
1807.46,0,0,0,0,9999.0,2.62,1,1,0,0,0,0
14.98,0,0,0,0,9999.0,1.6,1,0,0,2,0,0
824.72,0,0,0,0,9999.0,3.03,1,0,0,0,1,0
555.65,0,0,0,0,9999.0,2.9,1,0,0,0,0,0
17.12,0,0,0,0,9999.0,1.86,1,0,0,1,0,0
139.76,0,0,0,0,9999.0,1.78,1,0,0,1,0,0
85.19,0,0,0,0,9999.0,3.1,1,1,0,0,1,0
73.95,0,0,0,1,1205.6638357539366,1.24,1,0,0,0,0,0
936.07,0,0,0,0,9999.0,1.95,1,0,0,1,0,0
1496.88,0,0,0,0,9999.0,2.91,1,1,0,1,1,0
24285.36,0,0,0,1,24.2,4.17,0,1,0,0,0,1
5000.0,1,0,0,0,0.5,4.6,0,1,1,2,1,1
23311.89,1,1,0,0,4.5,3.66,1,1,0,2,1,1
25000.0,1,0,0,0,32.5,3.66,0,1,0,0,0,1
123.13,0,0,0,0,9999.0,3.06,1,0,0,0,1,0
615.08,1,0,0,0,9999.0,2.55,1,1,0,0,0,0
30980.27,0,1,1,1,17.4,3.26,1,1,0,1,0,1
516.7,0,0,0,0,9999.0,1.43,1,0,0,0,0,0
326.81,0,0,0,1,1095.2626090629258,1.49,1,0,0,2,0,0
107.58,0,0,0,0,9999.0,1.78,1,0,0,0,0,0
25000.0,1,0,0,1,1.3,3.02,1,1,1,1,0,1
2244.49,0,0,0,0,9999.0,2.26,1,0,0,0,0,0
2498.87,0,0,0,0,9999.0,2.95,1,0,0,0,1,0
135.16,0,0,0,0,9999.0,3.0,1,0,0,0,0,0
482.2,0,0,0,0,9999.0,1.33,1,0,0,1,0,0
2518.48,0,0,0,0,9999.0,2.8,1,0,0,0,0,0
25000.0,0,0,0,1,38.6,3.29,0,1,0,1,0,1
135.23,0,0,0,0,9999.0,1.6,1,0,0,0,0,0
113.85,0,0,0,0,9999.0,1.84,1,0,0,0,1,0
1871.02,0,0,0,0,9999.0,1.52,1,0,0,1,0,0
11.84,1,0,0,1,695.2543266680618,2.09,1,0,0,1,0,0
92.76,0,0,0,0,9999.0,1.38,1,1,0,0,0,0
21.63,0,0,0,0,9999.0,1.54,1,0,0,2,0,0
271.7,0,0,0,0,9999.0,2.89,1,0,0,0,0,0
1274.2,0,0,0,1,175.01436536420232,2.13,1,0,0,0,0,0
48.99,0,0,0,0,9999.0,2.06,1,1,0,0,1,0
70.15,0,0,0,0,9999.0,2.04,1,1,0,0,0,0
31354.4,0,0,0,0,9999.0,2.2,1,1,0,0,0,0
33.66,0,0,0,0,9999.0,1.66,1,1,0,0,0,0
647.15,0,0,0,0,9999.0,1.42,1,0,0,0,1,0
2329.43,0,0,0,0,9999.0,2.23,1,1,0,1,0,0
1189.69,0,0,0,0,9999.0,1.56,1,0,0,1,1,0
1082.73,0,0,0,0,9999.0,2.49,1,1,0,0,0,0
2382.73,0,0,0,0,9999.0,2.09,1,0,0,0,0,0
3290.62,0,0,0,1,12.5,3.23,1,1,0,0,0,1
22.07,0,0,0,0,9999.0,2.13,1,0,0,0,0,0
2319.59,0,0,0,0,9999.0,2.01,1,0,0,0,0,0
22706.44,0,0,0,0,9999.0,2.73,1,1,0,0,0,0
17855.61,1,1,1,1,21.5,3.59,1,1,0,1,0,1
1795.5,0,0,0,0,9999.0,2.14,1,0,0,0,1,0
1828.98,0,0,0,0,9999.0,1.63,1,0,0,0,0,0
1585.22,0,0,0,0,9999.0,1.3,1,0,0,0,0,0
58.13,0,0,0,0,9999.0,1.6,1,0,0,0,0,0
605.66,0,0,0,0,9999.0,1.51,1,0,0,1,0,0
1274.69,0,0,0,0,9999.0,1.23,1,1,0,0,0,0
25000.0,0,0,0,1,35.1,3.46,0,1,0,2,0,1
110.04,0,0,0,1,1058.606867869761,2.89,1,0,0,1,0,0
559.94,0,0,0,0,9999.0,2.13,1,0,0,0,0,0
42.58,0,0,0,0,9999.0,1.8,1,0,0,0,0,0
427.35,1,0,0,0,9999.0,1.71,1,0,0,2,1,0
21069.47,1,0,0,1,8.0,4.01,1,1,0,2,0,1
919.93,0,0,0,0,9999.0,2.51,1,0,0,2,0,0
58.71,1,0,0,0,9999.0,1.53,1,0,0,0,0,0
110.76,0,0,0,1,594.9954684983517,2.07,1,1,0,1,0,0
1667.46,0,0,0,1,1325.886947405092,2.58,1,1,0,0,0,0
1553.59,0,0,0,0,9999.0,3.07,1,1,0,0,0,0
129.17,0,0,0,0,9999.0,2.5,1,1,0,1,0,0
2797.44,0,0,0,0,9999.0,1.3,1,0,0,0,0,0
49.25,0,0,0,0,9999.0,1.7,1,0,0,0,0,0
136.24,0,0,0,0,9999.0,2.55,1,1,0,0,0,0
587.43,1,0,0,0,9999.0,1.75,1,0,0,0,0,0
2032.62,0,0,0,0,9999.0,1.69,1,0,0,0,0,0
617.53,0,0,0,0,9999.0,3.08,1,0,0,1,0,0
36.55,0,0,0,0,9999.0,2.57,1,0,0,0,0,0
45.66,0,0,0,0,9999.0,2.03,1,1,0,0,0,0
1303.51,0,0,0,0,9999.0,2.18,1,0,0,0,1,0
99.98,0,0,0,0,9999.0,1.51,1,0,0,0,0,0
671.9,0,0,0,0,9999.0,1.96,1,0,0,0,0,0
2078.51,0,0,0,0,9999.0,2.6,1,0,0,0,0,0
99.07,0,0,0,0,9999.0,2.46,1,0,0,0,0,0
1500.0,0,0,0,1,37.5,3.9,0,1,0,1,0,1
15796.95,1,1,1,1,15.9,4.24,0,1,0,0,1,1
1661.45,0,0,0,0,9999.0,1.6,1,1,0,0,0,0
16608.47,0,0,0,0,9999.0,1.3,1,0,0,0,0,0
64.18,0,0,0,1,158.6422533157984,2.5,1,0,0,0,0,0
25000.0,0,0,0,1,19.2,2.97,1,1,0,2,0,1
53.06,0,0,0,0,9999.0,1.59,1,0,0,1,0,0
25000.0,1,0,0,0,2.1,3.62,0,1,1,2,1,1
17.97,0,0,0,0,9999.0,2.99,1,0,0,1,0,0
41238.57,0,0,0,0,9999.0,1.54,1,0,0,0,0,0
41.87,0,0,0,0,9999.0,2.41,1,0,0,0,1,0
113.87,0,0,0,0,9999.0,1.97,1,1,0,0,0,0
82.27,0,0,0,0,9999.0,2.64,1,0,0,0,0,0
84.29,0,0,0,0,9999.0,1.35,1,1,0,0,0,0
105.41,0,0,0,0,9999.0,2.25,1,0,0,1,1,0
1610.51,0,0,0,0,9999.0,2.97,1,0,0,0,1,0
2126.51,0,0,0,0,9999.0,1.92,1,1,0,1,0,0
2281.39,0,0,0,0,9999.0,2.39,1,1,0,0,0,0
105.53,0,0,0,0,9999.0,1.92,1,0,0,0,0,0
2149.14,0,0,0,0,9999.0,2.62,1,0,0,1,0,0
1675.06,0,0,0,0,9999.0,2.53,1,1,0,1,0,0
32536.07,0,0,0,0,9999.0,1.73,1,1,0,0,1,0
59.36,0,0,0,0,9999.0,2.56,1,0,0,0,1,0
101.68,0,0,0,0,9999.0,2.08,1,1,0,1,0,0
1265.53,0,0,0,0,9999.0,1.28,1,1,0,0,0,0
509.34,1,0,0,0,9999.0,3.03,1,0,0,0,1,0
44.06,0,0,0,0,9999.0,1.88,1,0,0,0,0,0
2426.0,1,0,0,0,9999.0,2.53,1,1,0,0,0,0
2121.59,0,0,0,0,9999.0,2.56,1,1,0,1,0,0
92.13,0,0,0,0,9999.0,2.19,1,0,0,0,1,0
1040.08,0,0,0,0,9999.0,1.38,1,1,0,0,0,0
1926.12,0,0,0,0,9999.0,1.77,1,1,0,0,0,0
2328.43,0,0,0,0,9999.0,1.73,1,0,0,0,0,0
114.89,0,0,0,0,9999.0,2.69,1,0,0,0,0,0
18586.7,1,0,1,0,22.4,3.81,0,1,0,1,1,1
2593.34,0,0,0,0,9999.0,2.14,1,0,0,0,0,0
2713.24,0,0,0,0,9999.0,2.44,1,0,0,0,0,0
2145.12,0,0,0,0,9999.0,1.88,1,0,0,0,0,0
124.95,0,0,0,0,9999.0,2.09,1,0,0,0,0,0
12.89,0,0,0,0,9999.0,1.74,1,1,0,2,0,0
2712.79,0,0,0,0,9999.0,2.49,1,0,0,2,0,0
147.5,1,0,0,0,9999.0,1.21,1,0,0,0,1,0
1751.94,0,0,0,0,9999.0,1.49,1,0,0,0,1,0
882.46,0,0,0,0,9999.0,1.69,1,1,0,0,0,0
121.83,0,0,0,0,9999.0,1.21,1,0,0,2,0,0
43096.08,0,0,0,0,9999.0,1.62,1,1,0,0,0,0
25000.0,0,0,0,1,41.2,3.99,0,1,0,2,0,1
120.57,1,0,0,0,9999.0,1.44,1,0,0,0,0,0
806.18,0,0,0,0,9999.0,1.66,1,0,0,0,1,0
76.74,1,0,0,0,9999.0,2.93,1,0,0,1,1,0
142.79,0,0,0,0,9999.0,1.73,1,0,0,0,0,0
2044.35,0,0,0,0,9999.0,1.82,1,0,0,2,0,0
2922.41,0,0,0,0,9999.0,1.48,1,0,0,1,0,0
922.89,0,0,0,0,9999.0,1.32,1,0,0,0,0,0
2287.3,0,0,0,0,9999.0,1.44,1,0,0,0,0,0
5000.0,1,0,0,1,0.3,3.95,0,1,1,0,0,1
449.76,0,0,0,0,9999.0,3.02,1,1,0,0,0,0
96.21,0,0,0,1,1140.802675912582,2.11,1,0,0,0,1,0
145.53,0,0,0,0,9999.0,2.7,1,1,0,1,0,0
99.76,0,0,0,0,9999.0,2.02,1,1,0,0,0,0
106.76,0,0,0,0,9999.0,2.08,1,0,0,0,0,0
47.29,0,0,0,0,9999.0,1.33,1,0,0,0,1,0
5885.92,1,1,0,1,24.7,3.7,1,1,0,2,1,1
2228.15,0,0,0,1,445.1061173883284,1.29,1,0,0,0,0,0
1705.27,0,0,0,0,9999.0,1.21,1,1,0,0,0,0
77.66,0,0,0,0,9999.0,1.47,1,1,0,1,0,0
40.42,0,1,0,0,9999.0,2.74,1,0,0,1,0,0
1383.73,0,0,0,0,9999.0,1.61,1,1,0,2,0,0
2453.96,0,0,0,0,9999.0,2.22,1,0,0,2,0,0
1981.48,1,0,0,0,10.3,4.3,1,1,0,0,1,1
66.87,0,0,0,0,9999.0,1.87,1,0,0,0,0,0
2641.42,0,0,0,0,9999.0,2.23,1,0,0,0,0,0
80.67,0,0,0,0,9999.0,2.35,1,1,0,0,0,0
72.47,0,0,0,0,9999.0,2.61,1,0,0,0,0,0
57.52,0,0,0,0,9999.0,2.93,1,1,0,0,0,0
32.58,0,0,0,0,9999.0,1.38,1,0,0,0,0,0
365.28,0,0,0,0,9999.0,2.6,1,0,0,0,0,0
2904.25,1,0,0,0,9999.0,1.44,1,1,0,0,0,0
1086.02,0,0,0,0,9999.0,2.37,1,0,0,1,0,0
118.48,0,0,0,0,9999.0,1.28,1,1,0,0,0,0
99.11,0,0,0,0,9999.0,2.72,1,0,0,0,1,0
114.39,0,0,0,0,9999.0,1.96,1,1,0,2,0,0
148.88,0,0,0,0,9999.0,1.3,1,0,0,2,0,0
1989.58,0,0,0,0,9999.0,2.17,1,0,0,1,1,0
394.75,0,0,0,0,9999.0,2.79,1,0,0,0,0,0
2038.72,0,0,0,0,9999.0,2.74,1,0,0,1,0,0
98.63,0,0,0,0,9999.0,2.2,1,0,0,0,0,0
61.96,0,0,0,0,9999.0,2.52,1,1,0,0,0,0
31.05,0,0,0,0,9999.0,2.27,1,0,0,0,0,0
2430.2,0,0,0,0,9999.0,1.92,1,0,0,0,0,0
117.51,0,0,0,0,9999.0,2.46,1,1,0,0,0,0
614.83,0,0,0,0,9999.0,2.78,1,1,0,0,0,0
65.02,0,0,0,0,9999.0,2.5,1,0,0,0,0,0
538.95,0,0,0,0,9999.0,2.1,1,0,0,2,0,0
21.87,0,0,0,0,9999.0,1.36,1,0,0,0,0,0
20.46,0,0,0,0,9999.0,1.67,1,0,0,1,1,0
149.39,0,0,0,0,9999.0,2.11,1,1,0,0,0,0
353.46,0,0,0,0,9999.0,1.89,1,1,0,0,0,0
2046.39,0,0,0,0,9999.0,1.46,1,0,0,1,1,0
82.52,0,0,0,0,9999.0,2.1,1,0,0,0,1,0
2407.68,0,0,0,0,9999.0,2.74,1,1,0,0,0,0
1221.7,0,0,0,0,9999.0,2.58,1,1,0,0,0,0
121.11,0,0,0,0,9999.0,2.41,1,0,0,0,0,0
2544.2,0,0,0,0,9999.0,2.94,1,0,0,0,1,0
6935.55,1,1,1,1,20.7,3.84,1,1,0,2,1,1
1752.25,0,0,0,0,9999.0,2.41,1,0,0,0,1,0
2219.13,0,0,0,0,9999.0,2.43,1,0,0,0,0,0
34459.07,0,0,0,0,9999.0,2.31,1,0,0,0,0,0
1500.0,0,0,0,1,19.7,4.76,0,1,0,0,1,1
109.17,0,0,0,0,9999.0,1.24,1,1,0,0,1,0
1706.24,0,0,0,0,9999.0,1.62,1,0,0,2,0,0
36210.43,1,0,0,1,1.9,4.67,0,1,0,2,0,1
25138.59,0,0,0,0,9999.0,2.81,1,0,0,0,0,0
1437.03,0,0,0,0,9999.0,1.83,1,1,0,0,0,0
38152.13,1,1,0,1,13.4,4.59,1,1,0,2,0,1
40.94,0,0,0,0,9999.0,2.54,1,0,0,0,0,0
5046.3,1,0,0,1,23.0,3.04,0,1,0,2,0,1
2500.0,1,0,0,1,8.0,3.39,0,1,1,0,1,1
1172.46,0,0,0,0,9999.0,1.53,1,0,0,1,0,0
2227.79,0,0,0,0,9999.0,2.35,1,0,0,0,0,0
677.75,1,0,0,0,9999.0,2.94,1,0,0,0,1,0
29.32,0,0,0,0,9999.0,1.6,1,0,0,1,0,0
19412.21,0,0,0,1,19.3,3.89,0,1,0,0,0,1
723.21,0,0,0,0,9999.0,2.67,1,0,0,0,1,0
1890.89,0,0,0,0,9999.0,2.45,1,0,0,0,1,0
2189.49,0,0,0,1,1089.7725729195834,2.93,1,0,0,0,0,0
64.57,0,0,0,0,9999.0,2.26,1,0,0,0,0,0
1105.1,0,0,0,0,9999.0,2.42,1,1,0,0,0,0
24.58,0,0,0,0,9999.0,2.27,1,0,0,1,0,0
1438.05,0,0,0,0,9999.0,2.83,1,0,0,0,0,0
44424.79,0,0,0,0,9999.0,2.96,1,0,0,0,0,0
51.58,1,0,0,0,9999.0,2.96,1,0,0,1,0,0
2424.2,0,0,0,0,9999.0,2.51,1,1,0,0,0,0
1172.09,1,0,0,0,9999.0,2.06,1,1,0,0,1,0
1530.17,0,0,0,0,9999.0,2.07,1,1,0,0,0,0
863.99,1,0,0,0,9999.0,1.34,1,0,0,0,0,0
2544.3,0,0,0,0,9999.0,1.93,1,0,0,0,0,0
2096.01,0,0,0,0,9999.0,1.95,1,0,0,1,0,0
487.24,0,0,0,0,9999.0,2.25,1,0,0,2,0,0
2146.1,0,0,0,0,9999.0,1.67,1,0,0,0,0,0
62.19,0,0,0,0,9999.0,1.41,1,0,0,2,0,0
2604.49,0,0,0,0,9999.0,3.0,1,1,0,0,0,0
113.83,0,0,0,0,9999.0,1.7,1,1,0,0,0,0
143.63,0,0,0,0,9999.0,1.86,1,0,0,0,1,0
19.05,1,0,0,0,9999.0,2.55,1,0,0,0,0,0
35000.67,0,0,0,0,9999.0,1.92,1,0,0,0,0,0
1603.29,0,0,0,0,9999.0,2.3,1,0,0,0,0,0
2667.59,0,0,0,0,9999.0,1.93,1,0,0,0,0,0
6561.27,1,1,0,1,11.9,3.94,1,1,0,2,1,1
2123.51,0,0,0,0,9999.0,1.62,1,0,0,0,0,0
1996.98,0,0,0,0,9999.0,2.66,1,0,0,1,0,0
131.49,0,0,0,0,9999.0,1.76,1,0,0,0,0,0
2500.0,1,0,0,1,4.3,4.37,0,1,1,0,0,1
62.48,0,0,0,0,9999.0,2.55,1,1,0,2,0,0
764.78,0,0,0,0,9999.0,1.88,1,0,0,0,1,0
758.48,0,0,0,0,9999.0,2.24,1,0,0,0,0,0
2723.76,0,0,0,0,9999.0,1.56,1,0,0,0,0,0
18.75,0,0,0,0,9999.0,2.5,1,0,0,0,0,0
17465.7,0,0,0,1,891.7230636649249,1.74,1,1,0,0,0,0
1592.46,0,0,0,0,9999.0,2.27,1,0,0,1,0,0
12189.71,0,0,0,0,9999.0,2.69,1,0,0,2,1,0
67.01,1,0,0,1,130.75573623972906,1.54,1,0,0,0,0,0
80.47,0,0,0,0,9999.0,2.86,1,1,0,0,1,0
2967.96,0,0,0,0,9999.0,1.5,1,0,0,0,0,0
29886.02,0,0,0,0,9999.0,2.53,1,0,0,1,0,0
882.1,0,0,0,0,9999.0,2.59,1,0,0,0,0,0
117.64,0,0,0,0,9999.0,2.06,1,0,0,0,1,0
114.0,0,0,0,0,9999.0,2.89,1,0,0,0,0,0
1456.84,0,0,0,0,9999.0,1.3,1,1,0,0,0,0
1603.08,0,0,0,0,9999.0,2.58,1,1,0,0,1,0
15000.0,0,0,0,1,6.6,3.76,0,1,1,2,1,1
144.25,0,0,0,0,9999.0,1.31,1,0,0,0,0,0
2337.92,0,0,0,0,9999.0,1.31,1,0,0,0,0,0
2822.73,0,0,0,1,883.9100852402755,2.72,1,0,0,2,0,0
25000.0,1,0,0,0,3.5,4.55,0,1,1,2,0,1
47.56,0,0,0,1,1279.6743268742796,2.69,1,0,0,0,0,0
84.37,0,0,0,0,9999.0,1.42,1,0,0,0,0,0
370.22,0,0,0,0,9999.0,1.22,1,0,0,0,0,0
2524.85,0,0,0,0,9999.0,1.64,1,0,0,1,0,0
696.89,0,0,0,0,9999.0,1.48,1,1,0,1,1,0
66.81,0,0,0,0,9999.0,2.85,1,0,0,1,0,0
246.1,0,0,0,0,9999.0,2.56,1,0,0,0,0,0
16808.65,0,0,0,0,9999.0,2.73,1,0,0,0,1,0
12699.79,0,0,0,0,9999.0,2.57,1,0,0,0,0,0
2739.37,0,0,0,0,9999.0,2.39,1,0,0,0,0,0
20414.08,1,0,0,1,18.2,4.25,1,1,0,1,1,1
2704.68,0,0,0,0,9999.0,2.22,1,0,0,0,0,0
112.75,0,0,0,0,9999.0,3.07,1,0,0,0,0,0
25000.0,1,0,0,1,25.5,3.76,1,1,0,0,1,1
25000.0,1,0,0,1,3.5,4.05,1,1,1,2,1,1
10.05,0,0,0,0,9999.0,2.06,1,0,0,2,0,0
70.95,0,0,0,0,9999.0,1.79,1,1,0,1,0,0
97.18,0,0,0,0,9999.0,2.55,1,0,0,0,0,0
1621.42,0,0,0,0,9999.0,1.68,1,0,0,0,0,0
93.16,0,0,0,1,723.0002556184393,1.34,1,1,0,0,1,0
1974.07,0,0,0,0,9999.0,2.9,1,0,0,0,0,0
115.23,0,0,0,0,9999.0,3.05,1,1,0,0,0,0
67.88,0,0,0,0,9999.0,1.81,1,0,0,0,0,0
1045.67,0,0,0,0,9999.0,1.69,1,1,0,1,0,0
2202.43,0,0,0,0,9999.0,2.32,1,0,0,0,0,0
2805.97,0,0,0,0,9999.0,1.82,1,0,0,1,0,0
40.98,0,0,0,0,9999.0,2.41,1,1,0,1,0,0
2345.75,0,0,0,0,9999.0,1.97,1,0,0,0,1,0
12.06,0,1,0,0,9999.0,1.76,1,1,0,0,0,0
18814.96,1,1,0,1,34.5,3.79,1,1,0,1,0,1
135.4,0,0,0,0,9999.0,1.91,1,1,0,0,0,0
1266.19,0,0,0,0,9999.0,1.21,1,1,0,0,0,0
71.28,0,0,0,0,9999.0,1.51,1,1,0,1,0,0
43494.12,0,0,0,0,9999.0,1.69,1,0,0,0,0,0
2553.2,0,0,0,1,792.2590523706881,1.88,1,0,0,1,0,0
1256.87,0,0,0,0,9999.0,1.63,1,0,0,0,0,0
38065.32,1,0,0,1,15.8,4.59,0,1,0,2,1,1
112.35,0,0,0,0,9999.0,2.56,1,0,0,0,0,0
2389.72,1,0,0,0,9999.0,2.7,1,0,0,0,0,0
24.45,0,0,0,0,9999.0,1.37,1,1,0,2,0,0
1190.9,0,0,0,0,9999.0,1.86,1,1,0,0,0,0
632.64,0,0,0,1,554.9911971318576,2.57,1,1,0,1,0,0
883.56,0,0,0,0,9999.0,1.41,1,1,0,0,0,0
1380.69,0,0,0,0,9999.0,1.98,1,0,0,0,1,0
109.77,0,0,0,0,9999.0,2.57,1,0,0,2,0,0
1148.34,0,0,0,0,9999.0,3.09,1,0,0,0,0,0
76.74,0,0,0,0,9999.0,2.73,1,0,0,0,0,0
19.46,0,0,0,0,9999.0,2.86,1,1,0,0,0,0
16.46,0,0,0,0,9999.0,2.37,1,0,0,0,0,0
2244.3,0,0,0,0,9999.0,2.22,1,1,0,0,0,0
2500.0,0,0,0,1,5.3,4.23,1,1,1,2,1,1
3000.0,0,0,0,1,40.3,3.28,1,1,0,2,0,1
27.01,0,0,0,0,9999.0,1.73,1,0,0,1,1,0
50.04,0,0,0,0,9999.0,1.43,1,0,0,0,0,0
107.74,0,0,0,0,9999.0,2.35,1,1,0,0,0,0
71.84,0,0,0,0,9999.0,2.37,1,0,0,1,0,0
235.27,0,0,0,0,9999.0,2.52,1,0,0,1,0,0
92.15,0,0,0,0,9999.0,1.57,1,0,0,0,0,0
43.8,0,0,0,0,9999.0,2.8,1,0,0,0,0,0
2325.95,0,0,0,0,9999.0,2.42,1,0,0,2,0,0
2144.88,0,0,0,0,9999.0,2.63,1,0,0,1,0,0
1607.67,1,0,0,0,9999.0,1.92,1,0,0,0,0,0
764.8,0,0,0,0,9999.0,2.04,1,0,0,0,0,0
2158.91,0,0,0,0,9999.0,2.39,1,0,0,0,0,0
79.08,0,0,0,0,9999.0,1.88,1,1,0,0,0,0
1025.9,0,0,0,0,9999.0,2.08,1,0,0,0,0,0
1285.05,0,0,0,0,9999.0,2.56,1,1,0,0,1,0
75.95,0,0,0,1,822.5197904027123,1.41,1,1,0,1,0,0
9999.0,0,0,0,1,7.6,3.22,1,1,1,0,1,1
664.66,0,0,0,0,9999.0,1.63,1,0,0,0,0,0
113.34,0,0,0,0,9999.0,1.36,1,0,0,2,0,0
132.16,0,0,0,0,9999.0,2.87,1,0,0,1,0,0
36072.58,0,0,0,1,1348.7527196885628,2.64,1,1,0,2,0,0
76.26,0,0,0,0,9999.0,2.48,1,0,0,0,0,0
76.51,0,0,0,0,9999.0,2.42,1,0,0,1,0,0
63.43,0,0,0,0,9999.0,1.5,1,0,0,0,0,0
17.2,0,0,0,0,9999.0,3.01,1,0,0,2,0,0
828.26,1,0,0,0,9999.0,2.56,1,0,0,0,0,0
26.81,0,0,0,0,9999.0,2.87,1,0,0,0,0,0
203.86,1,0,0,0,9999.0,2.49,1,0,0,0,0,0
86.79,0,0,0,0,9999.0,2.81,1,0,0,2,0,0
723.93,0,0,0,0,9999.0,1.7,1,0,0,0,0,0
836.9,0,0,0,0,9999.0,2.03,1,0,0,0,1,0
1448.46,0,0,0,0,9999.0,2.42,1,1,0,0,1,0
247.23,0,0,0,0,9999.0,1.36,1,0,0,0,1,0
131.97,0,0,0,0,9999.0,2.22,1,0,0,0,0,0
1500.0,0,0,0,1,28.3,4.66,1,1,0,2,0,1
145.37,0,0,0,0,9999.0,2.9,1,1,0,1,1,0
1530.48,0,0,0,0,9999.0,2.44,1,0,0,1,0,0
1344.1,0,0,0,0,9999.0,2.1,1,0,0,1,0,0
1116.12,0,0,0,1,944.0161891866126,1.49,1,0,0,0,1,0
1201.17,0,0,0,0,9999.0,2.06,1,0,0,0,0,0
20.28,0,0,0,0,9999.0,2.67,1,0,0,1,0,0
446.27,0,0,0,0,9999.0,2.1,1,0,0,0,0,0
799.06,0,0,0,0,9999.0,2.75,1,1,0,0,0,0
2910.29,0,0,0,0,9999.0,1.62,1,0,0,1,0,0
1655.19,0,0,0,0,9999.0,2.68,1,0,0,1,0,0
728.22,0,0,0,0,9999.0,3.09,1,0,0,0,0,0
17.46,0,0,0,0,9999.0,2.57,1,0,0,0,0,0
28349.84,0,0,0,0,9999.0,2.19,1,0,0,0,0,0
1673.11,0,0,0,0,9999.0,2.36,1,0,0,0,0,0
1671.87,0,0,0,0,9999.0,1.24,1,1,0,0,0,0
2827.65,0,0,0,0,9999.0,2.81,1,1,0,0,0,0
95.38,0,0,0,1,1354.7794563520422,2.38,1,0,0,0,0,0
105.82,0,0,0,0,9999.0,2.69,1,0,0,1,0,0
110.84,0,0,0,0,9999.0,2.15,1,1,0,0,1,0
391.9,0,0,0,0,9999.0,2.58,1,0,0,0,0,0
3000.0,0,0,0,1,22.9,3.78,0,1,0,0,0,1
96.01,0,0,0,0,9999.0,2.86,1,0,0,0,0,0
43.35,0,0,0,0,9999.0,2.12,1,1,0,0,0,0
1314.24,0,0,0,0,9999.0,1.92,1,1,0,0,0,0
2923.73,0,0,0,0,9999.0,1.46,1,0,0,0,0,0
741.95,0,0,0,1,1090.7954352350223,2.8,1,1,0,0,0,0
24776.68,1,0,0,0,9999.0,1.45,1,0,0,0,0,0
2237.39,0,0,0,0,9999.0,1.89,1,1,0,1,0,0
94.92,0,0,0,0,9999.0,2.75,1,1,0,2,1,0
146.29,0,0,0,0,9999.0,1.91,1,0,0,0,0,0
10253.27,1,1,1,1,15.4,3.61,0,1,0,0,0,1
110.89,1,0,0,0,9999.0,1.24,1,1,0,0,0,0
101.69,0,0,0,0,9999.0,1.79,1,0,0,0,1,0
22.84,1,0,0,0,9999.0,2.49,1,0,0,0,0,0
127.07,0,0,0,0,9999.0,2.99,1,0,0,0,0,0
126.53,0,0,0,0,9999.0,2.43,1,1,0,0,0,0
139.6,0,0,0,0,9999.0,2.9,1,0,0,0,1,0
25.29,0,0,0,0,9999.0,2.1,1,1,0,0,0,0
2287.71,0,0,0,0,9999.0,1.93,1,0,0,0,0,0
3513.6,0,0,0,1,11.0,3.98,0,0,0,1,0,1
58.12,0,0,0,0,9999.0,2.98,1,0,0,1,0,0
27518.96,1,0,1,1,2.1,3.52,0,0,0,0,0,1
66.49,0,0,0,1,567.9611077313369,1.36,1,0,0,0,0,0
897.8,0,0,0,0,9999.0,2.08,1,1,0,1,0,0
14627.55,0,0,0,0,9999.0,1.26,1,0,0,1,1,0
2487.66,0,0,0,0,9999.0,3.05,1,1,0,0,0,0
15000.0,0,0,0,1,7.4,4.21,1,1,1,0,0,1
829.83,0,0,0,0,9999.0,3.08,1,1,0,0,0,0
70.86,0,0,0,0,9999.0,1.67,1,0,0,1,1,0
71.92,0,0,0,0,9999.0,1.73,1,0,0,0,0,0
121.81,0,0,0,0,9999.0,1.57,1,1,0,0,1,0
1515.0,0,0,0,0,9999.0,1.27,1,0,0,0,0,0
2727.0,0,0,0,0,9999.0,1.87,1,1,0,0,0,0
113.27,1,0,0,0,9999.0,3.03,1,1,0,0,0,0
1662.96,0,0,0,0,9999.0,3.05,1,0,0,1,0,0
1994.87,0,0,0,0,9999.0,2.8,1,0,0,0,0,0
1814.91,0,0,0,0,9999.0,1.95,1,0,0,0,0,0
2353.11,0,0,0,0,9999.0,2.87,1,0,0,0,1,0
414.3,0,0,0,0,9999.0,2.24,1,0,0,0,0,0
1724.53,0,0,0,0,9999.0,2.71,1,0,0,0,0,0
25455.18,0,0,0,1,9.0,3.43,1,1,0,0,0,1
16.67,0,0,0,0,9999.0,1.95,1,1,0,0,0,0
1509.97,0,0,0,0,9999.0,3.02,1,0,0,0,1,0
1840.63,0,0,0,0,9999.0,2.29,1,0,0,0,0,0
131.12,0,0,0,0,9999.0,2.87,1,1,0,1,0,0
123.77,0,0,0,0,9999.0,1.61,1,1,0,0,0,0
2462.21,0,0,0,0,9999.0,2.45,1,0,0,1,0,0
48.99,0,0,0,1,623.5279501009526,1.49,1,0,0,1,0,0
141.73,0,0,0,1,71.80427071827776,2.02,1,0,0,0,0,0
9999.0,1,0,0,1,5.4,3.13,1,1,1,1,1,1
2393.52,0,0,0,0,9999.0,1.8,1,0,0,0,0,0
36.56,0,0,0,0,9999.0,1.47,1,1,0,0,0,0
26352.62,0,0,0,0,9999.0,1.92,1,0,0,0,1,0
1563.41,0,0,0,0,9999.0,2.59,1,0,0,0,1,0
35394.48,1,0,0,1,29.0,3.8,0,1,0,2,1,1
1945.69,0,0,0,0,9999.0,2.29,1,0,0,0,0,0
1818.92,0,0,0,0,9999.0,2.1,1,1,0,0,0,0
2039.94,0,0,0,0,9999.0,2.56,1,1,0,0,0,0
1258.39,0,0,0,0,9999.0,2.95,1,0,0,1,0,0
122.96,0,0,0,0,9999.0,1.91,1,1,0,0,0,0
1531.19,0,0,0,0,9999.0,1.66,1,0,0,0,0,0
58.41,0,0,0,0,9999.0,1.87,1,1,0,0,1,0
50.87,0,0,0,0,9999.0,1.58,1,0,0,0,0,0
2799.18,0,0,0,0,9999.0,3.09,1,0,0,0,0,0
37.52,0,0,0,0,9999.0,2.07,1,0,0,0,0,0
1039.14,0,0,0,0,9999.0,1.9,1,1,0,0,1,0
77.99,0,0,0,0,9999.0,1.42,1,0,0,2,0,0
1411.84,0,0,0,0,9999.0,1.38,1,0,0,0,1,0
525.43,0,0,0,0,9999.0,1.61,1,1,0,0,0,0
2119.07,0,0,0,0,9999.0,2.77,1,0,0,0,0,0
1062.6,0,0,0,0,9999.0,2.44,1,0,0,0,0,0
13258.96,0,1,0,1,21.3,4.75,1,1,0,0,0,1
2901.53,0,0,0,1,1390.8959177590295,2.18,1,0,0,1,0,0
141.79,0,0,0,0,9999.0,2.24,1,1,0,0,0,0
23960.66,0,0,0,0,9999.0,1.38,1,1,0,0,0,0
76761.27,1,0,0,1,6.2,4.25,0,1,0,2,1,1
858.72,0,0,0,1,5.6,3.5,1,1,0,1,1,1
107.26,0,0,0,0,9999.0,2.18,1,0,0,0,0,0
19793.59,0,0,0,0,9999.0,2.18,1,0,0,0,1,0
2450.72,0,0,0,1,472.5610577314413,1.44,1,1,0,0,0,0
17480.38,0,0,0,0,9999.0,1.71,1,0,0,0,0,0
2553.92,0,0,0,0,9999.0,2.83,1,1,0,0,1,0
35.93,0,0,0,0,9999.0,2.5,1,1,0,0,0,0
621.57,0,0,0,0,9999.0,2.7,1,0,0,2,0,0
986.24,0,0,0,0,9999.0,1.45,1,0,0,0,0,0
936.43,0,0,0,0,9999.0,2.12,1,0,0,2,1,0
255.92,0,0,0,0,9999.0,1.58,1,1,0,0,0,0
2095.42,0,0,0,0,9999.0,1.55,1,0,0,0,0,0
1912.1,0,0,0,0,9999.0,1.34,1,0,0,0,0,0
72.26,0,0,0,0,9999.0,2.59,1,0,0,0,0,0
725.86,0,0,0,0,9999.0,2.66,1,0,0,0,0,0
62.84,0,0,0,0,9999.0,2.06,1,0,0,0,0,0
2929.06,0,0,0,0,9999.0,1.35,1,0,0,0,1,0
32.93,0,0,0,0,9999.0,1.5,1,1,0,0,1,0
36655.23,1,0,0,1,25.4,4.15,0,1,0,0,1,1
744.88,0,0,0,0,9999.0,1.25,1,0,0,2,0,0
2081.34,0,0,0,0,9999.0,2.53,1,0,0,0,0,0
980.95,0,0,0,0,9999.0,2.56,1,0,0,0,0,0
11679.27,1,0,1,1,19.8,3.48,0,1,0,0,0,1
6009.71,0,0,0,1,14.6,4.14,0,1,0,1,0,1
316.04,0,0,0,0,9999.0,2.16,1,0,0,0,0,0
2293.13,0,0,0,0,9999.0,1.41,1,1,0,1,0,0
18701.7,1,1,0,1,5.3,3.12,0,1,0,2,1,1
1028.95,0,0,0,1,821.4291291374459,2.59,1,1,0,0,0,0
53.17,0,0,0,0,9999.0,1.29,1,0,0,1,0,0
1668.36,0,0,0,0,9999.0,2.98,1,0,0,0,0,0
68.81,0,0,0,0,9999.0,2.3,1,0,0,1,0,0
143.96,0,0,0,0,9999.0,2.14,1,0,0,0,0,0
580.71,0,0,0,0,9999.0,2.93,1,1,0,0,0,0
1997.19,0,0,0,0,9999.0,2.73,1,0,0,0,0,0
501.08,0,0,0,0,9999.0,2.96,1,0,0,0,1,0
2396.52,0,0,0,0,9999.0,2.88,1,0,0,1,1,0
97.53,0,0,0,0,9999.0,2.58,1,0,0,0,0,0
1460.61,1,0,0,0,9999.0,2.8,1,0,0,1,0,0
94.6,0,0,0,0,9999.0,2.45,1,0,0,0,1,0
762.42,0,0,0,0,9999.0,2.59,1,1,0,2,0,0
85.81,0,0,0,0,9999.0,2.69,1,0,0,0,0,0
76691.99,1,1,0,1,33.4,3.59,0,1,0,2,0,1
1214.9,0,0,0,0,9999.0,2.28,1,0,0,0,0,0
26.52,0,0,0,0,9999.0,2.27,1,1,0,0,0,0
2267.74,0,0,0,0,9999.0,1.4,1,1,0,1,0,0
369.06,0,0,0,0,9999.0,2.4,1,1,0,0,1,0
2931.59,0,0,0,0,9999.0,1.85,1,0,0,0,1,0
37.79,0,0,0,0,9999.0,2.17,1,0,0,0,0,0
42284.88,1,0,0,1,14.5,3.65,1,1,0,0,1,1
1449.17,0,0,0,0,9999.0,2.98,1,1,0,0,1,0
14.88,0,0,0,0,9999.0,1.6,1,0,0,0,0,0
2833.44,1,0,0,0,9999.0,2.06,1,0,0,1,0,0
1128.96,0,0,0,0,9999.0,2.71,1,0,0,0,0,0
2018.39,0,0,0,0,9999.0,2.58,1,1,0,0,0,0
2462.9,0,0,0,0,9999.0,1.51,1,0,0,0,0,0
141.34,0,0,0,0,9999.0,2.39,1,0,0,0,0,0
114.13,0,0,0,0,9999.0,1.38,1,0,0,0,0,0
75.97,0,0,0,0,9999.0,3.01,1,0,0,1,1,0
17289.46,0,1,0,1,1.9,3.02,0,1,0,2,0,1
1477.02,0,0,0,0,9999.0,2.47,1,0,0,0,0,0
18964.67,0,0,0,0,9999.0,3.01,1,1,0,0,0,0
1366.04,0,0,0,1,741.9116753828316,2.51,1,0,0,0,0,0
2820.15,0,0,0,0,9999.0,1.41,1,1,0,0,0,0
1626.86,0,0,0,0,9999.0,3.07,1,0,0,0,0,0
67.41,0,0,0,0,9999.0,2.74,1,0,0,0,0,0
2877.98,0,0,0,0,9999.0,2.2,1,1,0,0,0,0
147.96,0,1,0,0,9999.0,2.51,1,1,0,2,0,0
17.42,0,0,0,0,9999.0,1.49,1,1,0,0,0,0
38.69,0,0,0,0,9999.0,2.52,1,1,0,1,0,0
127.6,0,0,0,0,9999.0,3.03,1,0,0,0,1,0
2585.59,1,0,0,1,11.8,3.5,0,1,0,0,0,1
1846.5,0,0,0,0,9999.0,2.66,1,0,0,0,0,0
2063.26,0,0,0,0,9999.0,2.01,1,0,0,0,0,0
2290.42,0,0,0,0,9999.0,1.66,1,0,0,2,0,0
2957.43,1,0,0,0,9999.0,1.98,1,0,0,0,0,0
39121.7,1,0,0,1,9.4,3.48,1,1,0,0,0,1
41.58,0,0,0,0,9999.0,1.94,1,1,0,1,0,0
1243.05,0,0,0,0,9999.0,2.82,1,0,0,0,0,0
924.84,0,0,0,1,1355.6124425468802,1.37,1,0,0,1,0,0
988.24,0,0,0,0,9999.0,1.58,1,0,0,0,0,0
93.77,0,0,0,0,9999.0,1.45,1,0,0,0,0,0
46291.08,1,1,0,1,3.2,3.83,0,0,0,2,1,1
74.17,0,0,0,0,9999.0,1.35,1,1,0,0,0,0
1591.36,0,0,0,0,9999.0,1.82,1,0,0,0,0,0
2309.62,1,0,0,1,12.9,4.49,1,0,0,0,0,1
1289.34,0,0,0,0,9999.0,3.05,1,0,0,0,0,0
20088.03,1,1,1,1,14.3,2.89,1,0,0,0,1,1
59.86,1,0,0,0,9999.0,1.78,1,1,0,0,0,0
8000.0,1,0,0,1,27.2,3.47,1,1,0,0,1,1
142.14,0,0,0,0,9999.0,2.41,1,0,0,0,0,0
2279.34,0,0,0,0,9999.0,1.72,1,1,0,1,0,0
738.74,1,0,0,0,9999.0,1.57,1,0,0,1,0,0
661.74,0,0,0,0,9999.0,3.09,1,0,0,0,0,0
84.92,0,0,0,0,9999.0,2.32,1,0,0,0,0,0
1920.02,0,0,0,1,327.8285434878946,2.35,1,0,0,1,0,0
91.74,0,0,0,0,9999.0,1.55,1,0,0,1,1,0
129.79,0,0,0,0,9999.0,1.64,1,0,0,0,0,0
2323.8,0,0,0,0,9999.0,1.86,1,0,0,0,0,0
1126.1,0,0,0,0,9999.0,2.34,1,1,0,0,1,0
97.95,0,0,0,1,872.4090105301453,1.73,1,0,0,0,0,0
95.83,0,0,0,0,9999.0,2.79,1,0,0,0,0,0
803.73,0,0,0,1,1185.3792374671148,2.8,1,1,0,2,0,0
124.84,0,0,0,0,9999.0,2.41,1,0,0,1,1,0
28.91,0,0,0,0,9999.0,1.46,1,0,0,0,0,0
2199.47,0,0,0,0,9999.0,2.4,1,1,0,0,0,0
2119.21,0,0,0,0,9999.0,2.33,1,0,0,0,0,0
57.41,1,0,0,0,9999.0,1.82,1,0,0,0,0,0
2074.93,0,0,0,0,9999.0,1.58,1,0,0,2,0,0
1671.77,0,0,0,0,9999.0,3.07,1,0,0,0,0,0
26.55,0,0,0,0,9999.0,2.89,1,0,0,1,1,0
1717.01,0,0,0,0,9999.0,2.33,1,0,0,0,0,0
24434.86,0,0,0,1,800.4658196159586,2.35,1,0,0,1,0,0
1123.63,0,0,0,0,9999.0,2.91,1,1,0,0,0,0
71.89,0,0,0,0,9999.0,2.69,1,0,0,1,0,0
82.99,0,0,0,0,9999.0,1.37,1,0,0,0,1,0
1494.99,0,0,0,0,9999.0,1.31,1,0,0,1,0,0
37624.84,1,1,1,1,19.1,3.52,1,1,0,2,0,1
106.45,0,0,0,1,176.9899872408,2.66,1,0,0,0,0,0
20.47,0,0,0,0,9999.0,2.16,1,0,0,1,0,0
1472.29,0,0,0,0,9999.0,1.36,1,0,0,1,0,0
2760.14,0,0,0,0,9999.0,1.63,1,1,0,0,0,0
87.49,0,0,0,0,9999.0,1.98,1,0,0,0,0,0
122.73,0,0,0,0,9999.0,1.48,1,0,0,0,0,0
104.84,0,0,0,0,9999.0,2.82,1,0,0,1,0,0
49.12,0,0,0,0,9999.0,2.02,1,0,0,0,0,0
441.38,0,0,0,0,9999.0,1.81,1,0,0,0,0,0
1927.53,0,0,0,0,9999.0,1.7,1,0,0,1,0,0
126.13,0,0,0,0,9999.0,1.37,1,0,0,0,0,0
21304.94,0,0,0,0,9999.0,3.07,1,0,0,0,0,0
1663.54,0,0,0,0,9999.0,2.58,1,0,0,0,1,0
60.04,1,0,0,0,9999.0,2.69,1,0,0,1,0,0
43.9,0,0,0,0,9999.0,2.56,1,1,0,1,0,0
74.18,0,0,0,0,9999.0,1.69,1,0,0,0,1,0
796.4,0,0,0,0,9999.0,3.02,1,0,0,0,0,0
1838.61,0,0,0,0,9999.0,2.3,1,0,0,1,0,0
2495.26,0,0,0,1,1034.0170578080174,2.58,1,0,0,1,0,0
35652.11,1,0,0,1,11.5,3.56,1,1,0,0,1,1
111.89,0,0,0,0,9999.0,1.4,1,0,0,1,0,0
2395.12,0,0,0,0,9999.0,1.23,1,0,0,0,0,0
50.54,0,0,0,0,9999.0,1.39,1,0,0,1,1,0
24823.26,0,0,0,0,9999.0,2.7,1,1,0,0,0,0
54.92,0,0,0,0,9999.0,2.93,1,0,0,1,0,0
8000.0,0,0,0,1,10.1,4.66,1,1,0,2,0,1
810.82,0,0,0,0,9999.0,1.9,1,0,0,2,0,0
80.1,0,0,0,0,9999.0,2.31,1,0,0,0,0,0
992.22,1,0,0,0,9999.0,2.7,1,0,0,0,1,0
850.69,0,0,0,0,9999.0,2.37,1,1,0,0,1,0
24124.94,0,0,0,0,9999.0,1.43,1,0,0,2,0,0
2700.18,0,0,0,0,9999.0,1.55,1,0,0,1,0,0
1500.0,0,0,0,1,27.4,4.09,1,0,0,0,0,1
118.16,0,0,0,0,9999.0,1.59,1,0,0,1,0,0
1377.86,0,0,0,0,9999.0,2.38,1,1,0,0,1,0
439.04,0,0,0,0,9999.0,3.06,1,0,0,1,0,0
61.83,0,0,0,0,9999.0,2.52,1,0,0,0,0,0
21.01,0,0,0,0,9999.0,1.56,1,0,0,0,0,0
130.76,0,0,0,0,9999.0,2.88,1,0,0,0,0,0
2280.51,1,0,0,0,9999.0,1.39,1,0,0,0,0,0
122.96,0,0,0,0,9999.0,3.05,1,1,0,0,0,0
2375.71,0,0,0,0,9999.0,3.0,1,0,0,0,1,0
782.24,0,0,0,0,9999.0,2.14,1,1,0,0,0,0
749.22,0,0,0,0,9999.0,2.32,1,1,0,0,0,0
2500.0,1,0,0,1,7.0,4.1,1,1,1,1,1,1
1875.6,0,0,0,0,9999.0,1.83,1,0,0,0,0,0
638.87,0,0,0,0,9999.0,1.76,1,0,0,0,0,0
124.09,0,0,0,0,9999.0,1.56,1,0,0,0,1,0
39.31,0,0,0,0,9999.0,1.89,1,0,0,0,0,0
21081.73,1,1,0,1,22.3,3.98,0,1,0,0,1,1
2226.02,0,0,0,0,9999.0,2.05,1,0,0,1,0,0
41.18,0,0,0,0,9999.0,2.73,1,0,0,0,1,0
1322.14,0,0,0,0,9999.0,2.79,1,1,0,1,1,0
1864.33,0,0,0,0,9999.0,2.23,1,0,0,0,0,0
1690.33,0,0,0,0,9999.0,2.23,1,1,0,0,1,0
32.92,0,0,0,0,9999.0,2.91,1,0,0,0,0,0
1809.49,0,0,0,0,9999.0,2.9,1,0,0,0,0,0
2319.87,0,0,0,0,9999.0,2.05,1,0,0,0,0,0
142.46,0,0,0,0,9999.0,2.25,1,1,0,0,1,0
1001.15,0,0,0,1,543.6859696688753,1.84,1,0,0,0,1,0
2603.63,0,0,0,0,9999.0,3.0,1,1,0,1,0,0
1090.69,0,0,0,0,9999.0,2.22,1,0,0,1,0,0
2993.87,0,0,0,0,9999.0,1.36,1,0,0,2,0,0
112.64,0,0,0,0,9999.0,2.47,1,0,0,1,0,0
90.83,0,0,0,0,9999.0,2.39,1,0,0,2,0,0
2393.6,0,0,0,0,9999.0,2.98,1,0,0,0,0,0
1632.67,0,0,0,0,9999.0,1.7,1,1,0,0,0,0
91.93,1,0,0,0,9999.0,1.34,1,1,0,1,0,0
96.24,0,0,0,0,9999.0,2.35,1,0,0,0,0,0
648.68,0,0,0,0,9999.0,2.87,1,0,0,0,0,0
3000.0,0,0,0,1,23.6,4.28,0,1,0,2,1,1
1821.27,0,0,0,0,9999.0,1.2,1,1,0,0,0,0
78534.41,1,0,0,1,2.9,3.28,1,1,0,0,0,1
8000.0,0,0,0,1,16.5,3.15,1,0,0,1,1,1
1192.67,0,0,0,0,9999.0,3.09,1,1,0,0,0,0
147.81,0,0,0,0,9999.0,2.37,1,0,0,0,0,0
58.97,0,0,0,0,9999.0,1.74,1,1,0,0,0,0
915.91,0,0,0,0,9999.0,1.64,1,0,0,1,0,0
16456.94,0,0,0,1,12.3,4.25,1,1,0,0,1,1
2057.85,0,0,0,0,9999.0,2.6,1,0,0,1,0,0
138.92,0,0,0,0,9999.0,2.64,1,0,0,2,0,0
1423.3,0,0,0,0,9999.0,2.72,1,0,0,1,0,0
1113.14,0,0,0,0,9999.0,1.87,1,0,0,0,0,0
2066.74,0,0,0,0,9999.0,1.32,1,0,0,0,0,0
842.05,0,0,0,0,9999.0,2.73,1,1,0,1,0,0
14.79,0,0,0,0,9999.0,2.51,1,0,0,1,0,0
15000.0,1,0,0,1,3.3,4.34,1,1,1,0,0,1
2724.41,0,0,0,0,9999.0,2.0,1,0,0,0,0,0
1071.35,0,0,0,0,9999.0,2.25,1,0,0,1,0,0
93.02,0,0,0,0,9999.0,1.69,1,0,0,1,0,0
39405.14,1,1,1,1,5.8,4.69,1,1,0,0,0,1
2586.07,0,0,0,0,9999.0,2.09,1,0,0,0,0,0
17.9,1,0,0,1,543.5489899860198,1.63,1,0,0,2,1,0
1534.62,0,0,0,0,9999.0,2.5,1,1,0,0,0,0
2469.18,0,0,0,0,9999.0,2.9,1,0,0,2,0,0
1980.92,0,0,0,0,9999.0,2.75,1,0,0,0,1,0
134.37,0,0,0,0,9999.0,2.22,1,1,0,0,0,0
735.34,0,0,0,1,1017.2520571373358,1.21,1,1,0,1,0,0
1769.97,0,0,0,0,9999.0,1.88,1,0,0,0,0,0
678.48,0,0,0,0,9999.0,1.25,1,0,0,0,0,0
1571.03,1,0,0,0,9999.0,2.71,1,1,0,0,1,0
8000.0,0,0,0,1,32.8,3.53,1,1,0,0,1,1
21052.65,0,0,0,0,9999.0,2.43,1,0,0,0,0,0
145.13,0,0,0,0,9999.0,1.77,1,0,0,0,0,0
4082.07,0,0,0,1,13.5,3.49,0,1,0,1,1,1
129.11,0,0,0,0,9999.0,1.65,1,0,0,0,0,0
2784.5,0,0,0,0,9999.0,1.43,1,0,0,0,0,0
67.02,1,0,0,0,9999.0,1.35,1,0,0,0,0,0
2790.75,0,0,0,0,9999.0,1.9,1,0,0,0,0,0
70.97,0,0,0,0,9999.0,3.01,1,0,0,1,0,0
41.73,0,0,0,1,626.1873369877451,2.06,1,1,0,0,0,0
11.85,1,0,0,0,9999.0,2.26,1,1,0,0,0,0
16.39,0,0,0,0,9999.0,1.48,1,1,0,1,1,0
55.94,0,0,0,0,9999.0,3.03,1,0,0,0,0,0
1733.82,0,0,0,0,9999.0,1.45,1,1,0,1,0,0
2523.23,0,0,0,0,9999.0,2.53,1,0,0,0,0,0
861.48,0,0,0,0,9999.0,2.96,1,1,0,0,0,0
145.48,0,0,0,0,9999.0,2.8,1,1,0,0,0,0
1658.51,0,0,0,0,9999.0,1.37,1,1,0,0,1,0
31.23,0,0,0,0,9999.0,2.17,1,0,0,1,0,0
1914.94,0,0,0,0,9999.0,1.42,1,1,0,1,1,0
871.0,0,0,0,0,9999.0,1.8,1,0,0,1,0,0
113.01,0,0,0,0,9999.0,2.08,1,0,0,1,0,0
112.47,0,0,0,0,9999.0,2.31,1,0,0,0,0,0
2000.0,0,0,0,0,9999.0,3.08,1,0,0,0,0,0
2399.77,0,0,0,0,9999.0,2.17,1,0,0,2,0,0
85.69,0,0,0,1,642.2837465662684,3.09,1,0,0,0,0,0
1385.28,0,0,0,0,9999.0,2.82,1,0,0,0,0,0
94.68,0,0,0,0,9999.0,1.67,1,1,0,1,0,0
548.55,0,0,0,0,9999.0,3.06,1,0,0,1,0,0
939.48,0,0,0,0,9999.0,2.12,1,0,0,0,0,0
2684.42,0,0,0,0,9999.0,1.48,1,0,0,0,0,0
524.36,0,0,0,0,9999.0,1.75,1,1,0,0,0,0
25130.94,0,0,0,0,9999.0,2.1,1,1,0,0,0,0
64.87,1,0,0,0,9999.0,3.07,1,0,0,0,0,0
2809.09,0,0,0,0,9999.0,1.45,1,0,0,1,0,0
593.1,0,0,0,0,9999.0,1.47,1,0,0,0,1,0
2047.11,0,0,0,0,9999.0,2.35,1,0,0,1,0,0
25258.7,0,0,0,0,9999.0,1.6,1,0,0,0,0,0
5000.0,1,0,0,1,1.9,3.38,1,1,1,2,0,1
21195.58,0,0,0,0,9999.0,2.96,1,0,0,0,0,0
1077.29,0,0,0,0,9999.0,1.83,1,1,0,0,0,0
1882.73,0,0,0,0,9999.0,1.48,1,0,0,2,0,0
2745.69,1,0,0,0,9999.0,1.88,1,0,0,0,0,0
42.34,0,0,0,0,9999.0,2.16,1,0,0,0,1,0
37.81,0,0,0,1,321.6272016392518,1.59,1,1,0,2,1,0
41.38,0,0,0,0,9999.0,1.4,1,0,0,1,0,0
920.38,0,0,0,0,9999.0,2.6,1,0,0,0,0,0
36722.11,0,0,0,1,140.92781680094348,2.87,1,1,0,0,1,0
648.29,0,0,0,0,9999.0,2.59,1,1,0,0,0,0
49.32,0,0,0,0,9999.0,2.46,1,0,0,1,1,0
88.11,0,0,0,0,9999.0,2.81,1,0,0,0,0,0
125.97,1,0,0,0,9999.0,2.08,1,0,0,2,0,0
4930.66,1,0,0,1,7.9,2.93,1,1,0,2,0,1
58.55,0,0,0,0,9999.0,1.45,1,0,0,0,0,0
1974.94,0,0,0,0,9999.0,2.54,1,0,0,0,0,0
25.99,0,0,0,0,9999.0,1.57,1,0,0,0,0,0
2266.05,0,0,0,0,9999.0,2.57,1,0,0,0,0,0
1939.78,0,0,0,0,9999.0,1.7,1,0,0,0,1,0
34.87,0,0,0,0,9999.0,2.89,1,0,0,0,0,0
5000.0,0,0,0,1,0.9,3.1,1,0,1,1,0,1
2003.59,0,0,0,1,360.9483175733328,1.98,1,0,0,0,0,0
28389.9,0,0,0,0,9999.0,2.05,1,1,0,0,0,0
2245.58,0,0,0,0,9999.0,3.0,1,0,0,0,1,0
55.91,0,0,0,0,9999.0,2.58,1,1,0,1,1,0
62.24,0,0,0,0,9999.0,1.99,1,0,0,2,0,0
574.36,0,0,0,0,9999.0,2.15,1,0,0,1,0,0
48.47,0,0,0,0,9999.0,1.69,1,0,0,0,0,0
144.35,0,0,0,0,9999.0,1.82,1,0,0,1,0,0
385.53,0,0,0,0,9999.0,1.34,1,1,0,1,0,0
2815.84,0,0,0,0,9999.0,1.34,1,0,0,1,0,0
105.84,0,0,0,0,9999.0,1.55,1,0,0,0,0,0
92.48,0,0,0,0,9999.0,2.47,1,0,0,0,0,0
2363.68,0,0,0,0,9999.0,2.98,1,0,0,1,1,0
1329.96,0,0,0,0,9999.0,2.22,1,0,0,0,1,0
1500.0,1,0,0,1,19.2,4.5,1,1,0,2,0,1
92.78,0,0,0,0,9999.0,2.29,1,0,0,0,0,0
44.86,0,0,0,0,9999.0,2.47,1,1,0,1,0,0
1761.47,0,0,0,0,9999.0,2.16,1,1,0,0,1,0
44.63,0,0,0,0,9999.0,2.47,1,0,0,0,0,0
13.35,0,0,0,0,9999.0,2.07,1,1,0,0,0,0
102.22,0,0,0,0,9999.0,2.89,1,1,0,0,0,0
31072.05,1,1,0,0,18.2,2.93,0,1,0,2,0,1
1643.38,0,0,0,0,9999.0,1.9,1,1,0,0,0,0
2408.62,0,0,0,0,9999.0,2.91,1,1,0,1,0,0
86.14,0,0,0,0,9999.0,1.89,1,0,0,0,0,0
57.77,0,0,0,0,9999.0,1.29,1,1,0,0,0,0
32347.06,0,0,0,0,9999.0,2.19,1,0,0,0,0,0
42398.36,0,0,0,0,9999.0,2.78,1,0,0,0,1,0
595.02,0,0,0,0,9999.0,2.02,1,1,0,0,0,0
83.74,0,0,0,0,9999.0,1.57,1,1,0,0,0,0
97.45,0,0,0,0,9999.0,1.84,1,1,0,0,0,0
54.75,0,0,0,0,9999.0,2.05,1,0,0,0,0,0
790.37,0,0,0,0,9999.0,1.86,1,0,0,0,1,0
605.87,0,0,0,0,9999.0,1.69,1,0,0,0,0,0
39051.76,0,0,0,0,9999.0,1.8,1,0,0,0,0,0
3964.98,0,0,0,1,15.0,4.17,0,1,0,2,1,1
3000.0,0,0,0,1,21.8,3.32,0,1,0,2,0,1
2505.96,0,0,0,1,613.3924587486521,2.2,1,1,0,0,0,0
128.17,0,0,0,0,9999.0,1.66,1,0,0,0,0,0
130.22,0,0,0,0,9999.0,1.33,1,0,0,0,1,0
25000.0,0,0,0,1,19.7,4.78,0,1,0,2,1,1
416.77,0,0,0,0,9999.0,2.55,1,0,0,0,0,0
1722.86,0,0,0,0,9999.0,2.43,1,0,0,0,0,0
41.94,0,0,0,0,9999.0,3.08,1,1,0,0,0,0
829.16,0,0,0,0,9999.0,2.15,1,0,0,0,0,0
8000.0,0,0,0,1,42.4,3.94,1,0,0,1,0,1
36689.61,0,0,0,0,9999.0,2.6,1,1,0,1,0,0
36.87,0,0,0,0,9999.0,1.85,1,1,0,0,0,0
783.55,0,0,0,0,9999.0,1.64,1,0,0,0,0,0
30.05,0,0,0,1,787.3513781858994,2.47,1,0,0,0,0,0
937.16,0,0,0,0,9999.0,2.4,1,1,0,1,0,0
2500.0,1,0,0,1,7.0,4.3,0,1,1,0,0,1
94.77,0,0,0,0,9999.0,2.8,1,0,0,1,0,0
1624.89,0,0,0,1,230.97179230243583,1.9,1,0,0,0,0,0
2509.37,0,0,0,0,9999.0,1.26,1,1,0,0,0,0
130.86,0,0,0,1,179.10652372155033,2.3,1,0,0,0,0,0
1179.78,0,0,0,0,9999.0,1.72,1,1,0,0,1,0
2579.07,0,0,0,1,1106.022945266178,1.29,1,1,0,0,0,0
1888.25,0,0,0,0,9999.0,2.7,1,1,0,0,0,0
480.51,0,0,0,0,9999.0,1.99,1,0,0,0,0,0
2111.75,0,0,0,0,9999.0,1.24,1,1,0,0,0,0
2475.54,0,0,0,1,267.1700899111919,2.61,1,0,0,0,0,0
2241.52,0,0,0,0,9999.0,1.44,1,0,0,0,0,0
87.99,0,0,0,0,9999.0,1.59,1,0,0,0,1,0
149.83,0,0,0,0,9999.0,1.31,1,1,0,1,0,0
807.85,0,0,0,1,982.867182172786,1.52,1,0,0,0,0,0
94.64,0,0,0,0,9999.0,1.61,1,0,0,2,0,0
1287.41,0,0,0,0,9999.0,2.55,1,0,0,0,0,0
2934.48,0,0,0,0,9999.0,1.5,1,0,0,0,0,0
30.27,0,0,0,0,9999.0,3.05,1,0,0,0,0,0
2997.17,0,0,0,0,9999.0,2.79,1,1,0,0,0,0
910.37,0,0,0,0,9999.0,1.76,1,1,0,0,0,0
46.19,0,0,0,0,9999.0,2.7,1,1,0,0,0,0
1951.38,0,0,0,0,9999.0,2.05,1,1,0,2,1,0
77.66,0,0,0,0,9999.0,2.44,1,1,0,0,1,0
127.64,0,0,0,0,9999.0,3.06,1,0,0,1,0,0
25000.0,1,0,0,1,0.3,3.1,1,1,1,0,0,1
1622.57,0,0,0,0,9999.0,2.03,1,0,0,0,1,0
35.64,0,0,0,0,9999.0,2.97,1,1,0,2,0,0
34377.55,0,0,0,0,9999.0,2.18,1,0,0,0,0,0
117.71,0,0,0,0,9999.0,1.86,1,0,0,1,0,0
889.85,0,0,0,0,9999.0,2.15,1,0,0,0,0,0
15.24,0,0,0,0,9999.0,2.4,1,1,0,0,0,0
1412.1,0,0,0,0,9999.0,1.89,1,0,0,0,0,0
101.9,0,0,0,0,9999.0,2.97,1,0,0,1,1,0
1484.79,0,0,0,0,9999.0,2.28,1,0,0,1,0,0
25000.0,1,0,0,1,36.3,3.7,1,1,0,2,1,1
1901.05,0,0,0,0,9999.0,2.27,1,0,0,0,0,0
2067.41,0,0,0,0,9999.0,2.19,1,0,0,0,0,0
1910.8,0,0,0,0,9999.0,2.54,1,0,0,0,0,0
496.9,1,0,0,0,9999.0,1.85,1,0,0,0,0,0
101.23,0,0,0,0,9999.0,1.5,1,0,0,1,0,0
29.09,0,0,0,0,9999.0,2.16,1,0,0,0,0,0
72.16,0,0,0,0,9999.0,1.91,1,0,0,1,0,0
26.71,0,0,0,0,9999.0,2.11,1,0,0,0,1,0
22436.19,1,1,0,1,29.8,3.48,0,1,0,1,0,1
651.36,1,0,0,0,9999.0,2.11,1,0,0,1,0,0
11455.31,0,0,0,0,9999.0,2.95,1,1,0,0,0,0
76970.24,1,0,0,1,33.6,3.43,1,1,0,0,1,1
132.19,0,0,0,0,9999.0,2.61,1,0,0,0,0,0
2854.02,0,0,0,0,9999.0,1.49,1,1,0,0,0,0
1980.71,0,0,0,0,9999.0,2.89,1,0,0,2,0,0
1641.96,0,0,0,0,9999.0,2.17,1,0,0,0,0,0
1558.3,0,0,0,0,9999.0,1.3,1,0,0,1,0,0
1040.58,0,0,0,1,151.22654561565747,1.77,1,0,0,0,0,0
32.66,0,0,0,0,9999.0,2.2,1,0,0,0,0,0
505.97,0,0,0,0,9999.0,1.37,1,0,0,0,1,0
1216.63,0,0,0,1,735.0278891601006,2.77,1,0,0,0,0,0
1033.45,0,0,0,0,9999.0,2.55,1,0,0,0,0,0
78942.92,1,1,0,1,12.8,3.68,1,1,0,0,0,1
1136.38,0,0,0,0,9999.0,1.75,1,1,0,0,0,0
2771.72,0,0,0,0,9999.0,3.06,1,1,0,0,0,0
1045.4,0,0,0,0,9999.0,2.09,1,0,0,0,0,0
953.2,1,0,0,0,9999.0,1.65,1,0,0,1,0,0
52.65,0,0,0,0,9999.0,1.69,1,0,0,2,0,0
48.65,0,0,0,0,9999.0,1.35,1,0,0,0,1,0
103.73,0,0,0,1,117.72061177436612,1.73,1,0,0,0,0,0
15.66,0,0,0,0,9999.0,2.22,1,0,0,2,1,0
1557.69,0,0,0,0,9999.0,2.99,1,1,0,0,1,0
147.16,0,0,0,0,9999.0,2.5,1,1,0,1,1,0
474.83,0,0,0,0,9999.0,1.97,1,0,0,0,0,0
1193.54,0,0,0,0,9999.0,1.81,1,1,0,0,0,0
39.38,0,0,0,0,9999.0,2.69,1,1,0,0,1,0
19164.95,1,1,0,1,15.4,4.17,0,1,0,1,0,1
15.02,0,0,0,0,9999.0,2.33,1,1,0,0,1,0
629.0,0,0,0,0,9999.0,3.07,1,0,0,1,0,0
2370.1,0,1,0,0,9999.0,2.84,1,1,0,0,0,0
50.98,0,0,0,0,9999.0,2.41,1,0,0,0,0,0
5728.87,0,0,0,1,13.7,4.32,1,1,0,2,0,1
1031.3,0,0,0,0,9999.0,1.9,1,0,0,0,1,0
1023.71,0,0,0,0,9999.0,2.3,1,1,0,0,0,0
26.84,0,0,0,0,9999.0,2.39,1,0,0,0,0,0
8000.0,0,0,0,1,18.6,3.37,0,1,0,2,1,1
1788.71,0,0,0,0,9999.0,1.84,1,0,0,0,0,0
1746.73,0,0,0,0,9999.0,1.98,1,0,0,1,0,0
903.57,0,0,0,0,9999.0,3.01,1,1,0,0,0,0
60.41,0,0,0,0,9999.0,2.46,1,1,0,0,0,0
112.97,0,0,0,0,9999.0,1.21,1,0,0,2,0,0
77.52,0,0,0,0,9999.0,2.26,1,0,0,1,0,0
667.93,0,0,0,0,9999.0,2.88,1,0,0,0,0,0
767.23,0,0,0,0,9999.0,2.71,1,0,0,0,1,0
81.8,0,0,0,0,9999.0,2.31,1,0,0,1,0,0
49.66,0,0,0,0,9999.0,1.75,1,0,0,2,0,0
2570.75,0,0,0,0,9999.0,1.79,1,1,0,0,0,0
66.38,0,0,0,0,9999.0,1.59,1,0,0,0,1,0
81.5,0,0,0,0,9999.0,1.73,1,0,0,0,1,0
147.54,0,0,0,0,9999.0,1.27,1,1,0,0,0,0
10476.56,0,0,1,0,11.4,4.17,0,1,0,2,0,1
1268.0,0,0,0,0,9999.0,1.42,1,0,0,0,0,0
34.23,0,0,0,0,9999.0,1.65,1,0,0,1,1,0
106.05,0,0,0,0,9999.0,3.1,1,1,0,0,0,0
80.91,0,0,0,0,9999.0,3.05,1,0,0,0,0,0
97.17,0,0,0,0,9999.0,2.34,1,0,0,0,1,0
25.06,0,0,0,0,9999.0,1.72,1,0,0,1,0,0
108.51,0,0,0,0,9999.0,2.72,1,0,0,0,0,0
8000.0,0,0,0,1,12.1,4.32,1,1,0,1,1,1
2928.65,0,0,0,0,9999.0,1.66,1,1,0,0,1,0
23887.55,1,0,0,0,9999.0,2.9,1,1,0,0,0,0
33.75,0,0,0,0,9999.0,2.42,1,0,0,0,0,0
109.61,0,0,0,0,9999.0,2.59,1,0,0,0,1,0
68.7,0,0,0,0,9999.0,2.88,1,0,0,1,0,0
26.55,0,0,0,0,9999.0,3.06,1,0,0,0,0,0
743.79,0,0,0,1,618.2696232063088,1.5,1,1,0,0,0,0
56.5,0,0,0,0,9999.0,1.75,1,0,0,0,1,0
2296.13,0,0,0,0,9999.0,1.29,1,0,0,0,0,0
399.59,0,0,0,0,9999.0,2.96,1,0,0,0,0,0
2559.78,0,0,0,0,9999.0,1.36,1,1,0,0,0,0
76963.78,0,1,0,1,10.4,3.84,0,1,0,0,1,1
1494.64,0,0,0,0,9999.0,2.97,1,0,0,0,0,0
1670.93,0,0,0,0,9999.0,1.7,1,0,0,0,0,0
2622.63,0,0,0,0,9999.0,1.9,1,1,0,0,0,0
99.43,0,0,0,0,9999.0,2.25,1,0,0,0,1,0
2979.91,0,0,0,0,9999.0,2.3,1,0,0,0,0,0
97.65,0,0,0,0,9999.0,2.72,1,0,0,1,0,0
1692.05,0,0,0,0,9999.0,2.07,1,0,0,0,0,0
149.04,0,0,0,0,9999.0,2.64,1,0,0,0,0,0
417.41,0,0,0,0,9999.0,3.06,1,0,0,0,0,0
1871.5,0,0,0,0,9999.0,2.84,1,0,0,1,0,0
693.33,0,0,0,0,9999.0,1.47,1,0,0,1,0,0
2043.88,0,0,0,0,9999.0,2.01,1,0,0,0,0,0
90.83,0,0,0,0,9999.0,2.34,1,0,0,1,0,0
1854.33,0,0,0,1,179.00526338966998,2.49,1,0,0,2,1,0
38.2,0,0,0,0,9999.0,2.28,1,1,0,0,0,0
100.3,0,0,0,0,9999.0,2.36,1,0,0,0,1,0
105.72,0,0,0,0,9999.0,1.73,1,0,0,0,1,0
144.16,0,0,0,0,9999.0,2.24,1,1,0,0,0,0
21.41,0,0,0,0,9999.0,1.69,1,1,0,0,1,0
1002.21,0,0,0,0,9999.0,2.65,1,0,0,0,0,0
306.81,0,0,0,0,9999.0,2.15,1,0,0,2,1,0
1770.31,1,0,0,0,9999.0,2.7,1,0,0,0,0,0
134.83,0,0,0,0,9999.0,2.94,1,0,0,0,1,0
117.98,0,0,0,1,669.7774566919201,1.79,1,0,0,0,0,0
929.21,0,0,0,0,9999.0,2.26,1,0,0,0,0,0
84.78,0,0,0,0,9999.0,1.76,1,1,0,1,1,0
100.34,0,0,0,0,9999.0,2.93,1,0,0,0,0,0
89.87,0,0,0,0,9999.0,1.83,1,0,0,0,0,0
36574.35,0,0,0,0,9999.0,2.68,1,1,0,1,1,0
51.47,0,0,0,0,9999.0,1.68,1,0,0,0,0,0
1069.89,0,0,0,0,9999.0,1.48,1,1,0,0,0,0
117.07,0,0,0,0,9999.0,2.79,1,0,0,0,0,0
71.67,0,0,0,0,9999.0,2.1,1,1,0,1,0,0
70.05,0,0,0,0,9999.0,2.29,1,0,0,0,0,0
28.0,0,0,0,0,9999.0,2.93,1,0,0,0,0,0
1728.13,0,0,0,0,9999.0,2.59,1,1,0,0,1,0
5239.93,0,0,0,1,13.9,3.57,1,1,0,0,1,1
2304.38,0,0,0,0,9999.0,1.55,1,0,0,0,0,0
58.18,0,0,0,0,9999.0,1.29,1,1,0,0,1,0
1863.26,0,0,0,1,117.25734906074906,2.38,1,0,0,0,0,0
87.76,0,0,0,0,9999.0,2.92,1,0,0,0,1,0
87.24,1,0,0,0,9999.0,2.55,1,0,0,0,1,0
1420.68,0,0,0,0,9999.0,1.51,1,1,0,1,0,0
2158.97,0,0,0,1,1200.193087390693,1.24,1,0,0,0,0,0
30.34,0,0,0,0,9999.0,1.34,1,1,0,1,0,0
2157.84,0,0,0,0,9999.0,2.99,1,0,0,2,1,0
2523.18,0,0,0,0,9999.0,1.67,1,1,0,0,0,0
19719.55,1,0,0,0,1.8,3.27,1,1,0,1,0,1
115.85,0,0,0,0,9999.0,2.83,1,0,0,1,0,0
68.85,0,0,0,0,9999.0,2.02,1,0,0,0,0,0
61.84,0,0,0,0,9999.0,2.08,1,1,0,0,1,0
5000.0,1,0,0,1,2.1,3.78,1,1,1,2,0,1
1832.72,0,0,0,0,9999.0,2.87,1,1,0,2,0,0
141.49,0,0,0,1,1398.96357435169,2.77,1,0,0,0,0,0
2409.25,0,0,0,0,9999.0,2.84,1,0,0,0,0,0
11.07,0,0,0,0,9999.0,1.59,1,0,0,0,0,0
2086.95,0,0,0,1,77.39906895598708,2.72,1,0,0,0,0,0
1439.14,0,0,0,1,1046.2020717139894,1.6,1,0,0,1,0,0
1938.27,0,0,0,0,9999.0,2.68,1,1,0,0,0,0
118.64,0,0,0,0,9999.0,1.7,1,1,0,0,1,0
47.4,0,0,0,0,9999.0,2.73,1,0,0,0,0,0
2638.93,0,0,0,0,9999.0,2.1,1,1,0,0,1,0
714.64,0,0,0,0,9999.0,2.47,1,0,0,0,0,0
615.5,0,0,0,0,9999.0,1.21,1,0,0,0,0,0
1193.78,0,0,0,0,9999.0,1.43,1,1,0,1,0,0
1304.63,0,0,0,0,9999.0,2.25,1,0,0,1,0,0
2037.7,0,0,0,0,9999.0,2.38,1,0,0,1,0,0
87.52,1,0,0,0,9999.0,1.41,1,0,0,1,0,0
727.76,0,0,0,0,9999.0,1.97,1,0,0,0,0,0
63.71,0,0,0,0,9999.0,2.3,1,0,0,0,0,0
41.65,0,0,0,0,9999.0,1.5,1,1,0,2,0,0
71.42,0,0,0,0,9999.0,1.54,1,0,0,0,0,0
52.7,0,0,0,0,9999.0,1.47,1,0,0,0,0,0
3000.0,0,0,0,1,11.3,3.86,0,1,0,1,1,1
1920.92,0,0,0,0,9999.0,1.91,1,1,0,0,1,0
2211.82,0,0,0,0,9999.0,1.95,1,1,0,0,1,0
1963.17,0,0,0,0,9999.0,2.96,1,0,0,2,0,0
98.91,0,0,0,1,333.6729203342051,1.81,1,1,0,0,1,0
135.49,0,0,0,0,9999.0,2.38,1,0,0,0,0,0
1273.79,0,0,0,0,9999.0,2.91,1,0,0,0,0,0
505.83,0,0,0,0,9999.0,2.05,1,1,0,0,0,0
1299.83,0,0,0,0,9999.0,1.65,1,1,0,0,0,0
655.0,1,0,0,0,9999.0,1.63,1,0,0,0,0,0
114.72,0,0,0,0,9999.0,1.39,1,0,0,0,1,0
1547.08,0,0,0,0,9999.0,1.28,1,1,0,0,1,0
1015.14,0,0,0,0,9999.0,2.13,1,0,0,0,0,0
20254.19,0,0,0,0,9999.0,2.18,1,0,0,0,0,0
13.47,0,0,0,0,9999.0,2.94,1,0,0,0,0,0
1309.84,0,0,0,0,9999.0,2.49,1,0,0,1,0,0
9999.0,1,0,0,0,6.1,3.24,1,1,1,1,0,1
13.15,0,0,0,0,9999.0,1.87,1,1,0,0,0,0
847.25,0,0,0,0,9999.0,1.64,1,0,0,0,0,0
8000.0,1,0,0,0,38.4,4.46,1,1,0,1,0,1
1506.61,0,0,0,0,9999.0,1.99,1,0,0,0,0,0
84.22,0,0,0,0,9999.0,1.49,1,0,0,0,0,0
2409.7,0,0,0,1,453.7775932500151,1.66,1,0,0,1,0,0
1540.12,0,0,0,0,9999.0,1.35,1,0,0,0,1,0
146.99,0,0,0,1,621.383528813407,2.52,1,0,0,0,1,0
4193.31,1,0,1,1,14.5,4.14,1,1,0,0,0,1
2143.4,0,0,0,0,9999.0,1.83,1,1,0,1,1,0
3672.05,1,0,0,1,2.7,4.54,1,1,0,1,0,1
854.98,0,0,0,0,9999.0,2.77,1,0,0,0,1,0
363.16,0,0,0,0,9999.0,1.36,1,0,0,0,0,0
141.43,1,0,0,1,1283.347286352733,2.42,1,0,0,0,1,0
2839.48,0,0,0,0,9999.0,1.92,1,1,0,1,0,0
76566.12,1,1,0,1,19.5,3.44,0,1,0,2,1,1
138.67,0,0,0,0,9999.0,1.96,1,1,0,1,1,0
354.06,0,0,0,0,9999.0,1.8,1,0,0,0,0,0
125.14,0,0,0,0,9999.0,2.26,1,1,0,0,0,0
2082.06,0,0,0,0,9999.0,1.45,1,0,0,2,0,0
2302.38,0,0,0,1,1346.1767305326416,1.78,1,0,0,2,0,0
970.68,0,0,0,0,9999.0,1.2,1,0,0,0,1,0
611.36,0,0,0,1,1223.187550674562,2.91,1,1,0,0,0,0
972.54,0,0,0,0,9999.0,2.78,1,0,0,0,0,0
34.64,0,0,0,0,9999.0,1.54,1,1,0,2,1,0
68.13,0,0,0,0,9999.0,2.89,1,1,0,0,0,0
128.01,0,0,0,0,9999.0,1.85,1,1,0,0,0,0
44244.58,0,0,0,0,9999.0,1.72,1,0,0,1,0,0
1742.41,0,0,0,0,9999.0,1.64,1,1,0,2,0,0
1442.22,0,0,0,0,9999.0,2.84,1,1,0,1,1,0
74.38,0,0,0,0,9999.0,2.11,1,0,0,0,1,0
72.04,0,0,0,0,9999.0,1.59,1,1,0,0,0,0
1654.36,0,0,0,0,9999.0,2.62,1,0,0,0,0,0
501.67,0,0,0,0,9999.0,2.46,1,0,0,0,0,0
13.01,0,0,0,0,9999.0,2.3,1,0,0,0,0,0
38293.99,1,1,0,1,10.2,4.26,1,1,0,2,0,1
1468.01,0,0,0,0,9999.0,1.43,1,0,0,0,0,0
17426.89,0,0,0,0,9999.0,2.94,1,1,0,0,1,0
12.34,0,0,0,0,9999.0,2.6,1,1,0,1,0,0
142.04,0,0,0,0,9999.0,1.46,1,1,0,0,0,0
2974.75,0,0,0,0,9999.0,2.18,1,1,0,0,0,0
2002.72,0,0,0,0,9999.0,2.17,1,0,0,0,0,0
48.19,0,0,0,0,9999.0,2.74,1,0,0,0,0,0
15217.15,0,0,0,1,9.2,3.03,1,1,0,1,0,1
77.68,0,0,0,0,9999.0,2.12,1,0,0,0,0,0
59.6,0,0,0,0,9999.0,1.23,1,0,0,0,0,0
137.33,0,0,0,1,712.0399971145102,1.64,1,1,0,1,0,0
602.16,0,0,0,0,9999.0,2.16,1,0,0,0,0,0
2856.72,0,0,0,0,9999.0,2.81,1,0,0,0,1,0
137.98,0,0,0,0,9999.0,2.57,1,1,0,0,0,0
27220.12,1,0,0,0,9999.0,1.22,1,0,0,0,0,0
21508.53,0,0,0,0,9999.0,1.68,1,0,0,0,1,0
46.57,0,0,0,0,9999.0,3.02,1,0,0,0,0,0
86.48,0,0,0,0,9999.0,1.72,1,0,0,1,0,0
2890.39,1,0,0,1,14.4,3.32,0,1,0,1,1,1
95.65,1,0,0,0,9999.0,1.52,1,1,0,0,0,0
1161.78,0,0,0,0,9999.0,2.75,1,0,0,1,0,0
1183.26,0,0,0,0,9999.0,2.01,1,0,0,0,0,0
1319.96,0,0,0,0,9999.0,1.98,1,1,0,1,0,0
321.61,0,0,0,0,9999.0,2.24,1,1,0,1,0,0
2246.95,0,0,0,0,9999.0,2.29,1,0,0,0,1,0
2586.28,0,0,0,1,1342.2860417420552,1.31,1,0,0,0,0,0
35756.85,0,0,1,1,5.5,4.56,1,1,0,0,1,1
578.52,0,0,0,0,9999.0,1.38,1,1,0,0,0,0
2225.54,0,0,0,0,9999.0,1.43,1,0,0,0,0,0
735.06,0,0,0,0,9999.0,2.7,1,0,0,0,0,0
23069.05,0,0,0,0,9999.0,1.2,1,0,0,1,1,0
2691.25,0,0,0,0,9999.0,2.67,1,0,0,0,1,0
21503.82,0,0,0,0,9999.0,2.55,1,0,0,0,0,0
81.6,0,0,0,0,9999.0,1.56,1,0,0,0,0,0
209.74,0,0,0,0,9999.0,2.15,1,0,0,0,0,0
95.27,0,0,0,0,9999.0,3.0,1,0,0,0,0,0
2500.0,1,0,0,1,0.7,4.04,1,1,1,2,0,1
1858.26,0,0,0,0,9999.0,1.95,1,0,0,0,0,0
2889.37,1,0,0,0,9999.0,1.52,1,0,0,0,0,0
243.13,0,0,0,0,9999.0,2.23,1,0,0,0,0,0
751.35,0,0,0,0,9999.0,2.25,1,1,0,0,0,0
2094.83,1,0,0,0,9999.0,2.1,1,0,0,0,0,0
100.58,0,0,0,0,9999.0,2.17,1,0,0,1,0,0
2110.36,0,0,0,0,9999.0,2.34,1,0,0,0,0,0
399.85,0,0,0,1,880.9827540509157,2.57,1,0,0,0,0,0
121.71,0,0,0,0,9999.0,2.51,1,0,0,0,0,0
66.68,0,0,0,0,9999.0,2.11,1,1,0,0,1,0
2876.19,0,0,0,0,9999.0,1.61,1,0,0,2,0,0
25000.0,1,0,0,1,40.8,4.41,1,1,0,1,0,1
24.74,0,0,0,0,9999.0,2.73,1,0,0,0,0,0
109.19,0,0,0,0,9999.0,1.82,1,1,0,0,0,0
1468.64,0,0,0,0,9999.0,1.58,1,0,0,0,0,0
34.75,0,0,0,0,9999.0,1.22,1,0,0,0,0,0
31505.24,1,0,0,0,9999.0,1.43,1,0,0,0,1,0
150781.6,1,1,0,0,20.4,3.94,1,1,0,1,0,1
55.89,0,0,0,0,9999.0,1.76,1,0,0,0,0,0
1588.9,0,0,0,0,9999.0,2.88,1,0,0,0,0,0
2798.26,0,0,0,0,9999.0,2.17,1,0,0,0,0,0
2245.85,0,0,0,0,9999.0,1.91,1,1,0,0,0,0
1896.59,0,0,0,0,9999.0,2.62,1,0,0,1,0,0
111.47,0,0,0,0,9999.0,1.56,1,0,0,0,0,0
131.73,0,0,0,0,9999.0,2.58,1,1,0,0,1,0
2252.28,0,0,0,0,9999.0,2.1,1,0,0,0,0,0
134.61,1,0,0,0,9999.0,1.73,1,1,0,0,0,0
2137.13,0,0,0,0,9999.0,2.18,1,0,0,0,0,0
118.41,0,0,0,0,9999.0,2.95,1,0,0,0,1,0
2991.44,0,0,0,1,1012.617760704093,1.87,1,0,0,0,0,0
31.6,0,0,0,0,9999.0,2.19,1,1,0,0,0,0
128.2,0,0,0,0,9999.0,3.02,1,0,0,0,1,0
1117.21,0,0,0,0,9999.0,2.37,1,1,0,0,0,0
515.75,0,0,0,0,9999.0,1.49,1,0,0,0,0,0
1851.79,1,0,0,0,9999.0,2.19,1,0,0,1,0,0
5000.0,1,0,0,1,6.4,3.52,1,1,1,1,0,1
997.02,0,0,0,0,9999.0,2.8,1,0,0,0,0,0
1942.59,0,0,0,0,9999.0,1.54,1,0,0,1,0,0
799.47,0,0,0,0,9999.0,1.53,1,0,0,0,0,0
343.79,0,0,0,0,9999.0,2.98,1,1,0,0,0,0
1502.41,0,0,0,0,9999.0,2.45,1,0,0,2,0,0
81.79,0,0,0,0,9999.0,3.09,1,1,0,1,1,0
17.92,0,0,0,0,9999.0,2.15,1,0,0,0,1,0
2006.87,0,0,0,0,9999.0,2.46,1,0,0,2,0,0
123.4,0,0,0,0,9999.0,1.69,1,0,0,0,0,0
122.53,1,0,0,0,9999.0,2.17,1,0,0,0,0,0
957.2,0,0,0,1,58.88400344592042,2.1,1,1,0,0,0,0
42293.05,0,0,0,0,9999.0,2.44,1,1,0,0,0,0
145.39,0,0,0,0,9999.0,2.61,1,0,0,0,0,0
2383.94,0,0,0,1,1270.1465399845,1.4,1,0,0,0,0,0
27.39,0,0,0,0,9999.0,1.55,1,1,0,0,0,0
123.28,0,0,0,0,9999.0,3.0,1,0,0,0,0,0
16.67,0,0,0,0,9999.0,2.92,1,1,0,0,0,0
2489.11,0,0,0,0,9999.0,2.37,1,1,0,0,0,0
96.0,0,0,0,0,9999.0,1.45,1,0,0,1,0,0
17.49,0,0,0,0,9999.0,2.36,1,0,0,0,0,0
56.26,0,0,0,0,9999.0,1.26,1,1,0,1,0,0
138.56,0,0,0,0,9999.0,1.91,1,0,0,1,0,0
38721.62,1,0,0,1,8.5,2.94,0,1,0,1,1,1
121.92,0,0,0,0,9999.0,2.28,1,0,0,0,0,0
68.46,0,0,0,0,9999.0,1.32,1,0,0,2,1,0
91.91,1,0,0,0,9999.0,1.37,1,1,0,0,0,0
769.24,0,0,0,0,9999.0,2.73,1,1,0,2,0,0
6144.04,1,0,0,1,4.7,3.18,1,1,0,1,1,1
2729.17,0,0,0,0,9999.0,2.0,1,0,0,0,0,0
1315.75,0,0,0,0,9999.0,3.01,1,0,0,0,1,0
59.9,0,0,0,0,9999.0,2.16,1,1,0,0,0,0
117.82,0,0,0,0,9999.0,1.7,1,0,0,2,0,0
1706.87,0,0,0,0,9999.0,2.83,1,0,0,0,0,0
126.1,0,0,0,0,9999.0,2.05,1,0,0,1,0,0
883.82,0,0,0,0,9999.0,1.69,1,1,0,1,0,0
28358.01,0,0,0,0,9999.0,1.32,1,0,0,0,0,0
139.94,1,0,0,0,9999.0,1.6,1,0,0,1,0,0
116.91,0,0,0,1,1418.1657591271328,2.69,1,0,0,0,0,0
994.73,0,0,0,0,9999.0,2.74,1,1,0,0,0,0
1092.58,0,0,0,0,9999.0,3.02,1,0,0,0,0,0
72.02,0,0,0,0,9999.0,2.24,1,1,0,0,0,0
968.7,1,0,0,0,9999.0,1.83,1,1,0,0,0,0
1478.41,0,0,0,0,9999.0,1.96,1,1,0,2,0,0
876.89,0,0,0,0,9999.0,2.4,1,0,0,1,0,0
749.4,0,0,0,0,9999.0,2.48,1,0,0,0,1,0
1105.85,0,0,0,0,9999.0,2.53,1,1,0,0,0,0
800.23,0,0,0,1,1078.900799645925,1.29,1,0,0,0,0,0
25000.0,1,0,0,1,19.9,3.09,1,1,0,1,0,1
1742.64,0,0,0,0,9999.0,2.22,1,0,0,0,1,0
2253.02,0,0,0,0,9999.0,1.31,1,1,0,0,0,0
856.25,0,0,0,0,9999.0,1.21,1,1,0,0,1,0
1385.09,0,0,0,0,9999.0,1.52,1,0,0,0,0,0
48.09,0,0,0,0,9999.0,1.34,1,0,0,0,0,0
2810.31,0,0,0,0,9999.0,2.14,1,1,0,2,0,0
48.48,0,0,0,0,9999.0,3.02,1,0,0,0,0,0
749.9,0,0,0,0,9999.0,2.41,1,0,0,0,0,0
27.25,0,0,0,0,9999.0,2.53,1,1,0,0,0,0
142.55,0,0,0,0,9999.0,1.78,1,0,0,0,0,0
520.52,0,0,0,0,9999.0,2.92,1,0,0,0,0,0
599.25,0,0,0,0,9999.0,2.49,1,0,0,0,0,0
1492.29,0,0,0,0,9999.0,2.76,1,1,0,0,0,0
12358.8,0,0,0,0,9999.0,2.4,1,0,0,1,1,0
121.09,0,0,0,0,9999.0,1.91,1,1,0,0,0,0
5000.42,0,0,0,1,11.2,2.88,1,1,0,2,0,1
2028.58,0,0,0,0,9999.0,1.25,1,1,0,0,0,0
50.54,0,0,0,0,9999.0,1.34,1,1,0,0,0,0
2366.95,0,0,0,0,9999.0,1.41,1,0,0,0,0,0
105.04,0,0,0,0,9999.0,1.7,1,1,0,0,1,0
2771.06,0,0,0,0,9999.0,2.91,1,0,0,0,0,0
119.03,0,0,0,0,9999.0,1.53,1,1,0,1,0,0
126.87,0,0,0,0,9999.0,1.99,1,1,0,0,0,0
2358.79,0,0,0,0,9999.0,2.61,1,0,0,0,0,0
36.84,0,0,0,0,9999.0,1.51,1,1,0,0,1,0
129.56,0,0,0,0,9999.0,2.98,1,0,0,0,0,0
147.2,0,0,0,0,9999.0,3.04,1,1,0,0,0,0
2199.47,1,0,0,1,2.5,4.46,1,1,0,2,0,1
117.23,0,0,0,0,9999.0,1.58,1,0,0,0,0,0
23116.2,0,0,0,0,9999.0,1.48,1,0,0,0,0,0
2954.11,0,0,0,0,9999.0,2.21,1,0,0,0,0,0
135.37,0,0,0,0,9999.0,2.23,1,0,0,1,1,0
33.21,0,0,0,0,9999.0,1.28,1,0,0,2,1,0
74.73,0,0,0,0,9999.0,3.01,1,1,0,1,0,0
1841.54,0,0,0,0,9999.0,2.09,1,0,0,0,0,0
39637.34,0,0,0,0,9999.0,2.06,1,0,0,2,0,0
44380.97,0,0,0,0,9999.0,2.12,1,0,0,0,0,0
105.62,0,0,0,0,9999.0,1.53,1,0,0,1,1,0
147.89,0,0,0,0,9999.0,2.2,1,1,0,0,1,0
2255.3,0,0,0,0,9999.0,2.76,1,0,0,0,0,0
1500.0,0,0,0,1,16.3,4.46,1,1,0,2,0,1
122.25,0,0,0,0,9999.0,2.45,1,1,0,0,0,0
118.15,1,0,0,0,9999.0,2.52,1,1,0,0,1,0
2879.86,0,0,0,0,9999.0,1.54,1,0,0,0,0,0
47.98,0,0,0,0,9999.0,1.66,1,0,0,0,0,0
10.3,0,0,0,0,9999.0,1.89,1,0,0,1,0,0
1156.38,1,0,0,1,4.5,4.37,1,1,0,1,0,1
61.21,0,0,0,0,9999.0,1.65,1,1,0,1,0,0
1092.94,0,0,0,0,9999.0,1.37,1,0,0,0,0,0
66.19,0,0,0,0,9999.0,1.68,1,0,0,1,0,0
82.15,0,0,0,0,9999.0,1.31,1,1,0,0,1,0
142.31,0,0,0,0,9999.0,2.05,1,0,0,0,1,0
112.18,1,0,0,0,9999.0,2.49,1,1,0,0,0,0
957.7,0,0,0,0,9999.0,1.35,1,0,0,1,0,0
118.11,1,0,0,0,9999.0,1.78,1,1,0,0,0,0
8000.0,0,0,0,1,5.1,3.68,1,1,0,0,0,1
15.08,0,0,0,1,948.1528261101072,1.79,1,1,0,0,1,0
219.74,0,0,0,0,9999.0,1.99,1,1,0,1,1,0
23428.07,0,0,0,0,9999.0,2.62,1,0,0,0,0,0
29953.66,0,0,0,0,9999.0,2.23,1,0,0,0,0,0
77.13,0,0,0,0,9999.0,2.73,1,0,0,0,0,0
63.06,0,0,0,0,9999.0,1.31,1,0,0,0,1,0
119.09,0,0,0,0,9999.0,2.31,1,0,0,0,0,0
1951.02,0,0,0,0,9999.0,2.0,1,0,0,0,0,0
133.56,0,0,0,1,394.6953263177167,2.7,1,0,0,1,0,0
109.99,0,0,0,0,9999.0,1.49,1,1,0,0,0,0
37806.94,0,0,0,0,9999.0,1.79,1,0,0,0,0,0
2373.91,0,0,0,0,9999.0,2.05,1,0,0,1,0,0
2324.65,0,0,0,1,691.6157495627998,2.48,1,0,0,0,0,0
2347.34,0,0,0,0,9999.0,1.86,1,1,0,1,0,0
82.7,0,0,0,0,9999.0,1.43,1,0,0,0,0,0
92.84,0,0,0,0,9999.0,1.22,1,1,0,1,0,0
948.96,0,0,0,0,9999.0,2.05,1,0,0,0,0,0
562.42,0,0,0,0,9999.0,2.44,1,1,0,0,0,0
46107.48,0,0,0,1,22.9,3.51,1,1,0,2,1,1
66.5,0,0,0,0,9999.0,2.0,1,0,0,1,0,0
125.14,0,0,0,0,9999.0,2.96,1,0,0,0,0,0
53.12,0,0,0,0,9999.0,2.75,1,1,0,0,0,0
662.75,0,0,0,0,9999.0,2.64,1,0,0,0,0,0
1991.49,0,0,0,0,9999.0,2.81,1,0,0,0,0,0
12.91,0,0,0,0,9999.0,1.26,1,1,0,0,1,0
30903.17,0,0,0,0,9999.0,2.82,1,0,0,0,0,0
2032.38,0,0,0,0,9999.0,2.38,1,0,0,0,0,0
2354.64,0,0,0,0,9999.0,2.15,1,0,0,1,0,0
73.72,0,0,0,0,9999.0,2.8,1,0,0,0,0,0
38889.01,1,1,0,1,9.1,3.31,1,1,0,2,1,1
2796.89,0,0,0,0,9999.0,2.99,1,1,0,0,0,0
94.19,0,0,0,0,9999.0,2.54,1,0,0,1,0,0
18.63,0,0,0,0,9999.0,1.89,1,0,0,0,0,0
1208.07,0,0,0,0,9999.0,2.56,1,0,0,0,0,0
1739.32,1,0,0,0,9999.0,1.74,1,0,0,1,0,0
790.21,0,0,0,0,9999.0,1.87,1,0,0,0,1,0
2153.2,0,0,0,0,9999.0,2.21,1,0,0,0,0,0
113.33,0,0,0,0,9999.0,2.17,1,0,0,0,0,0
44414.78,0,0,0,0,9999.0,1.89,1,1,0,2,0,0
15.06,0,0,0,0,9999.0,1.74,1,1,0,0,0,0
152862.97,1,1,0,1,25.4,3.46,0,1,0,2,1,1
64.82,0,0,0,0,9999.0,2.44,1,0,0,0,0,0
25.93,0,0,0,0,9999.0,3.01,1,0,0,0,0,0
102.62,0,0,0,0,9999.0,2.5,1,0,0,0,0,0
904.69,0,0,0,0,9999.0,1.62,1,0,0,0,0,0
37.42,0,0,0,0,9999.0,1.23,1,0,0,0,0,0
1500.0,0,0,0,0,38.7,3.52,1,1,0,0,0,1
82.52,0,0,0,0,9999.0,1.51,1,1,0,1,0,0
19035.24,1,1,0,1,9.0,3.93,1,1,0,0,0,1
955.85,0,0,0,0,9999.0,1.5,1,0,0,0,0,0
2927.19,0,0,0,0,9999.0,2.47,1,1,0,0,1,0
73.53,0,0,0,0,9999.0,2.47,1,0,0,0,0,0
1063.62,0,0,0,0,9999.0,1.94,1,0,0,0,0,0
25000.0,1,0,0,1,2.8,3.34,1,1,1,0,1,1
4721.74,1,0,0,1,14.5,3.66,0,1,0,0,0,1
1931.22,0,0,0,0,9999.0,1.78,1,0,0,0,0,0
117.81,0,0,0,0,9999.0,1.68,1,0,0,1,0,0
132.33,1,0,0,0,9999.0,1.45,1,0,0,0,0,0
13945.85,0,0,0,1,1174.1244470748543,1.44,1,0,0,0,0,0
89.23,0,0,0,0,9999.0,2.9,1,0,0,0,0,0
910.46,0,0,0,0,9999.0,2.26,1,0,0,0,0,0
32.99,0,0,0,0,9999.0,2.37,1,0,0,0,0,0
2381.51,0,0,0,0,9999.0,1.42,1,0,0,0,0,0
1573.63,0,0,0,0,9999.0,1.28,1,0,0,0,1,0
19.07,0,0,0,0,9999.0,2.73,1,0,0,2,0,0
2930.31,0,0,0,0,9999.0,2.26,1,0,0,0,1,0
59.28,0,0,0,0,9999.0,2.18,1,0,0,0,0,0
1228.39,0,0,0,1,6.3,3.1,1,0,0,0,1,1
1433.68,0,0,0,0,9999.0,2.84,1,0,0,0,0,0
29.79,0,0,0,0,9999.0,1.23,1,0,0,1,0,0
94.33,0,0,0,0,9999.0,2.8,1,0,0,0,0,0
1168.51,0,0,0,0,9999.0,1.58,1,0,0,0,0,0
1740.17,0,0,0,0,9999.0,1.75,1,1,0,1,1,0
10.78,0,0,0,0,9999.0,1.93,1,0,0,0,0,0
1032.24,0,0,0,0,9999.0,1.26,1,0,0,0,0,0
61.7,0,0,0,0,9999.0,1.71,1,0,0,0,0,0
793.47,0,0,0,0,9999.0,1.81,1,1,0,0,1,0
45650.15,1,0,0,1,3.3,3.73,0,0,0,2,1,1
62.68,0,0,0,0,9999.0,2.79,1,0,0,0,0,0
129.94,0,0,0,0,9999.0,1.33,1,0,0,0,0,0
735.74,0,0,0,0,9999.0,2.95,1,1,0,0,0,0
205.64,0,0,0,0,9999.0,3.09,1,0,0,1,0,0
2416.78,0,0,0,0,9999.0,2.72,1,0,0,1,0,0
66.37,0,0,0,0,9999.0,1.79,1,0,0,0,1,0
2563.71,0,0,0,0,9999.0,2.7,1,0,0,0,0,0
121.24,0,0,0,0,9999.0,2.33,1,0,0,0,0,0
120.24,0,0,0,0,9999.0,1.67,1,0,0,0,1,0
34320.0,0,0,0,0,9999.0,1.65,1,0,0,1,0,0
524.94,0,0,0,0,9999.0,1.83,1,0,0,0,0,0
42415.67,0,0,0,0,9999.0,1.27,1,0,0,1,0,0
969.08,0,0,0,0,9999.0,2.33,1,1,0,0,0,0
1575.68,0,0,0,0,9999.0,2.39,1,0,0,1,0,0
2500.0,1,0,0,1,5.3,3.7,1,1,1,2,1,1
21.51,0,0,0,0,9999.0,1.74,1,0,0,0,0,0
1508.46,0,0,0,0,9999.0,2.51,1,0,0,0,0,0
133.01,0,0,0,0,9999.0,1.66,1,0,0,0,0,0
3000.0,0,0,0,1,24.5,3.3,1,1,0,1,1,1
85.9,0,0,0,0,9999.0,1.79,1,0,0,0,0,0
21.73,0,0,0,1,1286.4499342956287,3.08,1,0,0,0,0,0
131.95,0,0,0,0,9999.0,2.54,1,1,0,0,0,0
37119.71,0,1,0,1,19.3,3.58,0,1,0,2,0,1
136.14,0,0,0,0,9999.0,2.42,1,0,0,0,0,0
37805.08,1,1,0,1,19.9,4.54,1,1,0,0,0,1
515.14,0,0,0,0,9999.0,2.5,1,0,0,0,0,0
538.12,0,0,0,0,9999.0,1.87,1,0,0,0,0,0
1957.77,1,0,0,0,9999.0,1.49,1,0,0,1,0,0
37.78,0,0,0,0,9999.0,1.6,1,0,0,0,0,0
16435.44,0,0,0,0,9999.0,2.88,1,1,0,0,0,0
2352.06,0,0,0,0,9999.0,2.74,1,0,0,0,0,0
44.95,0,0,0,0,9999.0,2.78,1,0,0,1,1,0
2213.75,0,0,0,0,9999.0,1.62,1,0,0,0,0,0
1949.86,0,0,0,0,9999.0,1.38,1,0,0,0,0,0
39207.68,0,0,0,0,9999.0,1.35,1,1,0,0,0,0
2044.68,0,0,0,0,9999.0,2.98,1,1,0,1,1,0
713.57,0,0,0,1,553.3705770133537,3.0,1,0,0,0,0,0
25000.0,0,0,0,0,10.2,3.17,0,1,0,0,1,1
2279.99,0,0,0,0,9999.0,1.96,1,0,0,0,0,0
358.14,0,0,0,0,9999.0,1.61,1,0,0,2,0,0
1384.43,0,0,0,1,789.1022142414772,2.82,1,1,0,0,0,0
824.58,0,0,0,0,9999.0,2.43,1,0,0,2,0,0
121.35,0,0,0,0,9999.0,2.15,1,0,0,0,0,0
65.45,0,0,0,0,9999.0,2.63,1,0,0,0,0,0
92.68,0,0,0,0,9999.0,3.02,1,1,0,0,0,0
9999.0,1,0,0,1,2.9,3.68,0,1,1,0,0,1
430.38,0,0,0,0,9999.0,2.27,1,0,0,0,0,0
17.85,0,0,0,0,9999.0,3.04,1,0,0,0,0,0
38.34,0,0,0,0,9999.0,2.89,1,0,0,0,0,0
10936.68,1,1,1,1,1.1,4.34,1,1,0,0,0,1
2526.65,0,0,0,0,9999.0,2.53,1,0,0,0,0,0
65.66,0,0,0,0,9999.0,2.99,1,1,0,0,0,0
5000.0,0,0,0,1,1.0,3.22,1,1,1,0,1,1
1645.94,1,0,0,0,9999.0,1.5,1,0,0,1,0,0
39.18,0,0,0,0,9999.0,1.51,1,0,0,0,0,0
126.21,0,0,0,0,9999.0,1.3,1,0,0,0,0,0
2992.46,0,0,0,0,9999.0,1.99,1,1,0,0,0,0
1462.07,0,0,0,0,9999.0,1.2,1,1,0,0,0,0
25000.0,1,0,0,1,29.1,2.92,1,1,0,2,1,1
125.52,0,0,0,1,1040.2277601544347,2.25,1,1,0,1,0,0
1644.44,0,0,0,0,9999.0,2.97,1,0,0,1,0,0
5000.0,0,0,0,0,2.0,3.97,0,1,1,1,1,1
817.76,0,0,0,1,888.2109444291423,2.42,1,0,0,1,0,0
78.07,0,0,0,0,9999.0,2.73,1,0,0,1,1,0
25.98,0,0,0,0,9999.0,2.89,1,0,0,0,0,0
35260.03,1,0,0,1,18.9,3.19,1,1,0,1,1,1
25000.0,0,0,0,1,38.2,3.22,0,1,0,0,1,1
483.86,0,0,0,0,9999.0,2.34,1,0,0,0,0,0
613.61,0,0,0,0,9999.0,1.38,1,0,0,0,0,0
107.61,0,0,0,0,9999.0,1.77,1,0,0,0,0,0
1954.74,0,0,0,0,9999.0,1.36,1,0,0,1,0,0
25000.0,1,0,0,1,27.8,3.11,1,1,0,2,1,1
125.86,0,0,0,0,9999.0,1.95,1,0,0,0,0,0
15000.0,1,0,0,1,0.7,4.42,0,1,1,0,1,1
2660.48,0,0,0,0,9999.0,1.75,1,0,0,0,0,0
34.33,0,0,0,0,9999.0,1.43,1,0,0,0,0,0
59.47,0,0,0,0,9999.0,1.28,1,0,0,0,1,0
661.09,0,0,0,0,9999.0,2.86,1,0,0,0,0,0
127.07,0,0,0,1,205.0198949227889,1.55,1,0,0,0,0,0
63.52,0,0,0,0,9999.0,3.06,1,1,0,0,0,0
1610.31,0,0,0,0,9999.0,1.98,1,0,0,0,0,0
30.52,0,0,0,0,9999.0,1.47,1,0,0,0,0,0
2156.26,0,0,0,0,9999.0,1.27,1,1,0,1,0,0
1243.14,1,0,0,1,13.8,4.68,0,1,0,1,0,1
709.32,0,0,0,0,9999.0,2.02,1,0,0,0,0,0
46.06,0,0,0,0,9999.0,2.55,1,0,0,0,0,0
87.86,0,0,0,0,9999.0,2.52,1,0,0,2,0,0
2432.99,0,0,0,0,9999.0,3.1,1,1,0,1,0,0
119.19,0,0,0,0,9999.0,2.37,1,0,0,0,1,0
23271.69,0,0,0,0,9999.0,1.51,1,1,0,1,0,0
1269.15,0,0,0,0,9999.0,2.74,1,0,0,0,0,0
1529.12,0,0,0,0,9999.0,2.92,1,0,0,1,0,0
83.11,0,0,0,0,9999.0,1.36,1,0,0,1,0,0
77.62,0,0,0,0,9999.0,1.3,1,0,0,0,0,0
1874.67,0,0,0,1,14.3,4.61,1,1,0,0,1,1
26.19,0,0,0,0,9999.0,1.22,1,0,0,0,1,0
78.2,0,0,0,0,9999.0,2.25,1,0,0,1,0,0
1890.28,0,0,0,0,9999.0,2.32,1,0,0,0,0,0
21817.51,1,1,0,1,1.7,3.3,1,1,0,1,0,1
2092.83,1,0,0,0,9999.0,1.91,1,1,0,0,0,0
103.84,0,0,0,0,9999.0,2.6,1,0,0,0,0,0
139.62,0,0,0,0,9999.0,2.79,1,0,0,0,0,0
508.28,0,0,0,0,9999.0,1.78,1,0,0,0,0,0
14328.54,0,0,0,0,9999.0,1.98,1,0,0,0,0,0
896.44,0,0,0,1,1162.913042718043,1.94,1,1,0,0,0,0
47.52,0,0,0,0,9999.0,1.88,1,0,0,0,1,0
1861.06,0,0,0,0,9999.0,1.46,1,1,0,0,0,0
1217.72,0,0,0,0,9999.0,2.06,1,0,0,0,0,0
1747.37,0,0,0,0,9999.0,2.78,1,0,0,1,0,0
129.36,0,0,0,0,9999.0,2.33,1,1,0,0,0,0
281.5,0,0,0,0,9999.0,1.5,1,0,0,0,1,0
82.16,0,0,0,0,9999.0,1.5,1,1,0,0,0,0
645.28,0,0,0,1,850.159725526083,1.6,1,1,0,0,0,0
789.6,0,0,0,0,9999.0,1.45,1,0,0,0,0,0
124.48,0,0,0,0,9999.0,2.71,1,0,0,0,0,0
721.24,0,0,0,0,9999.0,1.45,1,1,0,0,0,0
81.49,0,0,0,0,9999.0,1.49,1,0,0,0,0,0
2248.94,0,0,0,0,9999.0,1.71,1,0,0,0,0,0
100.05,0,0,0,1,253.97502163392863,2.95,1,1,0,0,0,0
25166.82,1,0,0,1,6.5,4.12,1,1,0,1,1,1
39.99,0,0,0,0,9999.0,2.54,1,0,0,0,0,0
129.69,0,0,0,0,9999.0,2.28,1,0,0,0,0,0
30.48,0,0,0,0,9999.0,1.97,1,0,0,1,0,0
49.37,0,0,0,0,9999.0,2.72,1,0,0,2,1,0
2372.36,0,0,0,1,1020.8270421591798,1.59,1,0,0,0,0,0
1761.57,0,0,0,0,9999.0,1.67,1,0,0,0,0,0
34.66,0,0,0,0,9999.0,2.25,1,0,0,0,0,0
1063.89,0,0,0,0,9999.0,1.99,1,0,0,0,0,0
1518.56,0,0,0,0,9999.0,1.8,1,0,0,0,0,0
91.89,0,0,0,0,9999.0,1.49,1,0,0,0,0,0
2099.68,0,0,0,0,9999.0,1.61,1,0,0,2,1,0
1182.87,0,0,0,0,9999.0,1.47,1,1,0,0,0,0
2117.83,0,0,0,0,9999.0,1.86,1,0,0,0,0,0
133.32,0,0,0,0,9999.0,1.83,1,0,0,0,0,0
36817.5,1,0,0,0,9999.0,2.28,1,0,0,0,0,0
97.46,0,0,0,0,9999.0,1.25,1,0,0,0,0,0
71.84,0,0,0,0,9999.0,2.29,1,1,0,2,0,0
1433.68,0,0,0,0,9999.0,2.92,1,0,0,0,0,0
1426.38,0,0,0,0,9999.0,2.02,1,0,0,0,0,0
44.13,0,0,0,0,9999.0,2.89,1,1,0,0,0,0
2705.26,1,0,0,1,9.9,4.25,1,1,0,1,1,1
573.97,0,0,0,0,9999.0,2.34,1,0,0,0,1,0
697.72,0,0,0,0,9999.0,1.42,1,0,0,0,0,0
2225.13,0,0,0,0,9999.0,1.85,1,0,0,0,0,0
45.25,0,0,0,0,9999.0,1.67,1,0,0,0,0,0
14.77,0,0,0,0,9999.0,2.95,1,0,0,0,1,0
1424.92,0,0,0,0,9999.0,1.27,1,0,0,1,0,0
66.1,0,0,0,0,9999.0,2.62,1,0,0,0,1,0
50.64,0,0,0,0,9999.0,2.55,1,0,0,0,0,0
2627.68,0,0,0,0,9999.0,2.28,1,0,0,0,0,0
2887.42,0,0,0,0,9999.0,2.82,1,0,0,0,0,0
33.97,0,0,0,0,9999.0,1.69,1,0,0,0,1,0
15000.0,1,0,0,1,5.1,4.08,1,1,1,2,1,1
146.89,0,0,0,0,9999.0,1.54,1,0,0,0,0,0
152938.44,1,1,0,0,19.9,4.2,0,0,0,1,0,1
54.89,0,0,0,1,1109.3248102875114,1.94,1,0,0,2,0,0
1177.63,0,0,0,0,9999.0,3.09,1,0,0,0,1,0
2262.68,0,0,0,0,9999.0,1.34,1,0,0,0,0,0
754.91,0,1,0,0,9999.0,1.3,1,1,0,0,0,0
18295.63,0,0,0,0,9999.0,2.38,1,0,0,1,0,0
8000.0,0,0,0,1,28.4,4.4,1,1,0,2,1,1
2874.91,0,0,0,0,9999.0,2.85,1,0,0,0,0,0
135.69,0,0,0,0,9999.0,2.9,1,0,0,0,1,0
87.68,0,0,0,0,9999.0,1.4,1,0,0,0,0,0
36361.72,0,0,0,0,9999.0,3.1,1,0,0,0,0,0
133.15,1,0,0,0,9999.0,2.12,1,0,0,2,0,0
30916.04,0,0,0,0,9999.0,1.77,1,1,0,0,0,0
1783.22,0,0,0,0,9999.0,2.51,1,0,0,0,0,0
25000.0,0,0,0,1,20.2,3.56,1,1,0,2,0,1
22365.53,0,0,0,1,28.1,4.15,0,1,0,1,1,1
48.26,0,0,0,0,9999.0,2.54,1,0,0,0,0,0
1604.1,0,0,0,0,9999.0,1.76,1,0,0,0,0,0
2126.13,0,0,0,1,282.53546633872577,2.73,1,0,0,0,0,0
2332.6,0,0,0,0,9999.0,2.26,1,0,0,1,0,0
1509.6,0,0,0,0,9999.0,1.7,1,1,0,0,1,0
1018.49,0,0,0,0,9999.0,2.57,1,1,0,0,0,0
1663.91,0,0,0,0,9999.0,2.46,1,1,0,0,0,0
789.46,0,0,0,0,9999.0,2.02,1,0,0,0,0,0
19.41,0,0,0,0,9999.0,2.63,1,1,0,0,1,0
2238.61,1,0,0,0,9999.0,2.82,1,0,0,2,0,0
769.75,0,0,0,0,9999.0,2.6,1,0,0,0,0,0
140.86,0,0,0,0,9999.0,2.77,1,0,0,0,1,0
107.27,0,0,0,0,9999.0,2.08,1,1,0,0,0,0
31.56,0,0,0,0,9999.0,2.74,1,0,0,2,1,0
37.69,0,0,0,0,9999.0,2.17,1,0,0,2,0,0
2638.94,0,0,0,0,9999.0,1.26,1,1,0,1,0,0
2817.13,0,0,0,1,1301.9679479344095,1.4,1,0,0,0,0,0
4872.54,1,0,0,1,5.0,3.27,1,1,0,2,1,1
18.87,0,0,0,0,9999.0,2.55,1,0,0,0,0,0
1930.29,0,0,0,0,9999.0,1.39,1,0,0,0,0,0
1500.0,0,0,0,1,33.2,4.52,0,1,0,1,0,1
2281.35,0,0,0,0,9999.0,2.69,1,1,0,0,1,0
1954.2,0,0,0,0,9999.0,1.36,1,0,0,2,0,0
33.39,0,0,0,0,9999.0,2.84,1,1,0,1,0,0
90.92,1,0,0,0,9999.0,2.03,1,0,0,0,1,0
770.4,0,0,0,1,959.8166296609342,2.21,1,0,0,0,0,0
2776.7,0,0,0,0,9999.0,2.98,1,0,0,0,0,0
78235.08,0,1,1,1,10.8,3.04,1,1,0,1,0,1
14.81,1,0,0,0,9999.0,2.27,1,0,0,2,0,0
142.5,0,0,0,0,9999.0,1.75,1,1,0,2,0,0
68.57,1,0,0,0,9999.0,2.34,1,0,0,0,0,0
210.2,0,0,0,0,9999.0,1.95,1,0,0,2,0,0
726.22,0,0,0,0,9999.0,1.57,1,0,0,0,0,0
1276.6,0,0,0,0,9999.0,2.79,1,0,0,1,0,0
3000.0,0,0,0,1,43.6,4.61,1,1,0,0,0,1
55.87,0,0,0,0,9999.0,1.78,1,0,0,0,0,0
71.66,0,0,0,0,9999.0,1.3,1,0,0,1,0,0
59.89,0,0,0,0,9999.0,2.12,1,0,0,0,0,0
8000.0,0,0,0,1,5.8,3.9,1,1,0,1,0,1
604.93,0,0,0,0,9999.0,1.27,1,1,0,0,0,0
104.87,0,0,0,1,1266.7944122451672,2.93,1,0,0,1,0,0
133.47,0,0,0,0,9999.0,1.64,1,0,0,0,0,0
1661.31,0,0,0,0,9999.0,1.53,1,0,0,0,0,0
1523.78,0,0,0,0,9999.0,1.83,1,1,0,0,0,0
38.33,0,0,0,0,9999.0,1.43,1,0,0,0,0,0
111.9,0,0,0,0,9999.0,1.25,1,1,0,0,0,0
41766.32,0,1,1,1,1.4,4.72,1,1,0,0,0,1
1377.13,0,0,0,0,9999.0,1.66,1,0,0,0,0,0
394.26,0,0,0,0,9999.0,2.87,1,1,0,0,0,0
31091.13,0,0,0,0,9999.0,3.08,1,0,0,1,0,0
30.27,0,0,0,0,9999.0,1.3,1,1,0,0,0,0
35170.19,0,0,0,0,9999.0,1.52,1,0,0,0,0,0
35.24,0,0,0,0,9999.0,1.51,1,1,0,0,1,0
681.5,0,0,0,0,9999.0,2.73,1,0,0,0,0,0
1459.68,0,0,0,1,382.7110795083394,2.06,1,0,0,0,0,0
59.57,0,1,0,0,9999.0,1.2,1,1,0,0,0,0
89.18,0,0,0,0,9999.0,2.76,1,0,0,0,0,0
319.87,1,0,0,0,9999.0,1.49,1,0,0,0,1,0
68.36,0,0,0,0,9999.0,1.94,1,1,0,0,1,0
1207.57,0,0,0,0,9999.0,1.99,1,1,0,1,0,0
653.78,0,0,0,0,9999.0,2.32,1,1,0,0,0,0
796.89,0,0,0,0,9999.0,1.68,1,0,0,1,0,0
80.5,0,0,0,0,9999.0,1.66,1,1,0,0,0,0
42155.43,0,0,1,1,11.2,3.31,1,1,0,1,0,1
774.07,0,0,0,0,9999.0,1.32,1,1,0,0,0,0
287.85,0,0,0,1,464.4262272486224,1.2,1,1,0,0,0,0
91.37,0,0,0,0,9999.0,1.69,1,0,0,1,0,0
12348.4,0,0,0,1,22.7,3.12,1,1,0,0,1,1
98.84,0,0,0,0,9999.0,1.49,1,0,0,0,0,0
997.36,0,0,0,0,9999.0,3.07,1,0,0,0,0,0
77.73,0,0,0,0,9999.0,1.72,1,1,0,1,0,0
2614.61,0,0,0,1,628.5496108580925,1.56,1,1,0,0,0,0
3605.2,0,0,0,1,13.8,3.09,1,1,0,1,1,1
82.32,0,0,0,1,1351.5389374196134,1.42,1,0,0,1,1,0
71.84,0,0,0,0,9999.0,1.96,1,1,0,0,0,0
1965.36,0,0,0,0,9999.0,2.51,1,1,0,0,0,0
99.58,0,0,0,0,9999.0,2.47,1,0,0,0,0,0
83.07,0,0,0,0,9999.0,2.62,1,1,0,0,0,0
2785.83,0,0,0,0,9999.0,2.39,1,0,0,0,0,0
70.96,0,0,0,0,9999.0,1.21,1,0,0,0,0,0
2019.36,0,0,0,0,9999.0,2.6,1,0,0,0,1,0
8000.0,0,0,0,1,36.9,4.22,0,1,0,1,0,1
80.36,0,0,0,0,9999.0,1.32,1,0,0,1,0,0
113.41,0,0,0,0,9999.0,2.23,1,1,0,0,0,0
137.84,0,0,0,0,9999.0,1.69,1,1,0,0,0,0
84.73,0,0,0,0,9999.0,2.6,1,1,0,1,0,0
736.41,0,0,0,0,9999.0,3.09,1,0,0,0,0,0
1235.2,0,0,0,0,9999.0,3.05,1,1,0,0,0,0
34338.72,0,0,0,0,9999.0,1.64,1,1,0,0,0,0
19.16,1,0,0,1,1119.1432599650277,1.76,1,0,0,0,0,0
130.6,0,0,0,0,9999.0,1.95,1,0,0,0,0,0
762.29,0,0,0,0,9999.0,2.74,1,0,0,1,0,0
759.01,0,0,0,0,9999.0,1.29,1,1,0,0,0,0
114.78,0,0,0,0,9999.0,2.87,1,1,0,0,0,0
747.83,0,0,0,0,9999.0,3.02,1,0,0,0,0,0
287.5,1,0,0,1,205.2484083270253,1.59,1,1,0,2,0,0
25664.13,0,0,0,0,9999.0,1.8,1,1,0,1,0,0
1840.72,0,0,0,0,9999.0,1.76,1,0,0,0,0,0
121.56,0,0,0,0,9999.0,2.3,1,0,0,0,0,0
1247.77,0,0,0,0,9999.0,1.44,1,0,0,0,0,0
131.93,0,0,0,0,9999.0,2.74,1,0,0,0,0,0
75.11,0,0,0,0,9999.0,2.16,1,0,0,0,1,0
1026.5,0,0,0,0,9999.0,2.18,1,0,0,0,0,0
1500.0,0,0,0,1,22.0,3.36,0,0,0,2,1,1
2566.24,0,0,0,0,9999.0,1.24,1,0,0,1,0,0
41487.4,0,0,0,0,9999.0,1.26,1,0,0,0,0,0
1227.4,0,0,0,0,9999.0,2.06,1,1,0,1,0,0
438.8,0,0,0,1,773.6718751319379,2.14,1,1,0,0,0,0
40.0,0,0,0,0,9999.0,2.47,1,0,0,0,0,0
889.72,0,0,0,0,9999.0,2.43,1,0,0,0,0,0
36.32,0,0,0,0,9999.0,3.05,1,0,0,1,1,0
26.92,0,0,0,0,9999.0,1.58,1,0,0,0,0,0
1278.25,0,0,0,0,9999.0,2.33,1,0,0,0,0,0
1153.99,0,0,0,0,9999.0,1.59,1,0,0,2,0,0
1218.84,0,0,0,0,9999.0,1.6,1,0,0,0,0,0
2049.21,0,0,0,0,9999.0,2.77,1,0,0,0,0,0
116.64,0,0,0,0,9999.0,1.46,1,0,0,1,0,0
1187.21,0,0,0,0,9999.0,1.22,1,0,0,0,0,0
33.05,0,0,0,0,9999.0,2.23,1,0,0,1,1,0
19952.64,1,1,0,1,25.2,4.48,0,1,0,0,0,1
2749.63,0,0,0,1,985.2348254693932,2.4,1,1,0,0,0,0
117.82,0,0,0,0,9999.0,1.99,1,0,0,0,0,0
1686.11,0,0,0,0,9999.0,2.29,1,0,0,0,0,0
1761.65,0,0,0,0,9999.0,1.52,1,0,0,0,0,0
2624.59,1,0,0,0,9999.0,1.67,1,0,0,0,0,0
280.83,0,0,0,0,9999.0,3.1,1,0,0,0,0,0
1004.76,0,0,0,0,9999.0,1.69,1,0,0,0,0,0
682.12,0,0,0,0,9999.0,2.84,1,0,0,0,1,0
2548.25,1,0,0,0,9999.0,2.55,1,0,0,0,0,0
26322.36,0,0,0,0,9999.0,1.83,1,0,0,0,1,0
542.96,0,0,0,0,9999.0,1.38,1,0,0,1,0,0
121.12,0,0,0,0,9999.0,1.4,1,0,0,0,0,0
33836.95,0,0,0,0,9999.0,2.4,1,0,0,0,0,0
2311.48,0,0,0,0,9999.0,3.02,1,1,0,0,0,0
25.64,0,0,0,0,9999.0,1.54,1,1,0,0,0,0
1299.01,0,0,0,0,9999.0,2.26,1,1,0,0,0,0
1654.32,0,0,0,1,402.1147163845744,2.62,1,0,0,0,0,0
20161.56,0,0,0,0,9999.0,2.19,1,0,0,0,1,0
116.88,0,0,0,0,9999.0,1.77,1,1,0,0,0,0
840.91,0,0,0,0,9999.0,1.52,1,1,0,0,1,0
1634.53,0,0,0,0,9999.0,1.66,1,0,0,0,1,0
114.13,0,0,0,0,9999.0,2.76,1,0,0,1,1,0
1582.37,0,0,0,0,9999.0,2.09,1,1,0,1,0,0
98.67,0,0,0,1,110.96841697879394,1.42,1,1,0,0,1,0
264.49,1,0,0,0,9999.0,1.53,1,1,0,0,0,0
2375.85,0,0,0,0,9999.0,1.98,1,0,0,2,0,0
45.98,0,0,0,0,9999.0,1.76,1,0,0,0,0,0
997.86,0,0,0,0,9999.0,2.26,1,0,0,0,1,0
1756.7,0,0,0,0,9999.0,1.48,1,0,0,0,0,0
93.27,0,0,0,0,9999.0,1.66,1,0,0,0,0,0
121.15,0,0,0,1,950.6127113296671,1.39,1,0,0,1,0,0
1334.75,0,0,0,0,9999.0,2.56,1,0,0,0,0,0
2899.98,0,0,0,0,9999.0,1.94,1,1,0,0,0,0
12.21,0,0,0,0,9999.0,1.5,1,1,0,0,0,0
2907.28,0,0,0,0,9999.0,1.43,1,0,0,0,0,0
2093.61,0,0,0,0,9999.0,1.8,1,0,0,0,0,0
8814.25,0,1,0,1,21.4,4.16,1,1,0,1,0,1
105.39,0,0,0,0,9999.0,2.04,1,0,0,0,0,0
13.54,0,0,0,0,9999.0,2.93,1,0,0,0,0,0
1998.07,0,0,0,0,9999.0,2.19,1,1,0,0,0,0
73.28,0,0,0,0,9999.0,1.51,1,0,0,0,0,0
2397.9,0,0,0,0,9999.0,2.59,1,1,0,0,0,0
25.04,0,0,0,0,9999.0,1.75,1,0,0,0,0,0
1771.13,0,0,0,0,9999.0,2.51,1,1,0,0,1,0
1649.92,0,0,0,0,9999.0,2.68,1,1,0,0,0,0
24455.46,0,0,0,0,9999.0,2.53,1,0,0,1,1,0
29502.43,0,0,0,1,321.60181458139675,2.16,1,1,0,0,0,0
2175.14,0,0,0,0,9999.0,1.82,1,0,0,1,0,0
38.58,0,0,0,0,9999.0,2.43,1,0,0,1,0,0
512.43,0,0,0,0,9999.0,1.63,1,0,0,0,0,0
36.7,0,0,0,0,9999.0,1.78,1,0,0,0,1,0
2051.72,1,0,0,0,9999.0,2.78,1,0,0,0,0,0
57.91,0,0,0,0,9999.0,2.75,1,1,0,2,1,0
147.73,0,0,0,0,9999.0,2.05,1,0,0,0,0,0
63.14,0,0,0,0,9999.0,2.93,1,0,0,0,0,0
20969.14,1,0,0,0,32.4,4.62,1,1,0,0,0,1
55.25,0,0,0,0,9999.0,2.5,1,1,0,1,0,0
79.26,0,0,0,0,9999.0,1.91,1,0,0,0,1,0
137.28,0,0,0,0,9999.0,2.6,1,0,0,0,0,0
61.86,0,0,0,0,9999.0,3.02,1,0,0,0,0,0
131.86,0,0,0,0,9999.0,2.68,1,1,0,0,0,0
134.15,0,0,0,0,9999.0,1.89,1,0,0,0,0,0
16.21,0,0,0,0,9999.0,1.33,1,1,0,0,0,0
748.55,0,0,0,0,9999.0,1.94,1,1,0,0,0,0
50.52,0,0,0,0,9999.0,2.01,1,0,0,0,0,0
12121.84,0,0,0,1,1214.0074914302118,1.72,1,0,0,0,0,0
60.95,0,0,0,0,9999.0,1.3,1,1,0,2,1,0
2500.0,1,0,0,1,2.7,4.37,1,1,1,1,0,1
10.96,0,0,0,0,9999.0,1.64,1,0,0,0,0,0
43.74,0,0,0,0,9999.0,1.74,1,0,0,1,0,0
25000.0,1,0,0,0,5.5,4.0,0,1,1,2,1,1
345.2,0,0,0,0,9999.0,3.04,1,1,0,0,0,0
20625.49,1,0,1,1,21.8,4.23,1,1,0,2,1,1
25000.0,1,0,0,1,43.9,4.05,0,1,0,0,1,1
80.25,0,0,0,0,9999.0,2.59,1,1,0,0,0,0
25000.0,0,0,0,1,20.0,4.17,1,0,0,1,0,1
1760.25,0,0,0,0,9999.0,2.33,1,0,0,0,0,0
86.04,0,0,0,0,9999.0,2.29,1,0,0,1,0,0
986.68,0,0,0,0,9999.0,2.77,1,1,0,0,0,0
1037.28,0,0,0,0,9999.0,1.47,1,0,0,0,0,0
2698.7,0,0,0,0,9999.0,3.07,1,0,0,0,0,0
1084.87,0,1,0,0,9999.0,2.64,1,0,0,1,0,0
56.01,0,0,0,0,9999.0,2.91,1,1,0,1,1,0
1976.86,0,0,0,0,9999.0,1.62,1,1,0,0,0,0
2064.68,1,0,0,1,152.359543010949,2.57,1,0,0,0,0,0
116.72,0,0,0,1,406.8063583948453,2.72,1,1,0,0,0,0
1675.85,0,0,0,0,9999.0,1.37,1,0,0,0,0,0
79.48,0,0,0,0,9999.0,2.8,1,0,0,0,0,0
89.65,0,0,0,0,9999.0,2.57,1,1,0,0,0,0
31072.53,1,1,1,0,21.6,3.97,0,1,0,1,0,1
517.79,0,0,0,0,9999.0,2.51,1,1,0,1,1,0
45.16,0,0,0,0,9999.0,2.69,1,1,0,0,0,0
125.62,0,0,0,0,9999.0,2.48,1,0,0,0,0,0
93.16,0,0,0,0,9999.0,2.36,1,0,0,0,0,0
1240.19,0,0,0,0,9999.0,1.44,1,1,0,0,0,0
15267.33,0,0,0,0,9999.0,1.72,1,0,0,1,0,0
1494.75,0,0,0,0,9999.0,1.46,1,1,0,0,0,0
116.59,1,0,0,0,9999.0,1.74,1,0,0,0,1,0
32.0,0,0,0,0,9999.0,1.26,1,0,0,2,0,0
2950.28,0,0,0,0,9999.0,2.79,1,0,0,0,0,0
541.42,0,0,0,0,9999.0,3.08,1,0,0,0,0,0
8000.0,0,0,0,1,25.2,2.92,1,1,0,1,0,1
8000.0,0,0,0,0,36.0,3.2,1,1,0,2,0,1
15000.0,1,0,0,1,6.2,4.24,0,1,1,0,1,1
30.68,0,0,0,0,9999.0,1.89,1,0,0,0,0,0
1536.64,0,0,0,0,9999.0,2.53,1,1,0,1,1,0
68.06,0,0,0,0,9999.0,1.56,1,0,0,0,1,0
93.23,0,0,0,0,9999.0,1.58,1,1,0,0,0,0
446.71,0,0,0,0,9999.0,1.29,1,0,0,0,0,0
1971.62,0,0,0,0,9999.0,1.56,1,0,0,0,0,0
1730.29,0,0,0,0,9999.0,2.79,1,0,0,0,1,0
28852.98,0,0,0,0,9999.0,3.02,1,0,0,0,0,0
15595.44,0,1,0,1,15.6,3.71,1,1,0,0,1,1
97.6,0,0,0,1,579.281478293825,2.89,1,0,0,0,0,0
132.48,0,0,0,0,9999.0,2.38,1,0,0,0,1,0
12.04,0,0,0,0,9999.0,2.13,1,0,0,0,0,0
92.81,0,0,0,0,9999.0,2.1,1,1,0,0,0,0
1112.62,0,0,0,0,9999.0,2.93,1,0,0,1,0,0
2922.05,0,0,0,0,9999.0,3.05,1,0,0,0,0,0
20.27,0,0,0,0,9999.0,2.55,1,0,0,0,0,0
55.78,0,0,0,0,9999.0,2.76,1,0,0,0,0,0
28167.65,0,1,1,1,15.6,4.35,1,1,0,2,0,1
117.35,0,0,0,0,9999.0,2.23,1,1,0,1,0,0
33424.29,1,0,1,1,8.8,3.26,1,1,0,1,1,1
1277.57,0,0,0,0,9999.0,1.95,1,0,0,0,0,0
31059.64,0,0,0,0,9999.0,2.08,1,0,0,0,0,0
1860.23,0,0,0,0,9999.0,1.36,1,1,0,0,0,0
89.54,0,0,0,0,9999.0,1.24,1,0,0,0,0,0
57.02,0,0,0,0,9999.0,1.4,1,0,0,0,0,0
2693.75,0,0,0,0,9999.0,2.07,1,0,0,0,0,0
125.31,0,0,0,0,9999.0,2.45,1,1,0,1,1,0
402.36,0,0,0,0,9999.0,1.25,1,0,0,1,0,0
89.55,1,0,0,0,9999.0,2.36,1,0,0,0,0,0
44.87,0,0,0,0,9999.0,1.31,1,0,0,1,1,0
63.64,0,0,0,0,9999.0,2.25,1,1,0,0,0,0
2391.45,0,0,0,0,9999.0,2.74,1,1,0,0,1,0
12.57,0,0,0,0,9999.0,1.33,1,0,0,0,0,0
1419.82,0,0,0,0,9999.0,1.25,1,1,0,0,0,0
2082.87,0,0,0,0,9999.0,1.72,1,1,0,0,0,0
28.22,0,0,0,0,9999.0,2.79,1,0,0,0,0,0
1822.38,0,0,0,0,9999.0,1.48,1,0,0,0,0,0
3000.0,0,0,0,1,2.7,3.23,1,0,0,2,1,1
139.01,0,0,0,0,9999.0,2.92,1,0,0,2,0,0
1883.23,0,0,0,0,9999.0,1.83,1,1,0,0,0,0
46.62,0,0,0,0,9999.0,1.95,1,0,0,0,0,0
38.76,0,0,0,0,9999.0,1.99,1,0,0,0,0,0
1581.06,0,0,0,0,9999.0,1.58,1,0,0,0,0,0
34464.55,1,0,0,0,9999.0,2.97,1,0,0,1,0,0
1997.26,0,0,0,0,9999.0,1.23,1,0,0,0,1,0
1054.99,0,0,0,0,9999.0,1.93,1,0,0,0,0,0
98.76,0,0,0,0,9999.0,1.22,1,1,0,0,0,0
1062.13,0,0,0,0,9999.0,2.56,1,1,0,0,0,0
655.04,0,0,0,0,9999.0,2.32,1,0,0,0,0,0
1887.43,0,0,0,0,9999.0,2.3,1,0,0,0,0,0
1951.84,0,0,0,0,9999.0,2.18,1,0,0,0,0,0
2591.64,0,0,0,1,1073.3331013918262,1.39,1,0,0,0,0,0
100.99,0,0,0,0,9999.0,2.16,1,0,0,0,1,0
2761.5,0,0,0,1,1013.701322147424,2.67,1,0,0,0,0,0
1814.06,0,0,0,0,9999.0,2.61,1,0,0,0,0,0
117.32,0,0,0,0,9999.0,2.17,1,0,0,0,0,0
3267.98,1,0,0,1,2.9,4.23,0,1,0,1,0,1
69.4,0,0,0,0,9999.0,1.95,1,0,0,0,0,0
46.12,0,0,0,0,9999.0,1.64,1,0,0,0,0,0
18797.89,1,0,0,1,15.0,4.18,0,1,0,2,1,1
39122.15,0,0,0,0,9999.0,1.71,1,1,0,2,0,0
1835.09,0,0,0,0,9999.0,2.17,1,1,0,0,0,0
926.01,0,0,0,0,9999.0,1.99,1,0,0,0,1,0
2334.02,0,0,0,0,9999.0,1.56,1,1,0,0,1,0
2151.0,0,0,0,0,9999.0,2.09,1,1,0,0,0,0
151545.04,1,1,0,1,12.8,3.96,0,1,0,0,1,1
99.0,0,0,0,0,9999.0,1.71,1,0,0,2,0,0
141.05,0,0,0,0,9999.0,2.61,1,1,0,0,0,0
18.01,0,0,0,1,1366.7619845898023,2.14,1,0,0,1,0,0
101.89,0,0,0,0,9999.0,1.5,1,1,0,0,0,0
84.54,0,0,0,0,9999.0,2.76,1,1,0,0,0,0
1997.35,0,0,0,0,9999.0,2.32,1,0,0,1,1,0
138.65,0,0,0,0,9999.0,1.94,1,1,0,0,0,0
2226.13,0,0,0,0,9999.0,1.94,1,0,0,0,0,0
2060.46,0,0,0,1,1221.186606051056,2.47,1,0,0,1,0,0
14559.47,1,0,0,0,9999.0,2.86,1,0,0,0,0,0
142.87,0,0,0,0,9999.0,2.22,1,0,0,2,0,0
18534.92,1,1,1,1,18.9,3.58,0,1,0,1,0,1
35.65,0,0,0,0,9999.0,2.71,1,0,0,0,0,0
44.91,0,0,0,0,9999.0,2.98,1,0,0,0,0,0
2077.82,0,0,0,0,9999.0,2.61,1,0,0,0,0,0
1778.68,0,0,0,0,9999.0,1.32,1,1,0,0,0,0
90.17,0,0,0,0,9999.0,2.97,1,0,0,0,0,0
127.58,0,0,0,1,1423.6340306467782,3.09,1,1,0,0,0,0
111.95,0,0,0,0,9999.0,1.53,1,0,0,0,0,0
2385.01,0,0,0,0,9999.0,1.23,1,0,0,0,0,0
106.85,0,0,0,0,9999.0,2.01,1,0,0,0,0,0
23.85,0,0,0,0,9999.0,2.63,1,0,0,0,0,0
118.67,0,0,0,0,9999.0,2.15,1,1,0,0,0,0
1895.0,0,0,0,0,9999.0,2.08,1,1,0,1,0,0
107.66,0,0,0,0,9999.0,2.28,1,0,0,0,0,0
2616.41,0,0,0,0,9999.0,1.95,1,0,0,0,0,0
1065.27,0,0,0,0,9999.0,1.77,1,1,0,0,0,0
73.23,0,0,0,0,9999.0,1.93,1,1,0,0,0,0
42.9,1,0,0,0,9999.0,2.25,1,0,0,0,1,0
42.52,0,0,0,0,9999.0,2.56,1,0,0,0,0,0
2393.79,0,0,0,0,9999.0,2.59,1,0,0,0,1,0
70.48,0,0,0,0,9999.0,1.48,1,0,0,1,0,0
31.21,0,0,0,0,9999.0,2.05,1,1,0,0,0,0
133.83,0,0,0,0,9999.0,2.52,1,0,0,1,1,0
1073.59,0,0,0,0,9999.0,3.09,1,0,0,0,1,0
77030.91,1,0,0,1,17.3,3.91,1,1,0,0,0,1
419.9,1,0,0,0,9999.0,2.45,1,0,0,0,0,0
25141.82,0,1,0,0,9999.0,2.89,1,0,0,0,0,0
1184.01,0,0,0,0,9999.0,2.14,1,0,0,1,0,0
2233.88,0,0,0,0,9999.0,1.39,1,0,0,0,0,0
120.05,0,0,0,0,9999.0,1.32,1,0,0,0,1,0
141.31,0,0,0,0,9999.0,1.76,1,0,0,0,0,0
985.34,0,0,0,0,9999.0,2.79,1,0,0,0,0,0
123.8,0,0,0,0,9999.0,2.85,1,0,0,0,0,0
32.46,0,0,0,0,9999.0,1.27,1,0,0,0,0,0
792.79,0,0,0,1,1218.8438783665515,1.93,1,0,0,0,0,0
102.08,0,0,0,0,9999.0,1.7,1,0,0,0,0,0
488.71,0,0,0,0,9999.0,2.57,1,0,0,0,0,0
314.41,0,0,0,0,9999.0,2.06,1,0,0,0,0,0
13380.54,0,0,0,0,9999.0,2.93,1,0,0,0,0,0
7189.6,1,1,1,1,7.4,3.62,1,1,0,0,1,1
1400.82,0,0,0,0,9999.0,2.41,1,1,0,0,0,0
70.26,0,0,0,0,9999.0,1.75,1,0,0,0,0,0
47.61,0,0,0,0,9999.0,2.92,1,1,0,2,0,0
2269.63,0,0,0,0,9999.0,1.77,1,0,0,1,0,0
1919.75,0,0,0,0,9999.0,1.33,1,0,0,0,1,0
2696.35,1,0,0,0,9999.0,2.42,1,0,0,0,0,0
1253.05,0,0,0,0,9999.0,1.84,1,0,0,0,0,0
18.87,0,0,0,0,9999.0,2.43,1,0,0,0,0,0
153617.99,1,0,0,1,3.9,3.7,1,1,0,2,1,1
2391.67,0,0,0,0,9999.0,2.02,1,0,0,0,0,0
3000.0,0,0,0,0,6.8,3.34,0,1,0,0,1,1
1799.25,0,0,0,0,9999.0,2.16,1,0,0,0,0,0
422.87,0,0,0,0,9999.0,1.77,1,0,0,0,1,0
43872.41,0,0,0,0,9999.0,2.19,1,0,0,0,0,0
74.61,0,0,0,0,9999.0,2.2,1,1,0,2,1,0
2783.56,0,0,0,0,9999.0,2.14,1,0,0,0,0,0
103.55,0,0,0,0,9999.0,1.41,1,0,0,2,0,0
115.13,0,0,0,0,9999.0,1.38,1,0,0,0,0,0
588.48,0,0,0,0,9999.0,2.27,1,1,0,1,0,0
28.79,0,0,0,0,9999.0,2.21,1,0,0,0,0,0
132.43,0,0,0,0,9999.0,1.58,1,0,0,0,0,0
1235.47,0,0,0,0,9999.0,2.56,1,0,0,0,1,0
119.34,0,0,0,0,9999.0,1.93,1,0,0,0,0,0
126.69,0,0,0,0,9999.0,1.25,1,0,0,0,0,0
33.82,0,0,0,0,9999.0,1.92,1,0,0,1,0,0
1099.83,0,0,0,0,9999.0,2.87,1,0,0,0,0,0
122.92,0,0,0,0,9999.0,2.77,1,1,0,0,0,0
478.04,0,0,0,0,9999.0,2.51,1,0,0,0,0,0
29.05,0,0,0,0,9999.0,2.8,1,1,0,0,0,0
106.55,0,0,0,0,9999.0,2.55,1,1,0,0,0,0
1701.92,0,0,0,0,9999.0,2.61,1,0,0,2,0,0
2103.99,0,0,0,1,373.1352479602698,2.3,1,0,0,0,0,0
126.65,0,0,0,0,9999.0,2.19,1,0,0,0,0,0
131.84,0,0,0,0,9999.0,3.08,1,0,0,1,0,0
1672.8,0,0,0,0,9999.0,2.2,1,1,0,0,1,0
1077.11,0,0,0,0,9999.0,2.27,1,0,0,0,0,0
103.83,0,0,0,0,9999.0,1.86,1,0,0,0,0,0
69.19,0,0,0,0,9999.0,1.8,1,0,0,2,0,0
22481.89,0,0,0,0,9999.0,2.44,1,0,0,0,1,0
141.64,0,0,0,0,9999.0,1.94,1,0,0,0,0,0
524.82,0,0,0,0,9999.0,2.89,1,0,0,2,0,0
54.72,0,0,0,0,9999.0,2.51,1,0,0,0,1,0
2063.12,0,0,0,0,9999.0,1.55,1,1,0,0,0,0
2420.37,0,0,0,1,659.6299307325888,1.48,1,0,0,0,0,0
138.51,0,0,0,0,9999.0,1.6,1,1,0,0,0,0
529.21,0,0,0,0,9999.0,2.61,1,1,0,0,0,0
24697.96,0,0,0,0,9999.0,2.26,1,0,0,1,1,0
15.38,0,0,0,0,9999.0,2.23,1,0,0,0,0,0
25000.0,0,0,0,1,20.1,3.15,1,0,0,1,0,1
924.56,0,0,0,0,9999.0,2.8,1,0,0,0,0,0
2387.67,0,0,0,0,9999.0,2.72,1,0,0,0,0,0
30.97,0,0,0,0,9999.0,1.69,1,0,0,0,0,0
34.7,0,0,0,0,9999.0,2.75,1,0,0,2,0,0
215.57,1,0,0,0,9999.0,3.01,1,0,0,0,0,0
1518.23,0,0,0,0,9999.0,1.62,1,1,0,0,0,0
54.03,0,0,0,0,9999.0,2.96,1,0,0,0,1,0
2297.44,0,0,0,0,9999.0,2.71,1,1,0,0,1,0
1297.05,0,0,0,0,9999.0,2.09,1,0,0,0,0,0
1807.53,0,0,0,0,9999.0,1.57,1,1,0,0,0,0
23.23,0,0,0,0,9999.0,2.35,1,0,0,0,0,0
87.74,0,0,0,0,9999.0,1.99,1,1,0,0,0,0
28.49,0,0,0,0,9999.0,1.68,1,1,0,1,0,0
131.22,0,0,0,0,9999.0,1.51,1,1,0,0,0,0
27.63,0,0,0,0,9999.0,2.41,1,0,0,0,1,0
47.59,0,0,0,1,704.0244436955686,2.97,1,0,0,0,1,0
1985.65,0,0,0,0,9999.0,2.53,1,0,0,0,0,0
2500.0,0,0,0,0,4.1,3.99,1,1,1,2,0,1
1910.8,0,0,0,0,9999.0,2.26,1,1,0,0,1,0
1103.41,0,0,0,0,9999.0,2.54,1,0,0,0,0,0
1998.97,0,0,0,0,9999.0,2.08,1,0,0,1,0,0
106.02,0,0,0,1,237.09064550338204,1.25,1,1,0,0,0,0
94.83,0,0,0,0,9999.0,2.3,1,0,0,1,0,0
2722.3,0,0,0,0,9999.0,2.94,1,0,0,0,0,0
1500.0,0,0,0,1,42.8,3.7,0,1,0,0,1,1
9650.76,0,1,1,1,10.8,4.2,1,1,0,2,0,1
11.05,0,0,0,0,9999.0,2.16,1,0,0,0,0,0
76.69,0,0,0,0,9999.0,2.75,1,0,0,0,0,0
1419.19,0,0,0,0,9999.0,2.57,1,1,0,0,0,0
2065.06,0,0,0,0,9999.0,1.43,1,0,0,0,0,0
1061.51,0,0,0,0,9999.0,2.91,1,0,0,1,1,0
83.59,0,0,0,1,1131.7949666210736,2.33,1,0,0,0,1,0
2001.18,0,0,0,0,9999.0,2.22,1,1,0,0,0,0
84.59,1,0,0,0,9999.0,1.83,1,0,0,1,0,0
1877.6,0,0,0,0,9999.0,2.65,1,1,0,1,0,0
1178.58,0,0,0,0,9999.0,2.09,1,0,0,1,0,0
45.19,0,0,0,0,9999.0,1.5,1,0,0,0,0,0
2744.49,0,0,0,0,9999.0,2.59,1,0,0,0,1,0
498.41,0,0,0,1,950.614383385752,1.49,1,0,0,0,0,0
46.26,0,0,0,0,9999.0,1.78,1,0,0,1,0,0
43.5,0,0,0,0,9999.0,1.5,1,0,0,0,0,0
31912.77,0,0,0,0,9999.0,2.07,1,0,0,1,0,0
2125.18,0,0,0,0,9999.0,2.43,1,0,0,0,0,0
126.0,0,0,0,0,9999.0,2.19,1,0,0,1,0,0
64.48,0,0,0,0,9999.0,2.27,1,0,0,0,0,0
94.85,0,0,0,0,9999.0,2.63,1,1,0,0,0,0
42.54,0,0,0,0,9999.0,1.94,1,0,0,0,0,0
1484.35,0,0,0,0,9999.0,1.81,1,1,0,1,0,0
2166.29,1,0,0,1,7.9,4.15,1,1,0,2,0,1
2095.71,0,0,0,0,9999.0,1.24,1,0,0,0,1,0
139.87,0,0,0,0,9999.0,2.18,1,0,0,0,0,0
68.95,0,0,0,1,660.279117685336,2.62,1,0,0,0,0,0
15.66,0,0,0,0,9999.0,2.49,1,1,0,0,0,0
94.17,0,0,0,0,9999.0,3.08,1,1,0,0,0,0
51.06,0,0,0,0,9999.0,1.53,1,0,0,0,0,0
682.17,0,0,0,0,9999.0,2.57,1,0,0,0,0,0
2404.71,0,0,0,0,9999.0,2.46,1,0,0,0,0,0
46.77,0,0,0,0,9999.0,2.03,1,0,0,0,0,0
260.66,0,0,0,0,9999.0,1.4,1,0,0,0,0,0
1715.89,0,0,0,0,9999.0,2.03,1,0,0,0,0,0
129.53,0,0,0,0,9999.0,2.83,1,0,0,0,0,0
106.52,0,0,0,0,9999.0,1.45,1,0,0,0,0,0
128.24,0,0,0,0,9999.0,2.23,1,0,0,1,0,0
141.87,0,0,0,0,9999.0,2.52,1,0,0,2,0,0
1560.66,1,0,0,0,9999.0,3.05,1,0,0,1,0,0
147.81,1,0,0,0,9999.0,1.64,1,1,0,0,0,0
135.25,0,0,0,0,9999.0,2.49,1,0,0,0,0,0
2090.45,0,0,0,0,9999.0,1.79,1,0,0,0,0,0
2550.88,0,0,0,0,9999.0,2.28,1,0,0,1,1,0
124.41,0,0,0,0,9999.0,1.62,1,1,0,0,0,0
906.31,0,0,0,0,9999.0,1.4,1,1,0,0,0,0
26.05,0,0,0,0,9999.0,2.12,1,1,0,1,0,0
136.9,0,0,0,0,9999.0,2.37,1,0,0,0,0,0
2682.05,0,0,0,1,7.6,4.6,1,1,0,2,1,1
20.65,0,0,0,1,715.6968165867833,1.34,1,0,0,1,0,0
134.2,0,0,0,0,9999.0,1.77,1,1,0,0,0,0
287.33,0,0,0,0,9999.0,2.74,1,0,0,0,1,0
133.69,0,0,0,0,9999.0,2.88,1,1,0,0,0,0
118.2,0,0,0,0,9999.0,3.0,1,0,0,0,0,0
102.9,0,0,0,0,9999.0,2.17,1,0,0,1,0,0
38351.6,0,0,0,0,9999.0,1.87,1,0,0,0,0,0
466.36,0,0,0,0,9999.0,2.18,1,1,0,0,0,0
39095.24,0,0,0,0,9999.0,1.99,1,0,0,0,0,0
25000.0,1,0,0,1,22.4,2.81,1,1,0,2,1,1
2500.0,1,0,0,1,3.4,4.21,1,1,1,2,0,1
964.92,0,0,0,1,1423.3276592767777,2.86,1,0,0,0,1,0
94.23,0,0,0,0,9999.0,2.12,1,0,0,0,0,0
2132.73,0,0,0,0,9999.0,2.74,1,0,0,0,0,0
854.72,0,0,0,0,9999.0,1.92,1,1,0,0,1,0
1032.18,0,0,0,0,9999.0,2.43,1,0,0,0,0,0
24.25,0,0,0,0,9999.0,2.79,1,1,0,0,0,0
364.03,0,0,0,0,9999.0,1.35,1,1,0,0,0,0
1933.96,1,0,0,0,9999.0,1.38,1,0,0,0,0,0
961.44,1,0,0,0,9999.0,3.09,1,0,0,2,0,0
2327.95,0,0,0,0,9999.0,2.61,1,1,0,2,1,0
96.12,0,0,0,0,9999.0,2.83,1,0,0,0,0,0
2189.41,0,0,0,0,9999.0,2.21,1,0,0,0,0,0
125.51,0,0,0,0,9999.0,2.87,1,0,0,1,0,0
2106.86,0,0,0,0,9999.0,2.1,1,0,0,2,0,0
126.21,1,0,0,0,9999.0,2.08,1,0,0,1,0,0
2355.71,0,0,0,0,9999.0,1.62,1,0,0,2,1,0
123.25,0,0,0,1,1092.519053764164,2.45,1,1,0,0,0,0
70.92,0,0,0,0,9999.0,2.2,1,0,0,0,0,0
404.2,0,0,0,0,9999.0,1.89,1,0,0,0,0,0
2679.63,0,0,0,1,795.7334103823022,1.81,1,0,0,1,1,0
25000.0,0,0,0,1,29.0,3.21,1,1,0,1,0,1
76.28,0,0,0,0,9999.0,2.11,1,0,0,0,0,0
5549.36,1,1,0,1,1.2,4.0,1,1,0,2,1,1
552.95,0,0,0,0,9999.0,1.92,1,1,0,0,0,0
2019.95,0,0,0,0,9999.0,1.58,1,1,0,0,0,0
1659.51,0,0,0,0,9999.0,2.48,1,0,0,0,1,0
124.28,0,0,0,0,9999.0,3.06,1,1,0,0,0,0
2519.12,1,0,0,1,10.3,4.31,0,1,0,1,0,1
117.39,0,0,0,0,9999.0,1.58,1,0,0,0,1,0
95.74,0,0,0,0,9999.0,2.56,1,0,0,0,0,0
2231.7,0,0,0,0,9999.0,2.28,1,1,0,0,0,0
22.6,0,0,0,0,9999.0,1.74,1,0,0,1,0,0
20925.8,0,0,0,0,9999.0,2.98,1,0,0,0,0,0
398.92,0,0,0,0,9999.0,2.91,1,0,0,1,1,0
96.81,0,0,0,0,9999.0,1.43,1,0,0,0,0,0
2288.62,0,0,0,0,9999.0,2.4,1,0,0,0,0,0
1081.46,0,0,0,0,9999.0,2.02,1,0,0,0,0,0
2848.09,0,0,0,0,9999.0,1.62,1,0,0,0,0,0
25000.0,1,0,0,1,2.4,4.07,1,1,1,2,1,1
1301.55,0,0,0,0,9999.0,2.08,1,0,0,0,0,0
10.61,0,0,0,0,9999.0,1.27,1,1,0,0,1,0
1485.5,0,0,0,0,9999.0,1.71,1,0,0,0,0,0
108.13,0,0,0,0,9999.0,2.64,1,0,0,0,0,0
41.75,1,0,0,0,9999.0,2.5,1,0,0,0,0,0
70.15,0,0,0,0,9999.0,1.54,1,1,0,0,0,0
586.92,0,0,0,0,9999.0,1.54,1,0,0,1,0,0
807.72,0,0,0,0,9999.0,1.93,1,1,0,0,0,0
2860.14,0,0,0,0,9999.0,2.83,1,0,0,0,1,0
1481.85,0,0,0,0,9999.0,1.62,1,0,0,0,1,0
28.22,0,0,0,0,9999.0,2.12,1,0,0,1,0,0
2216.75,0,0,0,0,9999.0,1.95,1,0,0,0,0,0
282.5,1,0,0,0,9999.0,1.94,1,0,0,2,0,0
27134.55,0,0,0,0,9999.0,2.76,1,1,0,0,0,0
10.71,0,0,0,0,9999.0,1.8,1,0,0,0,0,0
1929.89,0,0,0,0,9999.0,1.7,1,0,0,0,0,0
1934.46,0,0,0,0,9999.0,1.95,1,1,0,0,0,0
74.83,0,0,0,0,9999.0,2.95,1,0,0,0,0,0
1495.25,0,0,0,1,1255.709744166446,2.86,1,0,0,1,0,0
2345.66,1,0,0,1,9.3,2.98,1,1,0,1,1,1
82.14,0,0,0,0,9999.0,2.96,1,1,0,1,0,0
98.62,0,0,0,0,9999.0,2.47,1,0,0,1,0,0
2020.74,0,0,0,0,9999.0,2.95,1,0,0,0,0,0
86.14,0,0,0,0,9999.0,2.89,1,0,0,0,0,0
90.0,0,0,0,0,9999.0,1.41,1,0,0,0,0,0
762.43,0,0,0,0,9999.0,2.55,1,1,0,0,0,0
58.25,0,0,0,0,9999.0,1.5,1,1,0,0,0,0
1740.18,0,0,0,0,9999.0,2.59,1,0,0,1,0,0
1166.38,0,0,0,1,10.9,2.94,1,1,0,1,1,1
110.81,0,0,0,0,9999.0,2.75,1,1,0,0,0,0
750.76,0,0,0,0,9999.0,2.71,1,0,0,0,0,0
2176.18,0,0,0,0,9999.0,1.95,1,1,0,0,0,0
1007.29,0,0,0,0,9999.0,1.28,1,0,0,0,0,0
1672.17,0,0,0,0,9999.0,2.97,1,1,0,0,0,0
52.88,0,0,0,0,9999.0,2.24,1,0,0,0,1,0
32.77,0,0,0,0,9999.0,3.01,1,0,0,1,0,0
28882.47,0,0,0,0,9999.0,1.99,1,1,0,0,0,0
32684.53,1,0,0,1,9.9,4.4,0,1,0,2,0,1
875.61,0,0,0,0,9999.0,2.68,1,0,0,0,0,0
728.84,0,0,0,0,9999.0,2.8,1,1,0,0,0,0
10.5,0,0,0,0,9999.0,1.24,1,0,0,0,0,0
1652.93,0,0,0,0,9999.0,2.76,1,1,0,0,0,0
110.97,0,0,0,0,9999.0,2.23,1,0,0,1,0,0
1240.69,0,0,0,1,1257.3330990267827,2.17,1,0,0,0,1,0
138.08,0,0,0,0,9999.0,2.96,1,1,0,2,0,0
2505.79,0,0,0,0,9999.0,1.98,1,0,0,0,0,0
26.91,0,0,0,0,9999.0,1.65,1,1,0,1,0,0
72.3,0,0,0,1,66.44103326986868,1.87,1,0,0,0,0,0
2422.99,0,0,0,0,9999.0,2.03,1,1,0,0,0,0
99.28,0,0,0,0,9999.0,2.37,1,0,0,0,0,0
104.64,0,0,0,0,9999.0,1.48,1,0,0,0,0,0
1379.53,0,0,0,0,9999.0,2.06,1,0,0,0,0,0
112.12,0,0,0,0,9999.0,1.55,1,0,0,1,0,0
107.19,0,0,0,1,949.5978411712906,2.87,1,0,0,0,0,0
149.25,0,0,0,0,9999.0,3.07,1,0,0,1,1,0
36110.39,0,0,0,0,9999.0,1.66,1,1,0,0,0,0
8000.0,0,0,0,1,27.4,3.46,1,1,0,0,0,1
822.75,0,0,0,1,1221.832047496316,1.99,1,0,0,0,0,0
12083.21,0,0,0,0,9999.0,1.85,1,0,0,0,0,0
1453.3,0,0,0,0,9999.0,1.41,1,0,0,0,0,0
32.27,0,0,0,0,9999.0,2.17,1,1,0,0,0,0
1523.34,0,0,0,0,9999.0,1.77,1,0,0,0,0,0
5335.6,0,0,0,1,10.9,3.37,0,1,0,2,1,1
29802.57,0,0,0,0,9999.0,1.77,1,0,0,0,1,0
2237.82,0,0,0,0,9999.0,2.74,1,1,0,0,0,0
41671.21,1,0,0,1,16.6,3.82,1,1,0,2,1,1
75630.06,1,0,1,0,32.9,2.87,0,1,0,1,0,1
1065.16,0,0,0,0,9999.0,2.04,1,1,0,1,0,0
30931.13,0,0,0,0,9999.0,2.85,1,1,0,0,1,0
911.78,0,0,0,1,1382.865772444494,2.91,1,0,0,0,0,0
143.97,0,0,0,1,218.671664074904,1.94,1,0,0,0,1,0
131.21,0,0,0,0,9999.0,1.56,1,0,0,0,0,0
39.04,0,0,0,0,9999.0,3.1,1,1,0,1,0,0
102.07,0,0,0,0,9999.0,2.86,1,0,0,0,0,0
276.86,0,0,0,0,9999.0,1.44,1,1,0,0,1,0
100.27,0,0,0,0,9999.0,2.71,1,0,0,0,0,0
25208.81,0,0,0,0,9999.0,2.26,1,1,0,0,0,0
2033.78,0,0,0,0,9999.0,2.28,1,1,0,0,0,0
2673.32,0,0,0,0,9999.0,1.35,1,0,0,0,0,0
8000.0,0,0,0,1,8.1,4.25,0,1,0,1,1,1
31291.07,0,0,0,1,43.74701995743617,1.65,1,0,0,0,0,0
25.2,0,0,0,0,9999.0,1.27,1,0,0,0,0,0
210.08,0,0,0,0,9999.0,1.21,1,1,0,0,0,0
1792.83,0,0,0,0,9999.0,1.81,1,0,0,0,0,0
1048.22,0,0,0,0,9999.0,1.37,1,0,0,0,0,0
146.61,0,0,0,0,9999.0,1.71,1,0,0,0,0,0
21.46,0,0,0,0,9999.0,2.45,1,1,0,0,1,0
10.3,0,0,0,0,9999.0,1.93,1,0,0,1,1,0
13.7,0,0,0,0,9999.0,2.85,1,0,0,1,0,0
2624.85,0,0,0,0,9999.0,1.34,1,1,0,1,0,0
2441.64,0,0,0,0,9999.0,1.98,1,1,0,0,0,0
21.79,0,0,0,0,9999.0,1.58,1,0,0,0,1,0
19120.08,0,0,0,0,9999.0,1.83,1,0,0,0,0,0
80.86,0,0,0,0,9999.0,1.45,1,0,0,0,1,0
64.5,0,0,0,0,9999.0,2.16,1,1,0,0,0,0
1514.06,0,0,0,0,9999.0,1.41,1,0,0,1,1,0
800.66,0,0,0,0,9999.0,2.01,1,0,0,2,1,0
1802.92,0,0,0,0,9999.0,2.91,1,0,0,0,0,0
1744.01,0,0,0,0,9999.0,1.77,1,1,0,0,0,0
2342.79,0,0,0,0,9999.0,2.19,1,1,0,0,0,0
33644.88,0,0,0,0,9999.0,2.48,1,0,0,0,1,0
18.35,0,0,0,0,9999.0,1.36,1,0,0,0,0,0
99.92,0,0,0,0,9999.0,1.49,1,0,0,1,1,0
46.05,0,0,0,0,9999.0,2.28,1,0,0,0,0,0
1912.39,0,0,0,0,9999.0,2.75,1,0,0,2,0,0
15.88,0,0,0,0,9999.0,1.75,1,0,0,0,0,0
508.53,0,0,0,0,9999.0,1.22,1,0,0,1,0,0
30560.93,0,0,0,1,684.4644520164761,2.32,1,0,0,0,0,0
1851.36,0,0,0,0,9999.0,1.28,1,0,0,0,0,0
117.3,0,0,0,0,9999.0,2.84,1,0,0,0,1,0
78795.28,1,1,0,1,4.5,3.71,1,1,0,0,0,1
217.79,0,0,0,1,1299.7204765238885,2.79,1,0,0,0,0,0
653.56,0,0,0,0,9999.0,2.68,1,1,0,1,0,0
83.55,0,0,0,0,9999.0,2.04,1,1,0,0,0,0
11435.0,0,0,0,0,9999.0,1.57,1,0,0,0,1,0
90.82,0,0,0,0,9999.0,1.8,1,0,0,0,1,0
116.58,0,0,0,0,9999.0,2.77,1,1,0,0,0,0
2677.81,0,0,0,0,9999.0,1.22,1,0,0,0,0,0
1483.01,0,0,0,0,9999.0,2.25,1,0,0,0,0,0
26637.25,0,0,0,0,9999.0,2.47,1,0,0,0,0,0
2052.9,0,0,0,0,9999.0,1.49,1,1,0,0,0,0
1683.9,0,0,0,0,9999.0,2.84,1,0,0,0,0,0
67.51,0,0,0,1,660.9657331532218,2.27,1,0,0,0,0,0
225.27,0,0,0,0,9999.0,2.85,1,0,0,0,0,0
62.14,0,0,0,0,9999.0,1.43,1,0,0,2,0,0
107.28,0,0,0,0,9999.0,1.3,1,0,0,2,0,0
34022.91,1,0,0,0,9999.0,2.18,1,0,0,1,0,0
930.54,0,0,0,0,9999.0,2.0,1,0,0,0,0,0
60.56,0,0,0,0,9999.0,2.24,1,0,0,0,0,0
69.3,0,0,0,0,9999.0,2.12,1,0,0,1,0,0
64.67,0,0,0,0,9999.0,1.74,1,0,0,1,0,0
606.3,0,0,0,0,9999.0,1.39,1,0,0,0,1,0
33015.05,1,0,0,1,10.5,3.36,0,1,0,2,0,1
144.73,0,0,0,1,797.9143292699705,3.05,1,0,0,1,0,0
2787.02,0,0,0,0,9999.0,2.28,1,0,0,1,0,0
570.04,0,0,0,0,9999.0,2.1,1,0,0,0,0,0
136.59,0,0,0,0,9999.0,2.6,1,0,0,0,0,0
697.62,0,0,0,0,9999.0,2.12,1,0,0,0,0,0
615.35,0,0,0,0,9999.0,2.7,1,1,0,0,1,0
94.86,0,0,0,0,9999.0,2.83,1,1,0,0,0,0
116.83,0,0,0,0,9999.0,2.64,1,0,0,0,0,0
2387.95,0,0,0,0,9999.0,2.37,1,0,0,1,0,0
1694.26,0,0,0,0,9999.0,2.12,1,0,0,0,0,0
2238.56,0,0,0,0,9999.0,2.21,1,1,0,0,0,0
2371.65,0,0,0,0,9999.0,2.19,1,1,0,0,0,0
1299.9,0,0,0,0,9999.0,2.2,1,1,0,0,1,0
1107.34,0,0,0,0,9999.0,2.87,1,1,0,0,0,0
8000.0,1,0,0,1,26.3,2.89,1,1,0,1,0,1
2556.1,0,0,0,0,9999.0,2.24,1,0,0,1,0,0
27.39,0,0,0,0,9999.0,1.68,1,1,0,0,0,0
44.7,0,0,0,0,9999.0,2.9,1,0,0,0,0,0
1333.79,0,0,0,0,9999.0,1.58,1,0,0,2,0,0
74.54,0,0,0,0,9999.0,2.02,1,1,0,0,0,0
2672.59,0,0,0,0,9999.0,2.38,1,0,0,0,0,0
110.99,0,0,0,0,9999.0,1.23,1,0,0,0,1,0
2262.62,0,0,0,0,9999.0,2.96,1,0,0,0,0,0
1164.47,0,0,0,0,9999.0,1.5,1,0,0,0,0,0
886.18,0,0,0,0,9999.0,1.87,1,1,0,1,0,0
26.18,0,0,0,0,9999.0,2.23,1,0,0,1,0,0
1635.05,0,0,0,0,9999.0,2.83,1,0,0,0,1,0
72.75,0,0,0,0,9999.0,2.54,1,0,0,0,0,0
1468.32,0,0,0,0,9999.0,1.28,1,1,0,0,0,0
35.95,0,0,0,0,9999.0,1.67,1,1,0,1,0,0
3000.0,0,0,0,1,8.8,2.83,1,1,0,0,1,1
1279.24,0,0,0,0,9999.0,1.49,1,0,0,0,0,0
98.52,0,0,0,1,805.7785182272398,2.64,1,0,0,1,1,0
2340.74,0,0,0,0,9999.0,1.81,1,1,0,0,0,0
12.1,0,0,0,0,9999.0,2.83,1,0,0,0,1,0
96.09,0,0,0,1,1408.017761695008,1.93,1,0,0,0,0,0
114.12,0,0,0,0,9999.0,3.04,1,0,0,0,0,0
507.07,0,0,0,0,9999.0,1.78,1,0,0,0,0,0
2217.7,0,0,0,0,9999.0,2.73,1,0,0,0,1,0
576.58,1,0,0,0,9999.0,2.83,1,1,0,0,0,0
754.14,0,0,0,0,9999.0,1.21,1,1,0,1,0,0
1533.53,1,0,0,0,9999.0,2.38,1,1,0,0,0,0
4608.1,1,0,0,1,2.3,3.84,1,1,0,0,1,1
5000.0,1,0,0,1,2.6,3.63,1,1,1,1,1,1
610.58,0,0,0,0,9999.0,2.05,1,0,0,1,0,0
39128.79,1,0,0,1,12.3,3.82,1,1,0,2,0,1
57.73,0,0,0,1,184.10616073712623,2.55,1,0,0,0,0,0
8000.0,1,0,0,1,3.0,3.94,0,0,0,2,1,1
1906.12,0,0,0,0,9999.0,2.08,1,0,0,0,0,0
2426.49,0,0,0,0,9999.0,2.83,1,0,0,1,0,0
20.95,0,0,0,0,9999.0,2.15,1,0,0,1,0,0
1642.65,0,0,0,0,9999.0,2.05,1,1,0,0,1,0
81.42,0,0,0,0,9999.0,1.49,1,0,0,0,0,0
36764.32,1,1,0,1,2.8,4.71,1,1,0,0,0,1
60.82,0,0,0,0,9999.0,2.09,1,0,0,0,0,0
36386.2,1,0,0,1,19.2,3.78,1,1,0,1,1,1
9999.0,1,0,0,0,7.3,3.93,1,1,1,0,1,1
2163.14,0,0,0,0,9999.0,2.23,1,0,0,0,0,0
64.59,0,0,0,0,9999.0,1.86,1,0,0,0,0,0
599.6,0,0,0,0,9999.0,2.93,1,0,0,1,0,0
1721.26,0,0,0,0,9999.0,1.79,1,0,0,2,0,0
1222.16,0,0,0,1,559.3155620066043,2.47,1,0,0,0,0,0
19981.02,1,1,1,1,4.1,4.52,1,1,0,0,1,1
115.57,0,0,0,0,9999.0,2.55,1,0,0,0,0,0
581.84,0,0,0,1,1087.9116201999154,1.66,1,1,0,0,1,0
1004.48,0,0,0,0,9999.0,1.49,1,1,0,0,0,0
128.49,0,0,0,0,9999.0,2.7,1,0,0,1,0,0
34913.81,0,0,0,0,9999.0,2.81,1,1,0,0,0,0
1763.6,1,0,0,0,9999.0,2.96,1,0,0,0,0,0
1474.33,0,0,0,1,590.1362935605741,2.07,1,1,0,2,0,0
2570.7,1,0,0,0,9999.0,2.57,1,1,0,0,1,0
94.67,1,0,0,0,9999.0,1.92,1,0,0,0,0,0
2074.45,0,0,0,0,9999.0,1.33,1,1,0,1,0,0
35031.47,1,0,0,0,11.0,4.01,0,1,0,0,0,1
1294.45,0,0,0,0,9999.0,2.89,1,1,0,0,0,0
102.1,0,0,0,0,9999.0,1.86,1,0,0,0,0,0
1660.3,0,0,0,0,9999.0,2.89,1,1,0,0,1,0
44.67,0,0,0,0,9999.0,2.03,1,1,0,0,0,0
1248.53,0,0,0,0,9999.0,1.95,1,0,0,0,0,0
146.65,0,0,0,0,9999.0,1.71,1,0,0,0,0,0
1117.2,0,0,0,0,9999.0,2.37,1,1,0,0,0,0
564.92,0,0,0,0,9999.0,2.7,1,1,0,2,1,0
1130.96,1,0,0,0,9999.0,2.17,1,0,0,0,0,0
82.14,0,0,0,0,9999.0,1.6,1,0,0,0,0,0
213.81,0,0,0,0,9999.0,3.0,1,0,0,0,1,0
2844.31,0,0,0,0,9999.0,1.76,1,0,0,0,0,0
128.95,0,0,0,0,9999.0,2.08,1,0,0,0,0,0
1500.0,0,0,0,1,23.0,4.03,1,1,0,0,0,1
781.01,0,0,0,0,9999.0,1.61,1,0,0,0,0,0
145.34,0,0,0,0,9999.0,1.4,1,1,0,0,0,0
1886.52,0,0,0,1,1351.1214703490973,2.07,1,0,0,0,1,0
34.41,0,0,0,0,9999.0,2.08,1,0,0,1,0,0
1605.9,0,0,0,0,9999.0,2.27,1,0,0,0,0,0
1566.24,0,0,0,0,9999.0,2.03,1,1,0,0,0,0
97.14,0,0,0,0,9999.0,1.95,1,0,0,0,0,0
31.54,0,0,0,0,9999.0,3.06,1,0,0,0,0,0
2548.31,0,0,0,0,9999.0,1.21,1,0,0,0,0,0
2436.5,0,0,0,0,9999.0,1.64,1,0,0,0,1,0
826.44,0,0,0,0,9999.0,1.53,1,0,0,0,0,0
2112.04,0,0,0,0,9999.0,3.0,1,0,0,0,0,0
56.97,0,0,0,0,9999.0,1.22,1,1,0,0,0,0
64.82,0,0,0,0,9999.0,3.04,1,0,0,0,0,0
107.51,0,0,0,0,9999.0,2.48,1,0,0,0,0,0
938.21,0,0,0,0,9999.0,2.37,1,1,0,0,1,0
1809.81,0,0,0,0,9999.0,1.43,1,0,0,0,0,0
1836.23,0,0,0,0,9999.0,1.49,1,1,0,0,0,0
38040.32,1,0,0,1,8.7,4.7,1,1,0,1,0,1
1136.87,0,0,0,0,9999.0,2.59,1,0,0,1,1,0
1304.99,0,0,0,1,1077.1610034884752,3.09,1,0,0,0,0,0
511.88,0,0,0,0,9999.0,2.19,1,0,0,0,1,0
26292.73,0,0,0,0,9999.0,2.38,1,0,0,0,0,0
567.14,0,0,0,0,9999.0,2.85,1,1,0,0,0,0
296.26,0,0,0,0,9999.0,2.77,1,0,0,0,0,0
342.61,0,0,0,0,9999.0,2.85,1,0,0,0,0,0
755.21,0,0,0,0,9999.0,1.24,1,0,0,1,0,0
429.35,0,0,0,0,9999.0,1.3,1,0,0,0,0,0
33.73,1,0,0,0,9999.0,1.94,1,0,0,0,0,0
74.29,0,0,0,0,9999.0,1.86,1,0,0,1,0,0
112.47,0,0,0,0,9999.0,2.64,1,0,0,0,0,0
110.47,0,0,0,0,9999.0,2.83,1,0,0,0,0,0
115.09,0,0,0,0,9999.0,1.34,1,1,0,0,0,0
136.75,0,0,0,0,9999.0,1.59,1,0,0,0,0,0
2393.78,0,0,0,0,9999.0,3.03,1,1,0,0,0,0
886.03,0,0,0,0,9999.0,1.42,1,0,0,0,0,0
44.71,0,0,0,0,9999.0,1.27,1,0,0,0,0,0
1178.04,0,0,0,0,9999.0,1.99,1,1,0,0,0,0
43.6,0,0,0,0,9999.0,1.78,1,0,0,0,0,0
1493.15,0,0,0,0,9999.0,2.46,1,1,0,0,0,0
60.65,0,0,0,0,9999.0,1.52,1,1,0,0,0,0
153111.96,1,0,0,1,11.9,4.58,0,1,0,1,0,1
37.02,0,0,0,1,1338.0752968884676,1.79,1,0,0,0,0,0
64.06,1,0,0,0,9999.0,2.59,1,0,0,0,1,0
90.53,0,0,0,0,9999.0,2.06,1,1,0,0,0,0
2585.0,0,0,0,0,9999.0,2.53,1,0,0,0,0,0
2066.24,0,0,0,1,869.2569373080075,1.61,1,0,0,0,0,0
603.15,0,0,0,0,9999.0,2.83,1,0,0,0,0,0
1013.65,0,0,0,0,9999.0,1.82,1,1,0,0,0,0
49.18,0,0,0,0,9999.0,2.33,1,1,0,0,1,0
985.41,0,0,0,0,9999.0,2.29,1,1,0,0,0,0
2496.72,0,0,0,0,9999.0,1.34,1,1,0,0,0,0
77.53,0,0,0,0,9999.0,1.36,1,0,0,0,0,0
16.04,0,0,0,0,9999.0,2.68,1,0,0,0,0,0
2729.6,0,0,0,0,9999.0,2.05,1,0,0,0,0,0
100.58,0,0,0,0,9999.0,1.76,1,0,0,1,0,0
1758.53,0,0,0,0,9999.0,3.08,1,0,0,0,0,0
127.36,0,0,0,0,9999.0,2.49,1,1,0,0,0,0
2190.57,0,0,0,0,9999.0,2.81,1,0,0,0,0,0
15988.48,0,0,0,0,9999.0,1.43,1,0,0,0,0,0
23.02,0,0,0,0,9999.0,2.19,1,0,0,0,1,0
146.44,0,0,0,0,9999.0,1.4,1,0,0,0,0,0
43146.79,1,0,1,1,22.4,3.55,1,1,0,1,0,1
1996.16,0,0,0,0,9999.0,1.63,1,0,0,1,0,0
662.15,0,0,0,0,9999.0,2.85,1,1,0,0,0,0
35.63,0,0,0,0,9999.0,1.58,1,0,0,0,0,0
1592.96,0,0,0,0,9999.0,1.71,1,0,0,0,0,0
473.24,0,0,0,0,9999.0,2.04,1,0,0,0,0,0
21297.59,1,0,1,1,2.4,3.4,0,1,0,2,0,1
29212.94,0,0,0,0,9999.0,1.36,1,0,0,2,0,0
2244.2,0,0,0,0,9999.0,1.23,1,0,0,0,0,0
144.8,0,0,0,0,9999.0,1.68,1,0,0,0,1,0
136.43,0,0,0,0,9999.0,2.31,1,0,0,0,0,0
10.92,0,0,0,0,9999.0,1.76,1,1,0,0,0,0
2851.57,0,0,0,0,9999.0,2.69,1,1,0,0,0,0
109.93,0,0,0,0,9999.0,1.4,1,0,0,0,0,0
28.74,0,0,0,0,9999.0,2.98,1,1,0,1,0,0
2599.7,0,0,0,0,9999.0,2.35,1,0,0,0,0,0
41.79,0,0,0,0,9999.0,1.86,1,0,0,0,1,0
147.98,0,0,0,0,9999.0,2.96,1,1,0,0,0,0
916.97,1,0,0,0,9999.0,2.44,1,0,0,0,0,0
138.09,0,0,0,0,9999.0,1.23,1,1,0,0,0,0
684.67,0,0,0,0,9999.0,1.63,1,1,0,0,1,0
25000.0,1,0,0,1,3.4,3.63,1,0,1,2,1,1
34.78,0,0,0,0,9999.0,2.46,1,1,0,1,0,0
34.02,0,0,0,0,9999.0,1.21,1,1,0,0,0,0
27751.13,0,0,0,1,722.478680170431,1.81,1,0,0,0,1,0
3000.0,0,0,0,0,4.1,4.11,0,1,0,2,0,1
41.51,0,0,0,0,9999.0,1.65,1,0,0,0,0,0
143.01,0,0,0,0,9999.0,1.33,1,1,0,0,0,0
107.0,0,0,0,0,9999.0,2.64,1,1,0,0,0,0
469.41,0,0,0,0,9999.0,2.43,1,1,0,0,0,0
1064.05,0,0,0,0,9999.0,2.83,1,0,0,0,0,0
113.64,0,0,0,0,9999.0,1.9,1,0,0,0,0,0
42.84,0,0,0,0,9999.0,3.04,1,0,0,0,0,0
37.01,0,0,0,0,9999.0,2.43,1,0,0,0,1,0
1923.62,0,0,0,0,9999.0,2.61,1,0,0,0,0,0
12038.71,1,1,0,1,9.8,4.06,1,1,0,2,0,1
891.66,0,0,0,0,9999.0,2.08,1,0,0,0,1,0
50.04,0,0,0,0,9999.0,1.49,1,1,0,0,0,0
71.56,0,0,0,0,9999.0,2.93,1,0,0,0,0,0
67.84,0,0,0,0,9999.0,1.73,1,0,0,0,1,0
1359.72,0,0,0,0,9999.0,3.06,1,0,0,0,0,0
66.94,0,0,0,0,9999.0,1.86,1,1,0,0,0,0
938.54,0,0,0,0,9999.0,2.93,1,0,0,0,0,0
28268.79,1,1,0,1,1.5,4.56,1,1,0,0,1,1
5000.0,1,0,0,0,1.0,2.99,0,1,1,1,1,1
455.21,0,0,0,0,9999.0,2.96,1,0,0,1,0,0
26186.97,0,1,0,1,15.7,3.62,1,1,0,0,0,1
83.67,0,0,0,0,9999.0,1.94,1,1,0,0,0,0
570.58,0,0,0,0,9999.0,1.84,1,0,0,0,0,0
1035.72,0,0,0,0,9999.0,2.71,1,0,0,0,0,0
111.75,0,0,0,0,9999.0,2.38,1,0,0,0,1,0
471.41,0,0,0,0,9999.0,1.4,1,0,0,0,0,0
1628.72,0,0,0,0,9999.0,1.34,1,1,0,2,0,0
42.97,0,0,0,0,9999.0,2.05,1,0,0,1,0,0
1063.6,1,0,0,0,9999.0,2.51,1,0,0,0,0,0
1946.25,0,0,0,0,9999.0,2.47,1,1,0,0,0,0
686.94,0,0,0,0,9999.0,2.27,1,0,0,0,0,0
880.38,0,0,0,0,9999.0,1.77,1,0,0,1,0,0
83.76,0,0,0,0,9999.0,2.05,1,0,0,0,1,0
4754.15,1,0,0,1,5.5,4.1,1,1,0,0,0,1
1780.22,0,0,0,0,9999.0,2.49,1,0,0,0,0,0
73.35,0,0,0,1,450.4846164492885,2.25,1,1,0,0,0,0
46.58,0,0,0,0,9999.0,3.06,1,1,0,0,0,0
901.2,1,0,0,0,9999.0,1.96,1,0,0,0,0,0
22226.85,0,0,0,1,116.13859771534952,1.6,1,0,0,0,0,0
2508.36,0,0,0,0,9999.0,2.87,1,0,0,1,0,0
128.43,0,0,0,0,9999.0,1.69,1,1,0,0,0,0
97.03,0,0,0,0,9999.0,2.48,1,0,0,0,0,0
532.47,0,0,0,1,1186.4192397520162,2.01,1,1,0,0,1,0
859.04,0,0,0,0,9999.0,1.54,1,0,0,0,0,0
2519.18,0,0,0,0,9999.0,2.16,1,1,0,0,0,0
8000.0,0,0,0,1,38.5,3.81,1,1,0,2,1,1
1821.74,0,0,0,0,9999.0,2.69,1,0,0,2,0,0
58.29,0,0,0,0,9999.0,1.62,1,1,0,0,0,0
150062.5,1,0,1,1,22.4,2.87,1,1,0,2,1,1
1773.46,1,0,0,0,9999.0,3.05,1,0,0,1,0,0
2593.86,0,0,0,0,9999.0,2.38,1,1,0,0,0,0
148.21,1,0,0,0,9999.0,1.21,1,0,0,0,0,0
1252.89,0,0,0,0,9999.0,3.02,1,0,0,0,0,0
38652.34,0,0,0,1,807.4881838158408,2.96,1,1,0,0,0,0
22.9,0,0,0,0,9999.0,1.91,1,0,0,1,1,0
57.75,0,0,0,0,9999.0,2.72,1,0,0,0,0,0
2005.0,0,0,0,0,9999.0,1.36,1,1,0,0,0,0
580.96,0,0,0,0,9999.0,1.94,1,1,0,1,0,0
2692.78,0,0,0,0,9999.0,2.92,1,0,0,0,0,0
2916.62,0,0,0,0,9999.0,1.96,1,1,0,0,0,0
80.26,0,0,0,0,9999.0,3.07,1,0,0,1,1,0
212.98,0,0,0,0,9999.0,1.76,1,0,0,1,1,0
2261.62,0,0,0,0,9999.0,2.6,1,1,0,1,0,0
816.3,0,0,0,0,9999.0,2.73,1,0,0,2,0,0
25.64,0,0,0,0,9999.0,2.31,1,0,0,1,0,0
98.76,0,0,0,1,288.1834041455576,2.66,1,0,0,0,0,0
2220.69,0,0,0,0,9999.0,2.68,1,0,0,2,0,0
2574.69,0,0,0,1,869.3226140843764,2.42,1,0,0,0,0,0
1993.61,0,0,0,0,9999.0,3.09,1,1,0,0,0,0
129.57,0,0,0,0,9999.0,3.06,1,0,0,0,0,0
136.62,0,0,0,0,9999.0,2.43,1,0,0,1,0,0
118.34,0,0,0,0,9999.0,2.61,1,1,0,2,1,0
39.12,0,0,0,0,9999.0,2.14,1,0,0,0,0,0
2470.67,0,0,0,0,9999.0,1.2,1,1,0,1,0,0
146.42,0,0,0,0,9999.0,1.6,1,1,0,0,0,0
136.86,0,0,0,0,9999.0,2.34,1,0,0,0,0,0
18354.98,1,0,0,1,13.3,4.33,1,1,0,1,0,1
1329.99,0,0,0,0,9999.0,2.37,1,1,0,0,0,0
622.43,0,0,0,0,9999.0,1.51,1,0,0,0,0,0
1560.02,0,0,0,0,9999.0,2.84,1,0,0,1,0,0
1137.54,0,0,0,0,9999.0,3.01,1,1,0,0,0,0
11.73,0,0,0,0,9999.0,1.73,1,0,0,0,0,0
755.81,0,0,0,1,742.3984439940938,2.08,1,0,0,2,0,0
1194.97,0,0,0,0,9999.0,1.89,1,1,0,0,0,0
1201.57,0,0,0,0,9999.0,2.39,1,0,0,0,0,0
2844.27,0,0,0,0,9999.0,1.61,1,0,0,0,0,0
3000.0,1,0,0,1,20.7,4.49,1,1,0,2,0,1
2387.98,0,0,0,0,9999.0,2.6,1,1,0,1,0,0
1328.91,0,0,0,0,9999.0,2.84,1,0,0,0,0,0
1941.28,0,0,0,0,9999.0,2.36,1,0,0,0,0,0
369.15,0,0,0,0,9999.0,1.81,1,0,0,0,0,0
974.14,0,0,0,0,9999.0,1.28,1,1,0,2,0,0
18.34,0,0,0,0,9999.0,1.21,1,1,0,1,0,0
1803.91,0,0,0,0,9999.0,2.98,1,1,0,0,0,0
44.8,1,0,0,0,9999.0,1.75,1,1,0,1,1,0
1845.07,1,0,0,0,9999.0,2.29,1,0,0,0,1,0
77151.26,1,1,1,1,8.9,4.55,1,1,0,1,0,1
30.14,0,0,0,0,9999.0,3.1,1,0,0,1,0,0
2300.64,0,0,0,0,9999.0,2.09,1,0,0,0,1,0
4849.04,1,1,0,1,23.3,3.29,1,1,0,1,0,1
33.63,0,0,0,1,850.2447328868997,1.69,1,1,0,0,0,0
146.85,0,0,0,0,9999.0,2.11,1,1,0,1,0,0
2289.84,0,0,0,0,9999.0,1.85,1,0,0,0,0,0
37.61,0,0,0,0,9999.0,2.17,1,0,0,0,0,0
58.56,0,0,0,0,9999.0,1.69,1,0,0,0,1,0
1033.35,0,0,0,0,9999.0,2.9,1,0,0,0,0,0
148.86,1,0,0,1,1089.9778107379898,2.78,1,0,0,0,0,0
2346.56,0,0,0,0,9999.0,2.5,1,0,0,0,0,0
27166.42,0,0,0,0,9999.0,1.71,1,1,0,0,0,0
125.27,1,0,0,0,9999.0,2.15,1,1,0,0,0,0
19976.86,0,0,0,0,9999.0,2.84,1,0,0,0,1,0
148.41,1,0,0,0,9999.0,1.99,1,0,0,0,0,0
140.81,0,0,0,0,9999.0,2.24,1,0,0,0,0,0
137.24,0,0,0,0,9999.0,2.63,1,0,0,0,1,0
153734.29,1,1,1,1,29.9,2.84,1,1,0,2,0,1
2117.56,0,0,0,0,9999.0,1.97,1,1,0,0,0,0
1634.16,0,0,0,0,9999.0,1.8,1,0,0,0,0,0
93.34,0,0,0,0,9999.0,1.59,1,1,0,0,0,0
27166.07,0,0,0,1,1065.1078320027932,1.38,1,0,0,0,1,0
20052.27,0,0,0,0,9999.0,1.44,1,0,0,0,1,0
69.67,0,0,0,0,9999.0,1.56,1,0,0,0,0,0
1118.73,0,0,0,0,9999.0,2.24,1,0,0,1,0,0
114.88,0,0,0,0,9999.0,2.78,1,0,0,0,0,0
84.76,0,0,0,0,9999.0,2.7,1,1,0,0,0,0
18.29,0,0,0,0,9999.0,2.14,1,0,0,0,0,0
18.44,0,0,0,0,9999.0,1.83,1,0,0,0,1,0
100.45,0,0,0,0,9999.0,3.05,1,0,0,0,0,0
2345.64,0,0,0,0,9999.0,2.22,1,1,0,0,0,0
47.94,0,0,0,0,9999.0,1.32,1,0,0,1,1,0
1595.33,0,0,0,0,9999.0,1.69,1,0,0,0,0,0
75.21,0,0,0,0,9999.0,2.61,1,1,0,0,0,0
14.03,0,0,0,0,9999.0,1.24,1,1,0,1,0,0
42.83,0,0,0,1,513.1521386377976,3.07,1,1,0,1,0,0
1691.53,0,0,0,1,61.74210237266533,2.64,1,1,0,0,0,0
2781.67,0,0,0,0,9999.0,2.08,1,0,0,0,0,0
1146.13,0,0,0,0,9999.0,1.25,1,0,0,0,0,0
2202.74,0,0,0,0,9999.0,2.64,1,1,0,2,0,0
28.5,0,0,0,0,9999.0,2.31,1,0,0,1,1,0
28.97,0,0,0,0,9999.0,2.56,1,1,0,0,0,0
41057.03,0,0,0,0,9999.0,2.64,1,0,0,0,0,0
24.64,0,0,0,0,9999.0,2.55,1,1,0,0,1,0
34.18,0,0,0,0,9999.0,2.55,1,1,0,0,0,0
1767.6,0,0,0,0,9999.0,2.98,1,0,0,0,0,0
30.95,0,0,0,0,9999.0,2.21,1,0,0,0,0,0
109.31,0,0,0,0,9999.0,1.58,1,0,0,0,0,0
2368.78,1,0,0,0,9999.0,1.94,1,0,0,0,0,0
2804.23,0,0,0,0,9999.0,1.97,1,0,0,0,0,0
2930.36,0,0,0,0,9999.0,2.76,1,1,0,0,0,0
2439.93,0,0,0,0,9999.0,2.57,1,0,0,0,1,0
67.02,0,0,0,0,9999.0,2.03,1,0,0,0,0,0
2393.81,0,0,0,0,9999.0,2.11,1,0,0,0,1,0
2228.68,0,0,0,0,9999.0,1.52,1,1,0,0,0,0
87.06,0,0,0,0,9999.0,1.99,1,0,0,0,0,0
98.37,0,0,0,0,9999.0,2.05,1,0,0,1,0,0
9999.0,0,0,0,1,1.4,3.43,1,0,1,0,0,1
2415.56,0,0,0,0,9999.0,2.64,1,0,0,0,0,0
2101.27,0,0,0,0,9999.0,1.9,1,1,0,0,0,0
29.56,0,0,0,0,9999.0,2.41,1,1,0,0,0,0
3328.85,0,0,0,1,14.4,3.62,1,1,0,0,1,1
28.94,0,0,0,0,9999.0,1.69,1,0,0,1,0,0
32.4,0,0,0,0,9999.0,2.08,1,0,0,0,0,0
411.35,0,0,0,0,9999.0,1.89,1,1,0,0,0,0
122.48,0,0,0,0,9999.0,2.56,1,0,0,0,0,0
21166.81,0,0,0,1,1349.9761134841476,1.55,1,1,0,0,0,0
2170.63,0,0,0,0,9999.0,2.18,1,0,0,0,0,0
54.79,0,0,0,0,9999.0,2.16,1,1,0,0,0,0
1873.44,0,0,0,0,9999.0,2.89,1,0,0,1,0,0
23.47,0,0,0,0,9999.0,2.27,1,0,0,0,0,0
13.48,0,0,0,0,9999.0,2.81,1,0,0,0,1,0
970.1,0,0,0,0,9999.0,2.09,1,0,0,1,0,0
39.19,0,0,0,0,9999.0,2.63,1,1,0,0,0,0
19.0,0,0,0,0,9999.0,2.83,1,0,0,0,0,0
1784.92,0,0,0,0,9999.0,2.62,1,0,0,0,0,0
2920.93,0,0,0,0,9999.0,2.35,1,0,0,0,0,0
117.12,0,0,0,0,9999.0,2.72,1,0,0,1,0,0
70.55,0,0,0,0,9999.0,2.16,1,0,0,0,0,0
72.86,0,0,0,1,418.080466112586,2.91,1,0,0,0,0,0
2348.94,0,0,0,0,9999.0,1.51,1,1,0,0,0,0
790.52,1,0,0,0,9999.0,2.8,1,0,0,0,1,0
1505.7,0,0,0,1,1228.0443156289673,2.09,1,0,0,1,0,0
22.3,0,0,0,0,9999.0,2.68,1,1,0,0,0,0
75.68,1,0,0,0,9999.0,2.55,1,0,0,0,0,0
1185.99,0,0,0,0,9999.0,2.1,1,0,0,0,0,0
152920.35,1,0,0,1,5.8,3.63,1,0,0,0,1,1
2298.19,0,0,0,0,9999.0,1.21,1,0,0,0,0,0
84.95,0,0,0,0,9999.0,2.84,1,0,0,0,0,0
1362.21,0,0,0,0,9999.0,1.41,1,1,0,0,0,0
85.46,0,0,0,0,9999.0,2.77,1,1,0,0,0,0
2603.84,0,0,0,0,9999.0,2.85,1,0,0,0,0,0
39.01,0,0,0,0,9999.0,2.25,1,0,0,0,0,0
63.84,0,0,0,0,9999.0,2.55,1,0,0,0,1,0
285.63,0,0,0,0,9999.0,2.43,1,0,0,0,0,0
98.93,0,0,0,0,9999.0,2.04,1,0,0,0,0,0
97.3,0,0,0,0,9999.0,1.54,1,0,0,0,1,0
1084.72,0,0,0,0,9999.0,2.7,1,0,0,1,0,0
146.72,0,0,0,0,9999.0,1.97,1,0,0,0,1,0
1134.97,0,0,0,0,9999.0,1.34,1,0,0,0,0,0
883.7,0,0,0,0,9999.0,1.89,1,0,0,1,0,0
24371.2,0,0,0,0,9999.0,2.05,1,0,0,0,0,0
25614.72,1,1,0,1,18.5,4.51,1,1,0,1,1,1
1518.55,0,0,0,1,612.9512056081402,1.76,1,0,0,1,0,0
1598.45,0,0,0,0,9999.0,1.94,1,0,0,0,0,0
1153.94,0,0,0,0,9999.0,2.17,1,0,0,0,0,0
84.93,0,0,0,0,9999.0,1.52,1,1,0,0,0,0
1220.15,0,0,0,0,9999.0,1.61,1,0,0,2,0,0
2411.46,0,0,0,0,9999.0,1.97,1,0,0,0,0,0
17.86,0,0,0,0,9999.0,1.48,1,0,0,0,0,0
517.55,0,0,0,0,9999.0,1.31,1,1,0,1,0,0
2904.43,1,0,0,0,9999.0,1.23,1,0,0,0,0,0
1799.63,1,0,0,0,9999.0,2.3,1,0,0,0,0,0
2781.06,1,0,0,0,9999.0,2.04,1,0,0,0,0,0
21187.24,0,0,0,0,9999.0,1.27,1,1,0,1,1,0
139.54,0,0,0,0,9999.0,2.66,1,0,0,0,0,0
2241.18,0,0,0,0,9999.0,1.32,1,0,0,0,0,0
97.05,0,0,0,0,9999.0,2.88,1,1,0,1,0,0
41141.63,0,0,0,0,9999.0,2.48,1,0,0,1,1,0
441.51,0,0,0,0,9999.0,2.44,1,0,0,0,0,0
2177.86,0,0,0,0,9999.0,2.4,1,1,0,0,0,0
99.72,0,0,0,0,9999.0,2.88,1,0,0,0,0,0
35.83,0,0,0,0,9999.0,2.53,1,0,0,0,0,0
2764.71,0,0,0,0,9999.0,2.87,1,1,0,0,0,0
1347.54,1,0,0,1,1.8,4.74,1,1,0,0,1,1
41.9,0,0,0,0,9999.0,2.12,1,1,0,0,1,0
899.55,1,0,0,0,9999.0,1.48,1,1,0,0,0,0
431.23,0,0,0,0,9999.0,2.76,1,0,0,1,0,0
20229.14,0,0,0,0,33.2,3.77,0,1,0,1,0,1
90.02,0,0,0,0,9999.0,1.86,1,0,0,1,0,0
124.65,0,0,0,0,9999.0,1.62,1,1,0,2,0,0
37.18,0,0,0,0,9999.0,2.48,1,0,0,0,0,0
1665.56,0,0,0,0,9999.0,1.84,1,0,0,0,0,0
25.28,0,0,0,0,9999.0,2.86,1,0,0,0,1,0
11.77,0,0,0,0,9999.0,1.87,1,0,0,0,0,0
49.75,0,0,0,0,9999.0,1.76,1,0,0,0,0,0
22.55,0,0,0,0,9999.0,1.91,1,1,0,0,1,0
1596.58,0,0,0,1,14.9,4.63,1,1,0,2,0,1
1452.59,1,0,0,1,12.8,3.37,1,1,0,0,0,1
25.39,0,0,0,0,9999.0,1.25,1,1,0,0,0,0
949.94,0,0,0,0,9999.0,1.9,1,1,0,0,0,0
111.15,0,0,0,0,9999.0,1.85,1,0,0,0,0,0
8000.0,0,0,0,1,2.5,2.83,1,1,0,0,1,1
45.32,0,0,0,0,9999.0,1.42,1,0,0,0,0,0
36.8,0,0,0,0,9999.0,2.35,1,1,0,1,0,0
25000.0,0,0,0,1,0.8,4.68,0,1,1,1,1,1
2084.97,0,0,0,0,9999.0,2.45,1,1,0,0,0,0
99.47,0,0,0,0,9999.0,2.3,1,0,0,1,0,0
3000.0,0,0,0,1,27.2,4.12,0,1,0,0,1,1
2928.31,0,0,0,0,9999.0,2.55,1,0,0,0,0,0
1019.48,0,0,0,0,9999.0,1.98,1,0,0,0,0,0
1731.11,0,0,0,0,9999.0,1.22,1,0,0,0,0,0
2636.27,0,0,0,1,1087.8199855787532,2.24,1,0,0,1,0,0
2500.0,1,0,0,1,4.0,4.69,0,1,1,0,0,1
78.21,0,0,0,0,9999.0,2.55,1,0,0,0,0,0
512.43,0,0,0,0,9999.0,1.63,1,1,0,0,0,0
2590.86,0,0,0,0,9999.0,1.32,1,0,0,0,0,0
2980.6,0,0,0,0,9999.0,1.62,1,0,0,0,0,0
2994.08,0,0,0,0,9999.0,2.51,1,1,0,0,0,0
2670.53,1,0,0,0,9999.0,2.55,1,0,0,0,0,0
809.97,0,0,0,0,9999.0,1.92,1,1,0,0,0,0
32.49,0,0,0,1,136.88209074125265,2.37,1,1,0,0,0,0
378.33,0,0,0,0,9999.0,2.94,1,1,0,0,0,0
2177.97,0,0,0,0,9999.0,2.08,1,1,0,0,0,0
31.42,0,0,0,0,9999.0,2.72,1,0,0,0,0,0
37414.96,0,0,0,0,9999.0,2.43,1,1,0,0,0,0
89.22,0,0,0,0,9999.0,2.04,1,0,0,0,0,0
118.77,0,0,0,0,9999.0,1.32,1,1,0,0,0,0
52.53,0,0,0,0,9999.0,3.09,1,1,0,0,0,0
24.55,0,0,0,0,9999.0,2.52,1,0,0,0,0,0
1391.83,0,0,0,0,9999.0,2.33,1,0,0,0,0,0
2202.05,0,0,0,0,9999.0,1.62,1,1,0,0,1,0
2796.75,0,0,0,0,9999.0,2.65,1,0,0,0,0,0
1471.43,0,0,0,0,9999.0,2.22,1,1,0,0,0,0
72.25,0,0,0,0,9999.0,2.32,1,1,0,0,0,0
26.99,0,0,0,1,703.8081105978116,2.27,1,1,0,0,0,0
125.96,0,0,0,0,9999.0,1.41,1,0,0,0,1,0
2266.88,0,0,0,0,9999.0,1.68,1,1,0,0,0,0
12393.56,0,0,0,0,9999.0,2.23,1,0,0,0,0,0
152254.35,1,1,0,1,11.4,3.51,0,1,0,2,0,1
81.11,0,0,0,0,9999.0,3.0,1,0,0,0,1,0
220.16,0,0,0,0,9999.0,2.12,1,0,0,0,0,0
84.11,0,0,0,1,828.3651855001533,2.01,1,1,0,0,0,0
2500.0,0,0,0,1,1.0,3.49,1,1,1,1,0,1
903.02,0,0,0,0,9999.0,2.66,1,0,0,0,0,0
1040.31,0,0,0,0,9999.0,2.02,1,1,0,0,1,0
9999.0,1,0,0,1,7.6,4.72,0,1,1,1,0,1
795.35,0,0,0,1,183.13255050153867,2.38,1,0,0,1,0,0
2956.28,0,0,0,0,9999.0,2.35,1,0,0,0,0,0
2313.85,0,0,0,0,9999.0,3.08,1,1,0,0,0,0
137.32,0,0,0,0,9999.0,1.39,1,0,0,0,0,0
3085.97,0,0,0,1,6.8,4.02,0,1,0,2,0,1
887.74,0,0,0,0,9999.0,2.64,1,0,0,0,0,0
969.86,0,0,0,0,9999.0,1.81,1,0,0,0,0,0
1462.28,0,0,0,0,9999.0,2.11,1,1,0,0,1,0
30.89,0,0,0,1,1093.6046554794584,2.76,1,1,0,1,0,0
91.41,0,0,0,0,9999.0,2.45,1,1,0,2,1,0
1173.93,0,0,0,0,9999.0,2.01,1,0,0,0,0,0
2389.96,0,0,0,0,9999.0,1.37,1,0,0,0,0,0
598.07,0,0,0,0,9999.0,1.41,1,0,0,0,0,0
107.57,0,0,0,0,9999.0,2.15,1,1,0,0,0,0
37205.63,0,0,0,0,9999.0,1.77,1,1,0,0,0,0
633.28,0,0,0,1,1002.7900045287208,2.21,1,0,0,0,0,0
507.0,0,0,0,0,9999.0,2.9,1,0,0,1,0,0
2647.61,0,0,0,0,9999.0,2.71,1,0,0,1,0,0
43239.49,0,0,0,0,9999.0,2.68,1,0,0,0,0,0
37.89,0,0,0,0,9999.0,2.47,1,0,0,0,1,0
1038.44,0,0,0,0,9999.0,2.43,1,0,0,0,0,0
30.98,0,0,0,0,9999.0,2.23,1,0,0,0,0,0
2485.59,0,0,0,0,9999.0,3.1,1,1,0,0,0,0
1824.24,0,0,0,0,9999.0,1.22,1,0,0,0,1,0
36979.33,0,0,0,0,6.8,3.97,1,0,0,0,0,1
144.21,0,0,0,0,9999.0,3.09,1,0,0,0,0,0
1999.68,0,0,0,0,9999.0,1.69,1,1,0,2,0,0
141.11,0,0,0,1,59.54873232196579,2.02,1,1,0,0,0,0
14.24,0,0,0,0,9999.0,1.98,1,0,0,1,0,0
135.27,0,0,0,0,9999.0,2.89,1,0,0,0,1,0
17.04,0,0,0,0,9999.0,2.64,1,1,0,0,0,0
27.6,0,0,0,0,9999.0,2.93,1,0,0,0,0,0
31.75,0,0,0,1,675.8922939762851,3.06,1,0,0,0,0,0
4598.01,0,0,0,1,12.6,4.63,1,1,0,0,1,1
21.37,0,0,0,0,9999.0,3.08,1,0,0,0,1,0
132.76,0,0,0,0,9999.0,1.73,1,0,0,0,0,0
287.47,0,0,0,0,9999.0,1.63,1,0,0,0,0,0
37383.15,0,0,0,0,9999.0,1.26,1,0,0,2,0,0
125.57,0,0,0,0,9999.0,2.06,1,0,0,0,0,0
1787.18,0,0,0,0,9999.0,2.62,1,0,0,0,0,0
25000.0,1,0,0,1,4.3,3.75,0,1,1,1,1,1
851.41,1,0,0,0,9999.0,2.33,1,0,0,1,0,0
1683.45,0,0,0,0,9999.0,2.26,1,0,0,0,0,0
1765.41,0,0,0,0,9999.0,1.45,1,0,0,1,0,0
1928.37,0,0,0,0,9999.0,1.33,1,0,0,0,0,0
2056.48,0,0,0,1,687.0098549466959,1.7,1,0,0,1,0,0
130.12,0,0,0,0,9999.0,1.55,1,1,0,0,0,0
134.49,0,0,0,0,9999.0,2.72,1,0,0,0,0,0
1564.8,0,0,0,0,9999.0,3.09,1,1,0,0,0,0
24.49,0,0,0,1,514.6534492894098,1.37,1,1,0,1,0,0
128.72,0,0,0,1,137.86893416623025,2.05,1,1,0,0,1,0
347.92,0,0,0,0,9999.0,2.07,1,1,0,1,1,0
27.63,0,0,0,1,1341.2373702614102,2.39,1,0,0,0,1,0
1884.15,0,0,0,0,9999.0,2.59,1,1,0,0,0,0
135.84,0,0,0,0,9999.0,1.83,1,0,0,2,0,0
31.96,0,0,0,0,9999.0,1.84,1,0,0,0,0,0
152713.34,1,1,0,1,18.3,3.56,1,1,0,1,1,1
19.09,0,0,0,0,9999.0,1.58,1,0,0,0,0,0
26.25,0,0,0,0,9999.0,1.39,1,0,0,0,1,0
122.62,0,0,0,0,9999.0,1.36,1,1,0,0,0,0
607.54,0,0,0,0,9999.0,2.96,1,0,0,0,1,0
121.83,1,0,0,1,1052.9399495981468,2.16,1,0,0,0,0,0
2484.74,0,0,0,0,9999.0,1.6,1,0,0,0,0,0
14.75,0,0,0,0,9999.0,1.73,1,0,0,0,0,0
145.91,0,0,0,0,9999.0,1.56,1,0,0,0,0,0
659.53,0,0,0,0,9999.0,3.0,1,0,0,0,0,0
1107.2,0,0,0,0,9999.0,2.52,1,0,0,2,0,0
9999.0,1,0,0,0,7.5,3.16,1,1,1,2,1,1
2537.94,0,0,0,1,67.86461281608652,1.23,1,0,0,0,0,0
45.87,0,0,0,0,9999.0,1.27,1,0,0,0,0,0
149.75,0,0,0,0,9999.0,2.71,1,1,0,0,0,0
2939.91,0,0,0,0,9999.0,1.84,1,1,0,0,0,0
977.68,0,0,0,0,9999.0,1.37,1,0,0,0,0,0
77633.56,1,0,0,1,26.0,3.98,0,0,0,0,0,1
2765.18,0,0,0,0,9999.0,2.55,1,0,0,0,0,0
73.76,1,0,0,0,9999.0,2.36,1,0,0,1,0,0
2313.25,0,0,0,0,9999.0,2.4,1,1,0,1,0,0
106.29,0,0,0,0,9999.0,2.2,1,0,0,1,0,0
140.98,0,0,0,0,9999.0,1.91,1,0,0,1,1,0
130.12,0,0,0,0,9999.0,1.53,1,0,0,0,0,0
2157.63,0,0,0,0,9999.0,1.46,1,0,0,0,1,0
109.08,0,0,0,0,9999.0,2.2,1,0,0,0,0,0
33.21,0,0,0,0,9999.0,2.34,1,1,0,0,0,0
666.63,0,0,0,0,9999.0,1.57,1,0,0,0,0,0
35305.63,0,0,0,0,9999.0,2.91,1,0,0,0,0,0
1014.29,0,0,0,1,670.7811430191723,1.73,1,0,0,0,0,0
24.61,0,0,0,0,9999.0,2.78,1,0,0,0,0,0
79.66,0,0,0,0,9999.0,1.49,1,1,0,0,0,0
875.14,0,0,0,0,9999.0,3.04,1,0,0,0,0,0
588.02,0,0,0,0,9999.0,1.55,1,0,0,0,0,0
21.42,0,0,0,0,9999.0,1.8,1,1,0,0,0,0
1098.62,0,0,0,0,9999.0,2.16,1,0,0,0,0,0
1941.94,0,0,0,0,9999.0,3.0,1,0,0,2,0,0
2151.31,0,0,0,0,9999.0,1.92,1,0,0,1,1,0
653.33,0,0,0,0,9999.0,1.3,1,0,0,0,0,0
128.4,0,0,0,0,9999.0,3.09,1,0,0,1,0,0
15000.0,0,0,0,1,4.8,4.41,0,1,1,2,0,1
2880.78,0,0,0,0,9999.0,1.98,1,0,0,0,1,0
23845.45,0,0,0,0,9999.0,2.43,1,0,0,0,0,0
11.85,0,0,0,0,9999.0,2.84,1,0,0,0,0,0
124.21,0,0,0,0,9999.0,2.58,1,0,0,1,0,0
17.98,0,0,0,0,9999.0,2.61,1,0,0,0,1,0
122.16,0,0,0,0,9999.0,1.21,1,0,0,0,0,0
120.59,0,0,0,0,9999.0,2.34,1,0,0,0,0,0
2302.25,0,0,0,0,9999.0,1.63,1,1,0,0,0,0
2252.05,0,0,0,0,9999.0,1.36,1,0,0,1,0,0
264.65,0,0,0,0,9999.0,2.07,1,0,0,0,0,0
2186.41,0,0,0,0,9999.0,2.82,1,0,0,0,0,0
2202.36,0,0,0,0,9999.0,1.76,1,0,0,0,0,0
2946.54,0,0,0,0,9999.0,1.53,1,1,0,0,0,0
1321.67,0,0,0,0,9999.0,2.48,1,0,0,0,0,0
2042.86,0,0,0,0,9999.0,1.47,1,0,0,0,0,0
133.2,0,0,0,0,9999.0,2.75,1,0,0,0,0,0
1572.56,0,0,0,0,9999.0,1.52,1,0,0,0,0,0
1921.17,0,0,0,0,9999.0,3.02,1,1,0,1,0,0
36873.13,0,0,0,0,9999.0,2.88,1,0,0,0,0,0
55.2,0,0,0,0,9999.0,1.22,1,0,0,1,0,0
22259.55,1,1,0,1,5.3,4.54,1,1,0,2,1,1
55.39,0,0,0,0,9999.0,2.88,1,0,0,0,0,0
800.61,0,0,0,0,9999.0,1.49,1,0,0,0,1,0
1119.94,0,0,0,0,9999.0,1.72,1,0,0,0,0,0
20.48,0,0,0,0,9999.0,1.58,1,1,0,0,0,0
57.5,0,0,0,0,9999.0,1.72,1,1,0,1,1,0
149.86,0,0,0,0,9999.0,1.8,1,0,0,0,0,0
923.69,0,0,0,0,9999.0,1.36,1,0,0,0,1,0
1328.22,0,0,0,0,9999.0,1.33,1,1,0,0,0,0
2907.78,0,0,0,0,9999.0,2.48,1,1,0,0,0,0
1493.53,0,0,0,0,9999.0,2.06,1,0,0,1,0,0
85.67,0,0,0,0,9999.0,2.21,1,0,0,0,0,0
60.65,0,0,0,0,9999.0,1.79,1,1,0,0,1,0
2307.99,0,0,0,0,9999.0,1.3,1,1,0,0,1,0
130.52,0,0,0,0,9999.0,2.77,1,0,0,0,0,0
28.01,0,0,0,0,9999.0,1.51,1,0,0,1,0,0
3685.48,1,0,0,1,7.5,2.98,1,1,0,2,1,1
750.87,0,0,0,0,9999.0,2.93,1,1,0,1,0,0
122.71,0,0,0,0,9999.0,1.29,1,0,0,0,0,0
4329.68,1,0,0,1,10.8,3.77,1,1,0,2,0,1
32880.77,0,0,0,0,9999.0,1.92,1,0,0,2,0,0
117.25,0,0,0,1,359.1486083011316,2.08,1,1,0,0,0,0
146.01,0,0,0,0,9999.0,1.78,1,0,0,0,0,0
1391.22,0,0,0,0,9999.0,1.44,1,1,0,0,0,0
87.24,0,0,0,0,9999.0,2.86,1,0,0,2,1,0
1068.89,0,0,0,0,9999.0,1.81,1,0,0,0,0,0
88.55,0,0,0,0,9999.0,1.42,1,0,0,0,0,0
137.47,0,0,0,0,9999.0,2.99,1,1,0,1,0,0
310.45,0,0,0,0,9999.0,1.94,1,0,0,0,0,0
337.02,0,0,0,0,9999.0,2.65,1,1,0,0,0,0
1770.32,0,0,0,0,9999.0,2.68,1,1,0,0,0,0
294.02,0,0,0,0,9999.0,2.57,1,0,0,0,0,0
1730.46,0,0,0,0,9999.0,2.5,1,0,0,0,1,0
2313.05,0,0,0,0,9999.0,2.52,1,0,0,0,1,0
45.72,0,0,0,0,9999.0,1.74,1,0,0,0,0,0
152253.45,1,1,0,0,30.6,3.14,0,1,0,2,1,1
93.84,0,0,0,1,42.60260206489759,1.31,1,0,0,0,0,0
5987.25,1,0,0,1,16.4,4.04,0,1,0,1,0,1
1317.7,0,0,0,0,9999.0,2.78,1,1,0,1,1,0
74.23,0,0,0,0,9999.0,2.25,1,0,0,1,1,0
92.7,0,0,0,0,9999.0,1.96,1,1,0,1,0,0
42.11,0,0,0,0,9999.0,1.51,1,0,0,1,0,0
451.7,0,0,0,0,9999.0,2.02,1,0,0,0,0,0
2904.0,0,0,0,0,9999.0,1.3,1,0,0,1,0,0
1641.22,0,0,0,0,9999.0,2.01,1,1,0,0,0,0
2500.0,1,0,0,1,3.8,3.28,1,1,1,1,1,1
143.86,0,0,0,0,9999.0,2.51,1,0,0,1,1,0
1575.05,0,0,0,0,9999.0,2.68,1,1,0,0,0,0
2334.12,0,0,0,1,77.29483205874797,2.86,1,0,0,0,1,0
1896.79,0,0,0,0,9999.0,1.25,1,1,0,0,0,0
137.7,0,0,0,0,9999.0,2.5,1,1,0,0,0,0
2436.11,0,0,0,0,9999.0,2.84,1,0,0,2,0,0
70.26,0,0,0,0,9999.0,1.66,1,0,0,1,0,0
1233.46,0,0,0,1,1113.748478626905,1.99,1,0,0,0,1,0
120.04,0,0,0,0,9999.0,1.87,1,1,0,0,0,0
799.45,0,0,0,0,9999.0,1.65,1,0,0,0,0,0
16087.44,1,0,0,0,9999.0,2.73,1,1,0,0,0,0
1694.08,0,0,0,0,9999.0,2.8,1,0,0,0,0,0
76.44,0,0,0,0,9999.0,2.42,1,0,0,2,0,0
1520.0,0,0,0,0,9999.0,2.34,1,0,0,2,0,0
6363.58,1,0,0,1,7.2,4.44,0,1,0,1,1,1
1556.62,0,0,0,0,9999.0,2.06,1,0,0,0,0,0
17.29,0,0,0,0,9999.0,3.05,1,0,0,0,0,0
854.09,0,0,0,0,9999.0,2.42,1,0,0,0,0,0
839.54,0,0,0,0,9999.0,1.97,1,0,0,0,0,0
117.43,0,0,0,0,9999.0,1.42,1,0,0,0,0,0
70.17,0,0,0,0,9999.0,2.25,1,1,0,1,0,0
5230.87,1,0,0,1,0.6,4.41,1,1,0,1,1,1
43.92,0,0,0,0,9999.0,2.35,1,0,0,0,0,0
40.94,0,0,0,0,9999.0,2.27,1,0,0,0,0,0
72.6,0,0,0,0,9999.0,2.79,1,0,0,0,0,0
139.92,0,0,0,0,9999.0,1.58,1,0,0,1,0,0
1661.44,0,0,0,1,492.5591184209562,2.79,1,0,0,0,0,0
98.27,0,0,0,0,9999.0,1.71,1,0,0,0,0,0
115.28,0,0,0,0,9999.0,2.11,1,0,0,0,0,0
24109.66,1,0,0,1,14.1,4.79,1,0,0,1,0,1
2117.06,0,0,0,0,9999.0,1.58,1,1,0,0,0,0
2907.63,0,0,0,0,9999.0,1.98,1,0,0,0,0,0
114.34,0,0,0,0,9999.0,2.91,1,0,0,1,0,0
2500.0,1,0,0,1,2.4,3.26,1,1,1,1,0,1
50.96,0,0,0,0,9999.0,2.61,1,0,0,0,0,0
124.51,0,0,0,0,9999.0,2.92,1,1,0,1,0,0
1353.87,0,0,0,0,9999.0,1.35,1,0,0,1,0,0
90.1,0,0,0,0,9999.0,2.22,1,0,0,1,0,0
119.56,0,0,0,0,9999.0,1.61,1,1,0,0,1,0
108.18,1,0,0,0,9999.0,2.57,1,0,0,0,0,0
68.55,0,0,0,0,9999.0,1.31,1,1,0,0,0,0
72.71,0,0,0,0,9999.0,1.28,1,0,0,0,0,0
15278.9,0,0,0,0,9999.0,2.13,1,0,0,0,0,0
849.62,0,0,0,1,909.8899539689764,2.52,1,0,0,0,1,0
1242.25,0,0,0,1,869.3007438745669,2.04,1,1,0,0,0,0
1139.88,0,0,0,0,9999.0,2.19,1,0,0,0,1,0
92.45,0,0,0,0,9999.0,2.32,1,1,0,0,0,0
2937.84,0,0,0,0,9999.0,2.55,1,0,0,0,0,0
778.65,0,0,0,0,9999.0,2.14,1,0,0,1,0,0
25000.0,0,0,0,1,28.6,4.39,0,1,0,2,0,1
67.63,1,0,0,0,9999.0,3.0,1,1,0,0,1,0
906.19,0,0,0,0,9999.0,1.5,1,0,0,0,0,0
51.26,1,0,0,0,9999.0,1.6,1,0,0,0,0,0
144.97,0,0,0,0,9999.0,1.52,1,0,0,0,0,0
78.93,0,0,0,0,9999.0,1.94,1,0,0,1,0,0
1208.89,0,0,0,0,9999.0,2.29,1,0,0,0,0,0
44943.19,0,0,0,0,9999.0,1.38,1,0,0,0,0,0
3325.06,0,0,0,1,7.3,3.26,1,1,0,0,1,1
1424.53,0,0,0,0,9999.0,1.74,1,0,0,0,1,0
363.5,0,0,0,0,9999.0,1.51,1,1,0,0,0,0
1655.21,0,0,0,0,9999.0,2.37,1,0,0,0,0,0
54.2,0,0,0,0,9999.0,1.61,1,1,0,0,0,0
92.12,0,0,0,0,9999.0,1.25,1,0,0,0,0,0
2280.33,1,0,0,1,5.0,3.75,0,1,0,0,0,1
129.08,0,0,0,0,9999.0,1.69,1,1,0,1,0,0
1399.83,0,0,0,0,9999.0,2.64,1,0,0,0,0,0
40.76,0,0,0,1,1193.421137052769,2.1,1,0,0,0,0,0
35.18,0,0,0,1,168.19462729215172,2.63,1,1,0,0,1,0
38.01,0,0,0,0,9999.0,2.35,1,0,0,0,0,0
80.1,0,0,0,0,9999.0,1.68,1,0,0,0,0,0
41.6,0,0,0,0,9999.0,1.45,1,0,0,1,1,0
107.08,0,0,0,0,9999.0,2.31,1,0,0,0,0,0
980.61,0,0,0,0,9999.0,2.86,1,0,0,0,0,0
38.17,0,0,0,0,9999.0,2.88,1,0,0,0,0,0
16.6,0,0,0,0,9999.0,2.34,1,1,0,0,0,0
12.77,0,0,0,0,9999.0,2.19,1,0,0,0,0,0
79.7,0,0,0,0,9999.0,1.46,1,0,0,0,0,0
303.57,0,0,0,1,903.5128524311896,2.22,1,1,0,0,0,0
201.15,0,0,0,0,9999.0,2.44,1,1,0,0,0,0
506.86,0,0,0,0,9999.0,1.53,1,0,0,0,0,0
2807.54,0,0,0,0,9999.0,1.24,1,0,0,0,1,0
602.07,0,0,0,0,9999.0,2.08,1,0,0,0,0,0
634.76,0,0,0,1,795.5768352353862,3.02,1,1,0,0,0,0
134.15,1,0,0,0,9999.0,1.72,1,0,0,0,0,0
1627.1,0,0,0,0,9999.0,2.2,1,0,0,1,0,0
1179.67,0,0,0,0,9999.0,1.8,1,0,0,0,0,0
25000.0,0,0,0,1,42.1,4.16,1,1,0,1,1,1
2670.6,0,0,0,0,9999.0,2.7,1,0,0,0,0,0
21.19,0,0,0,0,9999.0,2.63,1,0,0,1,1,0
1220.0,0,0,0,0,9999.0,1.74,1,0,0,0,1,0
2592.01,0,0,0,0,9999.0,1.49,1,0,0,1,1,0
1960.29,0,0,0,0,9999.0,2.28,1,0,0,0,0,0
13605.19,1,0,0,0,9999.0,3.04,1,1,0,2,0,0
721.53,0,0,0,0,9999.0,2.62,1,0,0,0,0,0
23.4,0,0,0,0,9999.0,2.35,1,0,0,0,1,0
2879.63,1,0,0,0,9999.0,2.41,1,0,0,0,0,0
100.37,0,0,0,0,9999.0,1.61,1,0,0,0,0,0
2519.25,0,0,0,0,9999.0,1.35,1,0,0,0,0,0
93.35,0,0,0,0,9999.0,2.48,1,1,0,0,0,0
31.1,1,0,0,0,9999.0,1.52,1,1,0,0,0,0
1353.56,0,0,0,0,9999.0,2.53,1,0,0,0,0,0
2655.43,0,0,0,0,9999.0,2.21,1,0,0,0,0,0
15000.0,1,0,0,1,1.7,4.21,1,1,1,0,0,1
110.83,0,0,0,0,9999.0,1.97,1,0,0,1,0,0
1496.93,1,0,0,0,9999.0,2.93,1,0,0,0,0,0
901.82,0,0,0,0,9999.0,3.02,1,1,0,0,0,0
41290.58,0,0,0,0,9999.0,1.76,1,0,0,1,0,0
1325.09,0,0,0,1,714.666848848996,3.04,1,0,0,0,0,0
37.46,0,0,0,0,9999.0,2.68,1,0,0,0,0,0
30.94,0,0,0,0,9999.0,1.55,1,0,0,0,0,0
424.02,0,0,0,0,9999.0,2.17,1,0,0,0,0,0
2392.14,1,0,0,0,9999.0,2.15,1,0,0,1,0,0
1909.42,0,0,0,0,9999.0,2.17,1,1,0,0,1,0
63.69,0,0,0,0,9999.0,2.84,1,0,0,0,0,0
122.26,0,0,0,0,9999.0,2.96,1,0,0,1,0,0
1199.84,0,0,0,0,9999.0,2.42,1,0,0,0,0,0
1160.47,0,0,0,0,9999.0,2.36,1,1,0,0,0,0
2233.53,0,0,0,0,9999.0,1.31,1,0,0,0,0,0
1356.65,0,0,0,0,9999.0,2.23,1,1,0,0,0,0
123.3,0,0,0,0,9999.0,1.6,1,0,0,1,0,0
86.98,0,0,0,0,9999.0,2.53,1,1,0,1,0,0
565.25,0,0,0,0,9999.0,2.4,1,0,0,1,0,0
2493.08,0,0,0,0,9999.0,1.27,1,0,0,0,0,0
911.71,0,0,0,0,9999.0,1.86,1,0,0,0,0,0
116.3,0,0,0,1,254.5769498411004,3.02,1,0,0,0,0,0
1094.07,0,0,0,0,9999.0,2.96,1,1,0,1,1,0
100.36,0,0,0,0,9999.0,1.47,1,0,0,0,1,0
27.91,0,0,0,0,9999.0,1.62,1,0,0,0,0,0
920.59,0,0,0,0,9999.0,1.39,1,0,0,0,0,0
2872.45,1,0,0,0,9999.0,2.92,1,0,0,0,1,0
924.25,0,0,0,0,9999.0,2.42,1,0,0,0,0,0
16968.58,0,0,0,0,9999.0,1.33,1,1,0,1,1,0
2042.78,0,0,0,0,9999.0,1.75,1,0,0,2,0,0
136.8,1,0,0,1,1281.909107492825,2.18,1,1,0,0,1,0
2703.79,0,0,0,1,150.92779798607503,2.74,1,0,0,1,0,0
26.61,0,0,0,1,628.7729164196247,1.87,1,1,0,1,0,0
801.41,0,0,0,0,9999.0,1.91,1,0,0,2,0,0
1842.62,0,0,0,0,9999.0,2.7,1,1,0,0,0,0
33.37,0,0,0,0,9999.0,1.27,1,0,0,1,0,0
311.37,0,0,0,0,9999.0,1.97,1,1,0,0,0,0
2959.82,0,0,0,0,9999.0,1.96,1,0,0,0,0,0
1874.87,0,0,0,0,9999.0,1.88,1,0,0,0,0,0
3081.91,0,0,0,1,1.3,4.36,1,0,0,1,1,1
14.73,0,0,0,0,9999.0,2.25,1,0,0,0,0,0
102.06,0,0,0,0,9999.0,2.54,1,1,0,0,1,0
2483.76,0,0,0,0,9999.0,2.82,1,1,0,0,0,0
77165.38,1,0,0,1,21.3,3.38,1,1,0,1,0,1
2873.68,0,0,0,0,9999.0,1.75,1,1,0,0,0,0
318.97,0,0,0,0,9999.0,3.06,1,0,0,0,0,0
946.4,0,0,0,0,9999.0,2.87,1,0,0,1,0,0
2363.67,0,0,0,0,9999.0,1.98,1,0,0,0,1,0
131.42,0,0,0,0,9999.0,2.03,1,0,0,0,0,0
46.3,0,0,0,0,9999.0,1.93,1,0,0,1,0,0
2487.89,0,0,0,1,255.95538262876184,1.38,1,0,0,0,0,0
876.81,0,0,0,0,9999.0,1.33,1,0,0,0,0,0
90.3,0,0,0,0,9999.0,2.98,1,0,0,0,0,0
1601.88,0,0,0,0,9999.0,1.5,1,0,0,0,0,0
105.36,0,0,0,0,9999.0,1.55,1,0,0,1,0,0
79.89,0,0,0,0,9999.0,1.35,1,1,0,2,0,0
44462.43,0,0,0,0,9999.0,1.73,1,0,0,0,0,0
1396.89,0,0,0,0,9999.0,2.19,1,0,0,0,1,0
1989.15,1,0,0,0,9999.0,1.97,1,0,0,0,1,0
93.66,0,0,0,0,9999.0,2.09,1,0,0,0,0,0
5000.0,1,0,0,1,8.0,4.01,1,1,1,2,1,1
1283.13,0,0,0,0,9999.0,1.93,1,0,0,0,1,0
24.23,0,0,0,0,9999.0,1.32,1,0,0,0,1,0
109.67,0,0,0,0,9999.0,2.61,1,0,0,0,0,0
2857.06,1,0,0,0,9999.0,2.71,1,0,0,0,0,0
585.65,0,0,0,0,9999.0,1.43,1,0,0,0,1,0
40.02,0,0,0,0,9999.0,1.86,1,0,0,0,0,0
94.81,0,0,0,0,9999.0,2.34,1,1,0,1,0,0
2181.38,0,0,0,0,9999.0,1.76,1,1,0,1,1,0
50.23,0,0,0,0,9999.0,2.06,1,0,0,0,0,0
59.34,0,0,0,0,9999.0,2.75,1,0,0,0,0,0
9999.0,1,0,0,1,6.2,4.17,0,1,1,2,0,1
1878.01,1,0,0,0,9999.0,2.71,1,0,0,0,0,0
2564.4,0,0,0,0,9999.0,1.95,1,0,0,0,0,0
138.16,0,0,0,0,9999.0,1.62,1,1,0,0,0,0
131.41,0,0,0,0,9999.0,2.79,1,0,0,1,0,0
1482.34,0,0,0,0,9999.0,1.87,1,0,0,0,0,0
2507.05,0,0,0,1,920.9184970533628,1.86,1,0,0,0,0,0
2181.26,0,0,0,0,9999.0,1.37,1,0,0,0,0,0
18239.22,1,0,0,1,30.3,3.95,1,1,0,0,1,1
98.34,0,0,0,0,9999.0,2.15,1,0,0,1,0,0
2150.13,1,0,0,0,9999.0,2.84,1,0,0,0,0,0
2922.37,0,0,0,0,9999.0,2.74,1,1,0,0,1,0
116.04,0,0,0,0,9999.0,1.28,1,0,0,1,0,0
112.18,0,0,0,0,9999.0,2.49,1,0,0,0,0,0
2455.33,0,0,0,0,9999.0,2.4,1,1,0,0,0,0
923.75,0,0,0,0,9999.0,2.23,1,1,0,0,1,0
95.4,0,0,0,0,9999.0,2.53,1,1,0,0,0,0
1657.7,0,0,0,0,9999.0,2.18,1,0,0,0,1,0
105.34,0,0,0,0,9999.0,1.85,1,0,0,0,0,0
984.1,0,0,0,0,9999.0,2.98,1,0,0,1,0,0
880.95,0,0,0,1,1161.559883594236,2.14,1,0,0,1,0,0
63.64,0,0,0,0,9999.0,1.77,1,0,0,0,1,0
79.85,0,0,0,0,9999.0,1.47,1,0,0,0,1,0
82.52,0,0,0,0,9999.0,3.04,1,0,0,1,0,0
1302.82,0,0,0,1,617.5861714604576,2.97,1,0,0,0,0,0
71.88,0,0,0,0,9999.0,2.56,1,0,0,1,0,0
1320.32,0,0,0,0,9999.0,2.41,1,1,0,0,0,0
2471.1,0,0,0,0,9999.0,2.52,1,0,0,0,0,0
22.87,0,0,0,0,9999.0,2.42,1,0,0,0,1,0
1199.15,0,0,0,0,9999.0,1.81,1,0,0,2,0,0
1861.5,0,0,0,0,9999.0,1.67,1,0,0,0,1,0
2098.78,0,0,0,0,9999.0,2.5,1,0,0,0,0,0
23.19,0,0,0,0,9999.0,2.0,1,0,0,0,0,0
2622.12,0,0,0,0,9999.0,1.75,1,1,0,0,1,0
72.68,0,0,0,0,9999.0,2.65,1,0,0,0,0,0
2498.85,0,0,0,0,9999.0,2.92,1,0,0,1,0,0
325.97,1,0,0,0,9999.0,1.25,1,0,0,0,1,0
880.89,0,0,0,1,880.1038509284094,2.58,1,0,0,0,0,0
892.11,0,0,0,0,9999.0,1.79,1,0,0,0,1,0
69.18,0,0,0,0,9999.0,1.79,1,0,0,0,0,0
38815.64,0,0,0,0,9999.0,1.61,1,0,0,0,0,0
2073.23,0,0,0,0,9999.0,2.62,1,0,0,0,0,0
1670.19,0,0,0,0,9999.0,1.91,1,0,0,0,0,0
76310.06,1,0,0,0,2.6,3.1,1,1,0,1,0,1
130.19,0,0,0,0,9999.0,1.7,1,0,0,1,0,0
43.71,0,0,0,0,9999.0,2.43,1,0,0,0,0,0
10.98,0,0,0,0,9999.0,1.4,1,0,0,0,0,0
44.16,0,0,0,0,9999.0,1.82,1,0,0,0,0,0
1082.27,0,0,0,0,9999.0,1.63,1,0,0,0,0,0
75.99,0,0,0,0,9999.0,2.26,1,0,0,0,0,0
139.76,0,0,0,0,9999.0,2.93,1,0,0,1,0,0
1887.54,0,0,0,0,9999.0,1.98,1,0,0,0,1,0
42.33,1,0,0,1,327.952646533596,2.23,1,0,0,0,0,0
856.17,0,0,0,0,9999.0,2.27,1,1,0,0,0,0
1517.71,0,0,0,0,9999.0,1.4,1,0,0,0,0,0
720.18,0,0,0,0,9999.0,1.73,1,0,0,1,1,0
104.77,0,0,0,0,9999.0,1.96,1,0,0,0,0,0
682.42,0,0,0,1,239.203779171784,1.44,1,0,0,0,1,0
2366.16,0,0,0,0,9999.0,1.36,1,1,0,1,1,0
1157.38,0,0,0,0,9999.0,2.8,1,0,0,2,1,0
2994.08,0,0,0,0,9999.0,2.51,1,0,0,0,0,0
82.23,0,0,0,1,38.0815949806485,2.65,1,1,0,1,1,0
1669.71,0,0,0,0,9999.0,3.1,1,0,0,0,0,0
46.24,0,0,0,0,9999.0,3.06,1,1,0,0,0,0
42585.81,0,0,0,0,9999.0,2.66,1,0,0,1,1,0
809.23,0,0,0,0,9999.0,2.41,1,0,0,1,0,0
74.48,0,0,0,0,9999.0,2.64,1,0,0,0,0,0
124.06,0,0,0,1,628.6815560665722,2.59,1,0,0,0,1,0
2159.09,0,0,0,0,9999.0,2.45,1,1,0,0,0,0
2249.54,0,0,0,0,9999.0,1.55,1,1,0,0,0,0
127.04,0,0,0,0,9999.0,1.79,1,0,0,0,1,0
1479.79,0,0,0,0,9999.0,2.93,1,0,0,1,0,0
80.12,0,0,0,1,97.36833659800138,2.47,1,1,0,0,0,0
132.48,0,0,0,0,9999.0,1.8,1,0,0,1,0,0
81.08,0,0,0,0,9999.0,2.28,1,0,0,2,0,0
692.22,0,0,0,0,9999.0,2.27,1,1,0,0,1,0
84.21,0,0,0,0,9999.0,1.88,1,1,0,0,0,0
41629.0,1,1,0,1,2.8,3.03,1,1,0,1,0,1
41.23,0,0,0,1,1283.7775067774724,1.4,1,0,0,0,0,0
23527.58,1,0,0,1,5.8,3.44,0,1,0,1,1,1
1880.81,0,0,0,0,9999.0,1.44,1,0,0,1,0,0
141.29,0,0,0,0,9999.0,2.13,1,1,0,0,0,0
33893.5,0,0,0,0,9999.0,2.16,1,1,0,0,0,0
1565.18,0,0,0,0,9999.0,2.82,1,0,0,0,0,0
2537.5,0,0,0,1,1166.4469605461113,2.92,1,0,0,0,0,0
98.23,0,0,0,0,9999.0,3.0,1,0,0,1,0,0
20816.52,1,1,0,1,5.5,4.48,0,1,0,2,0,1
21.12,0,0,0,0,9999.0,2.48,1,0,0,0,1,0
2151.61,0,0,0,1,169.66251226130825,2.19,1,0,0,0,0,0
1903.07,0,0,0,0,9999.0,2.02,1,1,0,0,0,0
2071.8,0,0,0,0,9999.0,2.59,1,0,0,0,1,0
81.61,0,0,0,0,9999.0,2.91,1,1,0,0,1,0
35.68,1,0,0,0,9999.0,1.41,1,0,0,1,0,0
62.24,0,0,0,0,9999.0,1.61,1,1,0,0,0,0
124.51,0,0,0,1,777.7379833915438,1.46,1,0,0,0,0,0
1500.0,1,0,0,0,25.7,4.61,0,1,0,2,0,1
2837.43,1,0,0,1,904.421584204356,1.47,1,0,0,0,0,0
2189.77,0,0,0,0,9999.0,1.34,1,0,0,0,0,0
25000.0,0,0,0,1,15.5,4.05,1,1,0,1,0,1
1268.87,0,0,0,0,9999.0,2.98,1,0,0,1,0,0
839.37,0,0,0,0,9999.0,2.89,1,0,0,1,0,0
130.28,1,0,0,0,9999.0,3.02,1,0,0,0,0,0
14.39,0,0,0,0,9999.0,3.04,1,0,0,0,0,0
46106.21,1,1,0,0,23.4,4.57,0,1,0,1,1,1
128.17,1,0,0,0,9999.0,1.96,1,0,0,1,1,0
41.32,0,0,0,0,9999.0,2.91,1,1,0,0,0,0
139.42,0,0,0,0,9999.0,2.51,1,1,0,1,0,0
43.48,0,0,0,0,9999.0,2.62,1,0,0,0,0,0
146.93,0,0,0,0,9999.0,1.71,1,0,0,1,0,0
2398.53,0,0,0,0,9999.0,1.91,1,1,0,0,0,0
85.67,0,0,0,0,9999.0,2.2,1,1,0,0,0,0
1684.59,0,0,0,0,9999.0,2.4,1,0,0,0,0,0
105.65,0,1,0,0,9999.0,2.97,1,0,0,0,0,0
74.63,0,0,0,0,9999.0,1.84,1,0,0,0,0,0
94.79,0,0,0,0,9999.0,2.05,1,0,0,0,1,0
150673.54,1,1,0,1,7.2,3.12,1,1,0,0,1,1
98.32,0,0,0,0,9999.0,2.86,1,1,0,1,0,0
979.55,0,0,0,0,9999.0,3.07,1,1,0,1,0,0
65.26,0,0,0,0,9999.0,2.94,1,0,0,1,0,0
42488.24,1,1,0,1,20.4,4.56,1,1,0,2,1,1
15.37,0,0,0,1,1322.4783051669997,2.94,1,1,0,0,0,0
48.08,0,0,0,0,9999.0,1.68,1,0,0,0,0,0
4754.68,1,0,0,1,5.4,4.56,1,1,0,2,0,1
63.21,0,0,0,0,9999.0,2.94,1,1,0,0,0,0
2619.45,0,0,0,0,9999.0,2.33,1,0,0,2,0,0
2384.86,0,0,0,0,9999.0,2.03,1,0,0,1,1,0
100.25,0,0,0,0,9999.0,2.02,1,0,0,0,0,0
104.64,0,0,0,0,9999.0,1.97,1,0,0,2,0,0
1897.61,0,0,0,0,9999.0,1.85,1,0,0,0,0,0
28.97,0,0,0,0,9999.0,2.82,1,0,0,0,0,0
49.93,1,0,0,0,9999.0,1.9,1,0,0,0,0,0
716.92,0,0,0,0,9999.0,2.97,1,0,0,0,0,0
1712.3,0,0,0,0,9999.0,1.34,1,0,0,0,0,0
122.41,0,0,0,0,9999.0,2.26,1,1,0,0,0,0
44052.97,0,0,0,0,9999.0,1.51,1,0,0,1,0,0
1707.04,0,0,0,0,9999.0,1.85,1,1,0,1,0,0
1422.58,0,0,0,0,9999.0,2.9,1,0,0,0,1,0
49.97,0,0,0,0,9999.0,2.92,1,0,0,0,0,0
366.52,0,0,0,1,564.9008083451967,1.53,1,0,0,0,1,0
129.55,0,0,0,0,9999.0,2.27,1,0,0,2,0,0
58.53,0,0,0,0,9999.0,1.87,1,0,0,0,1,0
504.46,0,0,0,0,9999.0,2.33,1,0,0,0,1,0
52.77,0,0,0,0,9999.0,2.64,1,0,0,0,1,0
2171.66,0,0,0,0,9999.0,2.61,1,1,0,0,0,0
105.44,0,0,0,0,9999.0,1.84,1,0,0,0,0,0
47.21,0,0,0,0,9999.0,2.67,1,0,0,1,0,0
539.96,0,0,0,0,9999.0,1.47,1,0,0,0,0,0
136.87,0,0,0,0,9999.0,2.53,1,1,0,0,0,0
84.68,0,0,0,1,263.4665003112086,1.98,1,0,0,0,0,0
103.62,0,0,0,0,9999.0,2.07,1,0,0,0,0,0
69.13,0,0,0,0,9999.0,1.67,1,0,0,0,0,0
45.78,0,0,0,0,9999.0,1.67,1,1,0,0,0,0
2220.04,0,0,0,0,9999.0,2.25,1,0,0,0,0,0
99.3,0,0,0,0,9999.0,2.36,1,0,0,0,0,0
23.11,0,0,0,0,9999.0,2.47,1,1,0,0,0,0
1460.18,1,0,0,0,9999.0,1.9,1,0,0,0,0,0
4339.3,1,1,1,1,20.3,4.4,0,1,0,1,0,1
57.24,0,0,0,0,9999.0,2.1,1,0,0,1,1,0
1582.39,0,0,0,0,9999.0,1.51,1,0,0,0,0,0
1265.24,0,0,0,0,9999.0,1.7,1,0,0,0,1,0
1245.01,0,0,0,0,9999.0,1.71,1,0,0,0,0,0
67.08,0,0,0,0,9999.0,1.47,1,1,0,1,0,0
140.22,1,0,0,0,9999.0,3.07,1,0,0,0,0,0
841.92,0,0,0,0,9999.0,2.39,1,0,0,0,0,0
2107.21,0,0,0,0,9999.0,1.3,1,1,0,0,1,0
58.79,0,0,0,0,9999.0,2.55,1,0,0,0,0,0
2789.43,0,0,0,0,9999.0,2.59,1,0,0,0,0,0
29.23,0,0,0,0,9999.0,2.17,1,0,0,0,0,0
1840.47,0,0,0,0,9999.0,2.38,1,0,0,0,0,0
73.43,0,0,0,1,393.0572626562158,1.95,1,0,0,0,0,0
60.74,0,0,0,0,9999.0,2.68,1,0,0,0,0,0
58.47,0,0,0,0,9999.0,1.47,1,0,0,1,0,0
110.37,0,0,0,0,9999.0,1.82,1,1,0,0,0,0
48.97,0,0,0,0,9999.0,1.77,1,1,0,0,0,0
80.08,0,0,0,0,9999.0,2.28,1,1,0,0,0,0
14.48,0,0,0,0,9999.0,1.42,1,0,0,0,0,0
1658.06,0,0,0,0,9999.0,2.09,1,0,0,0,1,0
116.19,0,0,0,0,9999.0,1.78,1,0,0,0,1,0
35076.1,1,1,0,1,17.4,4.61,1,1,0,0,0,1
1439.06,0,0,0,0,9999.0,2.0,1,0,0,0,1,0
889.67,0,0,0,0,9999.0,1.97,1,0,0,1,0,0
46545.83,1,1,0,1,1.5,4.48,0,1,0,2,1,1
11.4,1,0,0,0,9999.0,2.48,1,0,0,0,0,0
2282.96,0,0,0,0,9999.0,2.13,1,0,0,1,0,0
33176.48,0,0,1,1,12.6,2.86,1,1,0,2,1,1
560.06,0,0,0,0,9999.0,2.22,1,0,0,0,0,0
1174.87,0,0,0,0,9999.0,2.76,1,1,0,0,1,0
761.26,0,0,0,0,9999.0,2.26,1,1,0,1,0,0
78082.18,1,0,0,0,13.2,2.96,0,1,0,2,1,1
1263.31,0,0,0,0,9999.0,1.22,1,1,0,1,0,0
1895.25,0,0,0,0,9999.0,2.23,1,0,0,0,0,0
2322.01,0,0,0,1,850.7844469405259,1.31,1,0,0,0,1,0
25000.0,1,0,0,0,6.8,4.67,1,1,1,2,0,1
625.26,0,0,0,0,9999.0,1.27,1,0,0,1,0,0
117.14,0,0,0,0,9999.0,2.11,1,0,0,0,0,0
68.64,0,0,0,0,9999.0,1.67,1,0,0,1,0,0
890.67,0,0,0,0,9999.0,2.51,1,1,0,0,0,0
70.55,0,0,0,0,9999.0,2.39,1,0,0,0,0,0
82.43,0,0,0,0,9999.0,2.76,1,0,0,0,0,0
654.7,0,0,0,0,9999.0,2.74,1,0,0,1,0,0
88.0,0,0,0,0,9999.0,2.02,1,0,0,0,0,0
6432.1,1,0,0,1,7.2,3.67,0,1,0,0,0,1
23.97,1,0,0,0,9999.0,1.64,1,0,0,0,0,0
2605.99,1,0,0,1,14.2,3.3,0,1,0,2,1,1
2410.64,0,0,0,1,541.456549549824,1.55,1,0,0,0,0,0
917.72,0,0,0,0,9999.0,1.74,1,0,0,1,0,0
2900.07,0,0,0,0,9999.0,1.75,1,0,0,0,0,0
1974.85,0,0,0,0,9999.0,2.06,1,0,0,0,0,0
6977.08,0,1,0,1,20.9,4.73,1,1,0,0,0,1
971.31,0,0,0,0,9999.0,1.41,1,0,0,1,0,0
1709.22,0,0,0,0,9999.0,2.65,1,0,0,0,0,0
125.4,0,0,0,0,9999.0,1.85,1,0,0,0,0,0
928.93,0,0,0,0,9999.0,2.5,1,0,0,1,1,0
20373.12,0,1,0,1,18.9,4.38,0,1,0,0,1,1
710.96,0,0,0,0,9999.0,2.17,1,0,0,0,0,0
91.01,0,0,0,0,9999.0,2.76,1,1,0,0,1,0
1360.66,0,0,0,0,9999.0,2.9,1,0,0,0,0,0
259.55,0,0,0,0,9999.0,2.3,1,1,0,0,0,0
817.04,0,0,0,0,9999.0,2.73,1,0,0,1,0,0
1635.23,0,0,0,0,9999.0,2.59,1,0,0,0,0,0
1306.41,0,0,0,1,410.2853956272839,3.02,1,1,0,0,0,0
32.48,0,0,0,0,9999.0,2.62,1,0,0,0,1,0
3195.12,1,0,0,1,7.6,4.31,0,1,0,0,1,1
20.94,0,0,0,0,9999.0,2.68,1,0,0,0,0,0
2420.74,0,0,0,0,9999.0,2.82,1,0,0,1,0,0
35.01,0,0,0,0,9999.0,3.01,1,0,0,2,0,0
47.29,0,0,0,0,9999.0,2.66,1,1,0,0,0,0
2079.04,0,0,0,0,9999.0,1.23,1,0,0,0,0,0
2759.43,0,0,0,0,9999.0,2.57,1,0,0,0,0,0
2237.0,0,0,0,0,9999.0,2.62,1,0,0,0,0,0
54.54,0,0,0,0,9999.0,2.96,1,0,0,0,0,0
37387.1,1,0,1,1,14.4,3.01,1,1,0,1,1,1
1746.92,0,0,0,0,9999.0,2.95,1,0,0,0,0,0
1424.69,0,0,0,0,9999.0,1.53,1,1,0,0,0,0
581.19,0,0,0,0,9999.0,2.57,1,0,0,0,0,0
2210.75,0,0,0,0,9999.0,2.41,1,0,0,1,0,0
1526.8,0,0,0,0,9999.0,2.18,1,0,0,0,1,0
2500.0,1,0,0,1,0.9,2.98,1,1,1,0,0,1
18035.15,0,0,0,0,4.5,3.13,0,1,0,2,1,1
34620.52,0,0,0,0,9999.0,1.9,1,1,0,0,1,0
111.1,0,0,0,1,179.56458031151644,2.43,1,0,0,0,0,0
1119.45,0,0,0,0,9999.0,3.09,1,1,0,1,0,0
2447.84,0,0,0,0,9999.0,2.03,1,1,0,1,0,0
745.26,0,0,0,0,9999.0,2.21,1,0,0,0,0,0
240.89,0,0,0,0,9999.0,1.35,1,0,0,0,0,0
133.16,0,0,0,0,9999.0,2.65,1,1,0,0,0,0
2114.19,0,0,0,0,9999.0,1.32,1,0,0,0,0,0
30236.82,0,0,0,0,9999.0,2.31,1,0,0,0,0,0
119.13,0,0,0,0,9999.0,1.34,1,0,0,0,0,0
2862.73,0,0,0,1,1032.2305059023088,2.36,1,0,0,0,0,0
25359.88,1,1,1,1,3.6,4.71,1,1,0,1,0,1
118.01,0,0,0,0,9999.0,1.59,1,1,0,1,0,0
1500.0,0,0,0,0,22.8,4.56,1,1,0,2,0,1
1685.41,0,0,0,1,370.8837894035185,2.32,1,1,0,0,0,0
106.79,0,0,0,0,9999.0,1.84,1,0,0,0,0,0
339.8,0,0,0,0,9999.0,2.61,1,0,0,0,1,0
91.52,0,0,0,0,9999.0,1.78,1,0,0,1,0,0
149.45,0,0,0,0,9999.0,2.6,1,0,0,1,0,0
2862.21,0,0,0,0,9999.0,1.84,1,1,0,0,0,0
1892.03,0,0,0,0,9999.0,1.9,1,1,0,0,0,0
1889.9,0,0,0,0,9999.0,2.72,1,0,0,2,0,0
31954.64,0,1,0,0,9999.0,1.53,1,1,0,2,1,0
1594.68,0,0,0,0,9999.0,1.45,1,0,0,1,0,0
100.31,0,0,0,0,9999.0,2.84,1,0,0,0,0,0
746.33,1,0,0,0,9999.0,1.57,1,0,0,0,0,0
19220.89,0,0,0,0,9999.0,2.96,1,0,0,0,0,0
68.86,0,0,0,0,9999.0,1.43,1,1,0,0,0,0
20174.9,1,1,0,1,13.4,2.96,0,1,0,2,0,1
981.36,0,0,0,0,9999.0,3.0,1,0,0,0,0,0
2383.73,0,0,0,0,9999.0,1.93,1,0,0,1,0,0
975.74,0,0,0,0,9999.0,1.85,1,1,0,0,0,0
1317.97,1,0,0,0,9999.0,2.36,1,0,0,0,0,0
49.12,0,0,0,0,9999.0,1.42,1,0,0,0,0,0
72.22,0,0,0,0,9999.0,1.88,1,0,0,0,0,0
1836.52,1,0,0,0,9999.0,1.37,1,0,0,0,0,0
2474.46,0,0,0,0,9999.0,2.77,1,0,0,2,0,0
89.89,0,0,0,0,9999.0,2.5,1,0,0,0,0,0
1095.77,0,0,0,1,1230.0930016829604,1.84,1,1,0,0,0,0
2500.0,1,0,0,1,1.7,4.04,1,0,1,2,1,1
103.11,0,0,0,0,9999.0,1.22,1,1,0,0,1,0
1959.62,0,0,0,0,9999.0,1.95,1,1,0,0,0,0
115.6,0,0,0,0,9999.0,2.09,1,1,0,0,0,0
236.7,0,0,0,1,86.78031692700685,1.66,1,0,0,0,0,0
35.74,1,0,0,1,660.4053264529898,2.6,1,0,0,0,1,0
43370.42,0,0,0,0,9999.0,2.72,1,0,0,0,0,0
98.39,0,0,0,0,9999.0,1.28,1,0,0,0,1,0
666.21,0,0,0,0,9999.0,3.07,1,0,0,0,1,0
390.74,0,0,0,0,9999.0,1.34,1,0,0,0,0,0
1729.63,0,0,0,1,498.796224878834,1.43,1,1,0,0,1,0
34264.08,1,1,0,1,2.1,4.05,1,1,0,1,0,1
140.77,0,0,0,1,776.1585851578117,1.72,1,1,0,0,0,0
16.97,0,0,0,1,645.76234723486,2.27,1,0,0,0,0,0
671.58,0,0,0,0,9999.0,1.99,1,1,0,0,0,0
53.41,0,0,0,0,9999.0,1.93,1,1,0,0,0,0
1229.61,0,0,0,0,9999.0,1.3,1,0,0,2,0,0
21312.58,0,0,0,0,9999.0,1.96,1,0,0,0,1,0
2449.86,0,0,0,0,9999.0,2.54,1,0,0,0,0,0
154179.94,1,1,0,1,33.8,3.57,1,1,0,1,0,1
2381.93,0,0,0,0,9999.0,1.21,1,1,0,1,1,0
25000.0,1,0,0,1,4.7,2.91,0,0,1,1,0,1
141.69,0,0,0,0,9999.0,2.56,1,1,0,0,0,0
53.13,0,0,0,1,471.4522000408723,2.13,1,1,0,0,0,0
1052.15,0,0,0,0,9999.0,2.65,1,0,0,1,0,0
8000.0,1,0,0,1,44.2,2.95,0,1,0,2,0,1
97.32,0,0,0,0,9999.0,2.03,1,1,0,1,0,0
2076.4,0,0,0,0,9999.0,1.66,1,0,0,0,1,0
1445.66,0,0,0,0,9999.0,2.47,1,0,0,0,0,0
2844.09,0,0,0,0,9999.0,1.84,1,0,0,0,0,0
23.3,0,0,0,0,9999.0,1.48,1,1,0,0,0,0
1882.34,0,0,0,0,9999.0,1.4,1,0,0,0,0,0
344.09,0,0,0,0,9999.0,1.58,1,0,0,2,0,0
889.45,0,0,0,0,9999.0,2.75,1,0,0,0,0,0
88.29,0,0,0,0,9999.0,1.85,1,0,0,0,0,0
2137.52,0,0,0,0,9999.0,2.12,1,0,0,1,0,0
2319.62,0,0,0,0,9999.0,2.92,1,0,0,1,0,0
93.2,0,0,0,1,1352.9064060924532,2.32,1,0,0,0,0,0
2500.0,1,0,0,1,3.8,4.69,1,1,1,2,1,1
2220.85,0,0,0,0,9999.0,2.76,1,0,0,0,1,0
1145.58,0,0,0,0,9999.0,2.79,1,0,0,0,1,0
941.59,0,0,0,0,9999.0,1.64,1,0,0,2,0,0
19.38,0,0,0,0,9999.0,2.41,1,0,0,0,0,0
2226.1,0,0,0,0,9999.0,1.21,1,1,0,0,0,0
2128.63,0,0,0,0,9999.0,2.44,1,1,0,0,1,0
2500.0,1,0,0,1,4.5,4.59,1,1,1,2,0,1
892.71,0,0,0,0,9999.0,1.94,1,0,0,0,1,0
1051.04,0,0,0,1,1168.7253469857196,1.23,1,0,0,0,0,0
76976.23,0,0,0,1,32.5,3.77,1,1,0,1,1,1
2590.0,0,0,0,0,9999.0,2.62,1,0,0,0,0,0
1331.4,0,0,0,0,9999.0,1.39,1,0,0,0,0,0
83.48,0,0,0,0,9999.0,1.74,1,1,0,1,0,0
1437.19,0,0,0,0,9999.0,1.48,1,0,0,1,0,0
23.54,0,0,0,0,9999.0,2.6,1,0,0,0,0,0
79.35,0,0,0,0,9999.0,2.24,1,0,0,0,0,0
2284.26,0,0,0,0,9999.0,1.48,1,0,0,0,0,0
16676.81,0,0,0,0,9999.0,2.4,1,0,0,0,0,0
124.34,0,0,0,0,9999.0,2.31,1,0,0,0,0,0
2396.37,0,0,0,0,9999.0,1.83,1,0,0,0,1,0
2311.34,0,0,0,0,9999.0,1.61,1,1,0,0,0,0
78.18,0,0,0,0,9999.0,2.86,1,1,0,0,0,0
43.87,0,0,0,1,1297.5579994054376,2.04,1,0,0,0,0,0
1096.15,0,0,0,0,9999.0,3.08,1,0,0,0,0,0
129.35,0,0,0,0,9999.0,2.74,1,0,0,0,0,0
713.65,0,0,0,0,9999.0,2.17,1,1,0,0,1,0
135.82,0,0,0,0,9999.0,2.87,1,0,0,2,0,0
53.71,0,0,0,1,519.7832965138232,2.31,1,0,0,2,0,0
21.87,0,0,0,0,9999.0,2.18,1,0,0,0,0,0
141.88,0,0,0,0,9999.0,1.23,1,1,0,0,0,0
25000.0,0,0,0,1,22.3,3.71,1,1,0,2,1,1
11.2,0,0,0,1,302.90995641922115,1.24,1,0,0,1,1,0
1097.94,1,0,0,1,532.326337935486,2.91,1,0,0,0,0,0
144.78,0,0,0,0,9999.0,2.93,1,0,0,0,0,0
204.23,0,0,0,0,9999.0,1.49,1,0,0,0,0,0
1557.76,0,0,0,0,9999.0,1.38,1,0,0,0,0,0
15380.75,0,0,0,0,9999.0,1.72,1,1,0,0,0,0
2111.36,0,0,0,0,9999.0,2.25,1,0,0,0,0,0
16616.45,1,1,1,1,17.9,3.95,1,1,0,1,1,1
32.71,0,0,0,0,9999.0,2.04,1,1,0,0,0,0
8000.0,1,0,0,1,6.2,4.73,0,1,0,2,1,1
19.45,0,0,0,0,9999.0,2.69,1,0,0,1,0,0
2435.23,0,0,0,0,9999.0,1.69,1,1,0,0,0,0
13.09,0,0,0,0,9999.0,2.29,1,0,0,0,0,0
71.76,0,0,0,0,9999.0,2.21,1,1,0,0,0,0
2500.0,1,0,0,1,4.3,4.45,1,1,1,1,1,1
123.47,0,0,0,0,9999.0,1.9,1,0,0,1,0,0
5255.86,1,0,0,1,23.1,4.16,1,1,0,2,1,1
2106.77,0,0,0,0,9999.0,1.57,1,0,0,0,0,0
4204.49,1,0,0,1,11.4,3.88,1,1,0,0,1,1
65.28,0,0,0,0,9999.0,2.19,1,0,0,0,0,0
143.74,0,0,0,0,9999.0,1.77,1,0,0,0,0,0
1500.0,0,0,0,1,28.8,2.92,0,1,0,2,1,1
11.38,0,0,0,1,341.9037737886057,1.79,1,1,0,0,0,0
146.8,0,0,0,0,9999.0,2.48,1,0,0,0,0,0
2247.21,1,0,0,0,9999.0,2.76,1,1,0,0,0,0
864.75,0,0,0,0,9999.0,2.21,1,1,0,1,1,0
2064.38,0,0,0,0,9999.0,2.88,1,0,0,0,1,0
148.97,1,0,0,1,540.4672915169886,2.32,1,1,0,0,1,0
1743.94,0,0,0,0,9999.0,2.65,1,0,0,0,1,0
31025.5,1,1,0,1,20.4,4.3,1,1,0,0,1,1
124.49,0,0,0,0,9999.0,2.74,1,0,0,0,0,0
1526.53,0,0,0,0,9999.0,2.97,1,0,0,1,0,0
78979.93,1,0,0,1,27.4,3.02,0,1,0,2,1,1
13764.8,0,0,0,0,9999.0,2.88,1,0,0,2,0,0
1738.75,0,0,0,0,9999.0,1.37,1,1,0,0,0,0
144.83,0,0,0,0,9999.0,2.81,1,0,0,0,0,0
92.81,0,0,0,0,9999.0,1.3,1,1,0,0,0,0
144.48,0,0,0,0,9999.0,2.17,1,0,0,0,0,0
1076.49,0,0,0,0,9999.0,2.55,1,1,0,1,0,0
92.01,0,0,0,0,9999.0,2.07,1,0,0,1,0,0
1263.43,0,0,0,0,9999.0,1.86,1,0,0,0,0,0
45.79,0,0,0,0,9999.0,3.1,1,1,0,1,1,0
1320.88,0,0,0,0,9999.0,2.14,1,0,0,0,0,0
106.21,0,0,0,0,9999.0,2.09,1,0,0,0,1,0
644.01,0,0,0,0,9999.0,2.78,1,0,0,1,0,0
978.18,0,0,0,0,9999.0,2.14,1,0,0,0,0,0
131.17,0,0,0,0,9999.0,2.5,1,0,0,1,0,0
5256.06,1,0,0,1,7.3,4.4,0,1,0,2,0,1
92.6,0,0,0,1,297.8387719009086,2.58,1,1,0,0,0,0
1070.87,0,0,0,1,993.2937701173915,1.74,1,0,0,0,0,0
1453.99,0,0,0,1,930.3596843277058,1.6,1,0,0,0,1,0
657.5,0,0,0,1,311.0582455482982,2.37,1,1,0,0,0,0
117.95,0,0,0,0,9999.0,2.21,1,0,0,0,0,0
25000.0,0,0,0,1,5.1,3.05,1,1,1,1,0,1
97.06,0,0,0,0,9999.0,2.37,1,0,0,0,0,0
1749.36,0,0,0,0,9999.0,2.53,1,0,0,0,0,0
789.23,0,0,0,0,9999.0,1.37,1,1,0,1,0,0
1139.01,0,0,0,0,9999.0,1.49,1,1,0,1,0,0
1106.04,0,0,0,0,9999.0,3.02,1,0,0,0,0,0
872.79,0,0,0,1,1247.273641941843,2.73,1,0,0,1,0,0
25.12,0,0,0,0,9999.0,2.29,1,0,0,0,1,0
37.43,0,0,0,0,9999.0,2.27,1,0,0,0,0,0
39.34,0,0,0,0,9999.0,1.96,1,0,0,0,0,0
1413.25,0,0,0,0,9999.0,1.45,1,0,0,0,0,0
98.07,0,0,0,0,9999.0,2.54,1,0,0,0,0,0
395.76,0,0,0,0,9999.0,1.88,1,1,0,0,0,0
101.02,0,0,0,0,9999.0,2.46,1,1,0,1,0,0
1218.8,0,0,0,0,9999.0,1.6,1,0,0,0,0,0
70.27,0,0,0,0,9999.0,1.3,1,0,0,0,0,0
12678.91,1,1,0,1,8.0,4.62,0,1,0,1,0,1
1683.86,0,0,0,1,1209.8054506306974,1.29,1,0,0,1,0,0
1768.4,0,0,0,0,9999.0,2.13,1,1,0,0,1,0
1500.0,0,0,0,1,23.7,2.91,1,1,0,1,0,1
45.23,0,0,0,0,9999.0,1.62,1,0,0,0,0,0
1198.9,0,0,0,0,9999.0,2.07,1,0,0,1,0,0
136.68,0,0,0,0,9999.0,1.53,1,0,0,0,0,0
2755.98,0,0,0,0,9999.0,3.08,1,0,0,1,0,0
109.68,0,0,0,0,9999.0,1.22,1,0,0,0,0,0
117.7,0,0,0,0,9999.0,3.01,1,0,0,2,0,0
71.14,0,0,0,0,9999.0,1.28,1,0,0,0,0,0
137.05,0,1,0,0,9999.0,2.86,1,1,0,0,0,0
2468.34,0,0,0,0,9999.0,2.83,1,0,0,0,1,0
1448.82,0,0,0,0,9999.0,1.84,1,0,0,0,0,0
36078.6,0,0,0,0,9999.0,2.55,1,1,0,0,0,0
139.6,0,0,0,0,9999.0,1.35,1,0,0,1,1,0
48.54,0,1,0,0,9999.0,2.5,1,0,0,1,0,0
2724.06,0,0,0,0,9999.0,2.74,1,0,0,0,0,0
293.59,0,0,0,0,9999.0,1.3,1,0,0,0,0,0
1441.12,0,0,0,0,9999.0,1.79,1,1,0,0,0,0
1839.79,0,0,0,0,9999.0,1.91,1,0,0,0,0,0
833.67,0,0,0,0,9999.0,2.31,1,0,0,0,0,0
1000.66,0,0,0,0,9999.0,2.09,1,1,0,0,0,0
46.99,0,0,0,1,74.64301922476994,1.27,1,0,0,0,0,0
2030.57,0,0,0,0,9999.0,2.62,1,0,0,0,0,0
1072.22,0,0,0,0,9999.0,1.81,1,0,0,2,0,0
102.27,0,0,0,0,9999.0,2.96,1,1,0,0,0,0
2054.55,0,0,0,0,9999.0,3.08,1,0,0,0,0,0
494.27,1,0,0,0,9999.0,1.73,1,1,0,1,0,0
149.01,0,0,0,0,9999.0,1.41,1,1,0,0,0,0
15.48,0,0,0,0,9999.0,2.25,1,1,0,0,0,0
379.4,0,0,0,0,9999.0,1.86,1,1,0,0,0,0
2574.24,0,0,0,0,9999.0,2.5,1,0,0,0,0,0
11.62,0,0,0,0,9999.0,2.47,1,0,0,0,0,0
16.69,0,0,0,0,9999.0,2.68,1,0,0,0,0,0
6160.28,1,0,0,1,11.3,3.11,1,1,0,1,0,1
55.51,0,0,0,0,9999.0,1.56,1,0,0,0,0,0
1353.08,0,0,0,0,9999.0,1.73,1,0,0,0,1,0
2370.25,0,0,0,0,9999.0,1.59,1,1,0,2,0,0
55.0,0,0,0,0,9999.0,2.09,1,1,0,0,1,0
2450.57,0,0,0,0,9999.0,1.34,1,0,0,1,0,0
46470.82,1,1,0,1,6.6,4.72,1,1,0,0,1,1
91.19,0,0,0,0,9999.0,1.2,1,0,0,0,0,0
1340.84,0,0,0,0,9999.0,1.2,1,0,0,0,0,0
7104.29,1,1,0,1,15.7,3.11,1,1,0,2,0,1
1547.12,0,0,0,0,9999.0,2.82,1,0,0,0,0,0
64.12,0,0,0,0,9999.0,3.05,1,0,0,0,0,0
2331.52,0,0,0,1,73.04754458657075,2.83,1,0,0,0,0,0
2417.04,0,0,0,1,526.2985886421293,2.5,1,0,0,0,0,0
93.71,0,0,0,0,9999.0,2.52,1,0,0,0,0,0
120.94,0,0,0,0,9999.0,2.05,1,0,0,0,1,0
5352.28,1,0,0,1,0.7,4.14,0,1,0,0,0,1
119.83,0,0,0,0,9999.0,2.55,1,1,0,0,0,0
656.21,0,0,0,0,9999.0,2.43,1,0,0,1,0,0
2537.65,0,0,0,0,9999.0,1.62,1,1,0,0,0,0
2153.26,0,0,0,0,9999.0,1.55,1,0,0,1,0,0
2259.07,1,0,0,1,11.9,3.19,1,1,0,2,1,1
131.73,1,0,0,0,9999.0,2.13,1,0,0,0,1,0
53.98,0,0,0,0,9999.0,2.59,1,0,0,0,0,0
45.28,0,0,0,0,9999.0,2.05,1,1,0,0,0,0
13867.78,0,0,0,0,9999.0,1.46,1,1,0,0,1,0
566.45,0,0,0,0,9999.0,2.4,1,0,0,0,0,0
1972.7,0,0,0,0,9999.0,2.76,1,0,0,2,0,0
1863.26,0,0,0,1,797.0740692303491,2.51,1,1,0,0,0,0
1272.6,0,0,0,0,9999.0,3.01,1,1,0,1,0,0
72.97,0,0,0,0,9999.0,2.22,1,1,0,0,0,0
2127.23,0,0,0,0,9999.0,2.64,1,1,0,0,0,0
1514.33,0,0,0,0,9999.0,1.67,1,1,0,0,0,0
81.21,0,0,0,0,9999.0,1.77,1,0,0,1,0,0
73.06,0,0,0,0,9999.0,2.18,1,0,0,0,0,0
66.86,0,0,0,0,9999.0,1.46,1,1,0,0,1,0
88.13,0,0,0,0,9999.0,1.93,1,0,0,0,0,0
2729.13,0,0,0,0,9999.0,1.23,1,0,0,0,0,0
3000.0,0,0,0,1,42.3,3.64,0,1,0,1,0,1
126.68,0,0,0,0,9999.0,1.87,1,0,0,0,0,0
65.73,0,0,0,0,9999.0,2.86,1,0,0,0,0,0
680.6,0,0,0,0,9999.0,2.72,1,0,0,1,0,0
49.43,0,0,0,0,9999.0,1.43,1,0,0,0,1,0
83.8,0,0,0,0,9999.0,2.84,1,1,0,0,0,0
2758.06,0,0,0,0,9999.0,2.76,1,0,0,1,0,0
87.17,0,0,0,0,9999.0,1.64,1,0,0,0,1,0
1289.04,0,0,0,0,9999.0,1.89,1,0,0,0,1,0
141.48,0,0,0,0,9999.0,2.04,1,0,0,0,1,0
81.84,0,0,0,0,9999.0,2.46,1,0,0,0,0,0
2663.38,0,0,0,0,9999.0,1.33,1,0,0,0,0,0
656.16,0,0,0,1,301.16885158223084,2.73,1,1,0,0,0,0
944.07,1,0,0,1,10.0,3.75,0,1,0,1,0,1
18140.21,1,1,0,1,5.1,3.07,1,1,0,0,1,1
68.77,0,0,0,0,9999.0,1.5,1,0,0,1,1,0
48.22,0,0,0,0,9999.0,2.28,1,1,0,0,1,0
2920.7,0,0,0,0,9999.0,2.32,1,0,0,0,0,0
25722.94,0,0,0,0,9999.0,3.02,1,1,0,0,0,0
1429.17,0,0,0,0,9999.0,1.49,1,1,0,0,0,0
2427.91,0,0,0,0,9999.0,2.09,1,0,0,0,0,0
79.3,0,0,0,0,9999.0,2.41,1,0,0,0,1,0
1110.97,0,0,0,0,9999.0,2.96,1,0,0,0,1,0
133.43,0,0,0,0,9999.0,2.56,1,1,0,0,1,0
103.16,0,0,0,0,9999.0,2.48,1,1,0,0,0,0
1454.7,1,0,0,0,9999.0,1.83,1,0,0,0,0,0
57.4,0,0,0,0,9999.0,1.33,1,0,0,0,0,0
87.73,0,0,0,0,9999.0,2.03,1,0,0,0,1,0
110.34,0,0,0,0,9999.0,1.62,1,0,0,0,0,0
564.52,0,0,0,0,9999.0,1.97,1,0,0,0,0,0
3000.0,0,0,0,1,25.5,3.5,1,1,0,1,0,1
151777.84,1,1,0,1,16.2,3.49,0,1,0,0,1,1
13181.51,0,0,0,0,9999.0,1.63,1,0,0,1,0,0
2407.73,0,0,0,0,9999.0,2.93,1,0,0,0,0,0
735.06,0,0,0,0,9999.0,1.5,1,1,0,0,1,0
2692.82,0,1,0,0,9999.0,2.37,1,0,0,2,0,0
2248.24,0,0,0,0,9999.0,2.78,1,1,0,0,0,0
53.04,0,0,0,0,9999.0,1.84,1,1,0,0,0,0
3668.19,1,0,0,1,8.9,4.39,1,1,0,0,0,1
143.69,0,0,0,0,9999.0,2.08,1,0,0,0,0,0
1198.02,0,0,0,0,9999.0,1.41,1,0,0,1,0,0
1802.94,0,0,0,0,9999.0,2.3,1,0,0,0,0,0
2242.15,0,0,0,0,9999.0,3.01,1,1,0,2,0,0
1278.82,0,0,0,0,9999.0,1.35,1,1,0,1,0,0
25330.88,1,0,0,1,8.0,4.04,1,1,0,1,1,1
106.24,0,0,0,0,9999.0,1.55,1,0,0,0,1,0
457.76,0,0,0,0,9999.0,2.56,1,1,0,2,0,0
1313.08,0,1,0,0,9999.0,2.07,1,0,0,0,0,0
89.33,0,0,0,0,9999.0,1.35,1,0,0,0,0,0
1871.96,0,0,0,0,9999.0,2.09,1,0,0,0,0,0
859.67,0,0,0,0,9999.0,2.42,1,0,0,2,0,0
37.24,0,0,0,0,9999.0,2.95,1,0,0,0,1,0
41020.49,0,0,0,0,22.4,3.09,1,1,0,0,0,1
69.32,0,0,0,0,9999.0,2.47,1,0,0,0,0,0
106.92,0,0,0,0,9999.0,2.48,1,1,0,0,0,0
45.84,0,0,0,0,9999.0,1.76,1,0,0,0,0,0
20.74,0,0,0,0,9999.0,3.02,1,1,0,1,0,0
625.49,0,0,0,0,9999.0,2.95,1,1,0,0,0,0
2167.1,0,0,0,0,9999.0,1.6,1,0,0,0,0,0
14.08,0,0,0,0,9999.0,2.25,1,0,0,0,0,0
71.69,0,0,0,1,951.9999073735884,1.43,1,0,0,0,0,0
1975.91,1,0,0,1,11.6,3.29,1,1,0,0,0,1
5826.26,0,0,0,1,5.6,3.74,0,1,0,0,1,1
3159.98,1,0,0,1,9.9,3.87,1,1,0,1,0,1
90.81,0,0,0,0,9999.0,1.81,1,0,0,0,0,0
820.55,0,0,0,1,1130.8581875024424,2.1,1,0,0,1,1,0
785.15,0,0,0,0,9999.0,2.09,1,0,0,0,0,0
128.55,0,0,0,0,9999.0,2.03,1,0,0,0,0,0
145.3,0,0,0,0,9999.0,2.22,1,0,0,0,1,0
31973.86,0,0,0,0,9999.0,1.64,1,0,0,1,1,0
823.01,0,0,0,0,9999.0,2.98,1,0,0,0,0,0
37137.19,1,1,0,1,13.5,4.79,1,0,0,0,1,1
2984.16,0,0,0,0,9999.0,2.42,1,0,0,0,0,0
15.41,1,0,0,0,9999.0,1.41,1,0,0,0,0,0
108.06,0,0,0,0,9999.0,1.39,1,0,0,0,0,0
30.12,0,0,0,0,9999.0,2.97,1,0,0,0,0,0
15.89,0,0,0,0,9999.0,1.51,1,1,0,0,0,0
36843.62,0,0,0,0,9999.0,2.33,1,1,0,0,1,0
79001.45,0,0,0,1,32.8,3.48,0,1,0,2,0,1
3730.05,1,0,0,0,13.4,4.36,0,0,0,0,0,1
452.1,0,0,0,0,9999.0,1.97,1,1,0,0,0,0
125.02,0,0,0,0,9999.0,2.89,1,0,0,0,0,0
1375.99,0,0,0,0,9999.0,1.22,1,1,0,0,0,0
2691.45,1,0,0,0,9999.0,2.07,1,1,0,0,1,0
52.56,0,0,0,0,9999.0,3.01,1,0,0,0,0,0
1616.58,0,0,0,0,9999.0,1.34,1,1,0,0,0,0
153570.88,1,0,0,1,22.8,2.94,1,1,0,1,0,1
25000.0,1,0,0,1,0.6,4.76,0,0,1,1,1,1
764.62,0,0,0,0,9999.0,2.87,1,0,0,0,1,0
64.76,0,0,0,0,9999.0,3.02,1,0,0,0,0,0
1926.58,0,0,0,0,9999.0,2.51,1,0,0,2,0,0
20.62,0,0,0,0,9999.0,1.97,1,0,0,0,1,0
91.55,0,0,0,0,9999.0,1.48,1,1,0,0,0,0
13.72,0,0,0,0,9999.0,2.55,1,0,0,0,0,0
917.76,0,0,0,0,9999.0,2.8,1,0,0,0,0,0
35179.35,0,0,0,0,9999.0,2.77,1,1,0,0,0,0
1863.61,0,0,0,0,9999.0,3.02,1,1,0,0,0,0
117.97,0,0,0,0,9999.0,2.69,1,0,0,1,0,0
54.36,1,0,0,0,9999.0,2.0,1,0,0,0,0,0
1411.95,0,0,0,0,9999.0,2.86,1,0,0,1,0,0
16.17,0,0,0,0,9999.0,2.54,1,0,0,0,0,0
450.72,1,0,0,1,1046.6795100371844,1.62,1,0,0,2,0,0
4627.58,1,0,0,1,8.8,4.43,0,1,0,1,1,1
8000.0,0,0,0,1,18.2,4.69,1,1,0,0,0,1
1992.73,0,0,0,0,9999.0,2.99,1,1,0,1,0,0
128.15,0,0,0,0,9999.0,1.4,1,0,0,0,1,0
2216.11,0,0,0,0,9999.0,2.77,1,1,0,0,0,0
36.45,0,0,0,0,9999.0,2.85,1,0,0,0,0,0
2944.89,0,0,0,0,9999.0,2.58,1,0,0,0,0,0
37.13,0,0,0,0,9999.0,2.41,1,0,0,0,0,0
2308.06,0,0,0,0,9999.0,2.99,1,0,0,0,0,0
1344.24,0,0,0,0,9999.0,1.69,1,0,0,0,0,0
1162.52,0,0,0,0,9999.0,2.9,1,0,0,1,0,0
1475.64,0,0,0,0,9999.0,2.93,1,1,0,0,0,0
43308.01,1,1,1,1,3.2,3.48,1,1,0,1,1,1
1149.14,0,0,0,0,9999.0,2.89,1,0,0,0,0,0
1614.94,0,0,0,0,9999.0,1.61,1,0,0,2,0,0
17749.71,0,0,0,0,9999.0,1.23,1,0,0,1,0,0
2316.26,0,0,0,0,9999.0,2.07,1,0,0,0,0,0
21.52,0,0,0,0,9999.0,1.9,1,1,0,1,0,0
1199.13,0,0,0,0,9999.0,3.05,1,1,0,0,0,0
118.56,0,0,0,0,9999.0,1.65,1,0,0,0,0,0
26386.54,0,0,0,0,9999.0,2.27,1,1,0,0,0,0
35607.84,0,0,0,0,9999.0,2.52,1,0,0,1,0,0
93.96,0,0,0,0,9999.0,2.2,1,0,0,0,0,0
25.36,0,0,0,0,9999.0,2.16,1,0,0,0,0,0
51.74,0,0,0,0,9999.0,2.9,1,1,0,2,1,0
1173.04,0,0,0,1,1115.6810678903394,2.05,1,0,0,0,0,0
1490.58,0,0,0,0,9999.0,2.83,1,1,0,0,0,0
2349.24,0,0,0,0,9999.0,1.63,1,0,0,0,0,0
1500.0,0,0,0,1,24.0,3.68,1,1,0,2,1,1
2831.86,0,0,0,0,9999.0,1.72,1,0,0,0,0,0
1602.21,0,0,0,0,9999.0,1.57,1,0,0,0,1,0
116.91,0,0,0,0,9999.0,1.65,1,0,0,0,1,0
148.82,0,0,0,0,9999.0,2.72,1,0,0,1,0,0
90.85,0,0,0,0,9999.0,1.79,1,0,0,0,0,0
18.72,0,0,0,0,9999.0,2.06,1,0,0,0,0,0
2718.84,0,0,0,1,431.0420526258271,2.96,1,1,0,0,0,0
2449.18,0,0,0,0,9999.0,2.14,1,0,0,0,1,0
147.17,1,0,0,0,9999.0,2.95,1,0,0,0,0,0
1619.79,1,0,0,0,9999.0,1.26,1,0,0,2,0,0
291.68,0,0,0,0,9999.0,2.34,1,1,0,0,0,0
936.39,0,0,0,0,9999.0,2.81,1,0,0,0,1,0
37981.6,1,0,0,1,24.5,3.58,0,1,0,1,1,1
100.35,1,0,0,0,9999.0,1.65,1,0,0,0,0,0
1474.29,0,0,0,0,9999.0,3.09,1,0,0,0,0,0
2131.71,0,0,0,0,9999.0,1.35,1,1,0,0,0,0
2162.76,0,0,0,1,97.82739689397508,1.77,1,0,0,1,0,0
2770.34,0,0,0,0,9999.0,2.82,1,0,0,0,0,0
1140.16,0,0,0,0,9999.0,2.45,1,0,0,1,0,0
1652.03,0,0,0,0,9999.0,2.1,1,0,0,0,0,0
1452.92,0,0,0,0,9999.0,1.59,1,0,0,0,1,0
1909.15,0,0,0,0,9999.0,2.14,1,0,0,1,0,0
3000.0,0,0,0,1,18.4,3.75,1,1,0,1,0,1
2008.29,0,0,0,0,9999.0,1.68,1,0,0,0,0,0
146.96,0,0,0,0,9999.0,1.2,1,1,0,0,0,0
1738.86,0,0,0,0,9999.0,2.82,1,0,0,0,0,0
2632.37,0,0,0,0,9999.0,2.31,1,0,0,0,0,0
43.25,0,0,0,0,9999.0,3.1,1,1,0,1,0,0
55.63,0,0,0,0,9999.0,2.61,1,0,0,1,0,0
70.11,0,0,0,0,9999.0,2.47,1,0,0,0,0,0
1185.58,0,0,0,0,9999.0,2.07,1,0,0,0,0,0
85.81,0,0,0,0,9999.0,1.78,1,0,0,0,0,0
1427.64,1,0,0,1,8.3,3.09,0,1,0,2,1,1
99.26,0,0,0,0,9999.0,1.46,1,0,0,0,0,0
30.87,0,0,0,0,9999.0,2.03,1,1,0,0,0,0
1136.74,0,0,0,0,9999.0,2.68,1,0,0,0,0,0
150789.81,1,1,0,1,27.2,3.97,1,1,0,2,1,1
1381.77,1,0,0,0,9999.0,1.24,1,1,0,0,0,0
97.84,0,0,0,0,9999.0,2.29,1,0,0,0,0,0
145.27,0,0,0,0,9999.0,1.41,1,0,0,1,0,0
85.59,0,0,0,0,9999.0,1.32,1,0,0,1,0,0
104.02,0,0,0,0,9999.0,2.79,1,1,0,0,0,0
1739.39,0,0,0,0,9999.0,1.52,1,0,0,1,0,0
69.01,0,0,0,0,9999.0,2.09,1,1,0,1,0,0
78.09,0,0,0,0,9999.0,1.25,1,0,0,0,1,0
1385.78,0,0,0,0,9999.0,2.48,1,0,0,0,0,0
673.88,0,0,0,0,9999.0,1.75,1,1,0,1,0,0
476.38,0,0,0,0,9999.0,2.78,1,0,0,0,0,0
83.84,0,0,0,0,9999.0,2.05,1,0,0,1,1,0
140.97,0,0,0,0,9999.0,2.57,1,0,0,1,0,0
35985.79,1,1,0,0,33.0,4.72,1,1,0,0,1,1
70.17,0,0,0,0,9999.0,1.63,1,0,0,0,0,0
34773.8,1,0,0,0,9999.0,1.42,1,0,0,0,1,0
573.56,1,0,0,0,9999.0,2.73,1,0,0,1,0,0
644.48,0,0,0,0,9999.0,2.17,1,0,0,0,0,0
51.36,0,0,0,0,9999.0,1.91,1,1,0,0,0,0
1075.42,0,0,0,0,9999.0,2.69,1,0,0,0,0,0
60.2,0,0,0,0,9999.0,2.89,1,1,0,0,0,0
1500.0,1,0,0,1,44.3,3.69,1,1,0,0,0,1
1642.14,0,0,0,0,9999.0,1.88,1,0,0,0,0,0
1201.24,0,0,0,0,9999.0,2.32,1,0,0,0,0,0
25000.0,1,0,0,1,0.8,4.55,1,1,1,1,0,1
642.73,0,0,0,0,9999.0,2.65,1,0,0,0,0,0
3000.0,1,0,0,1,33.3,3.7,1,1,0,0,1,1
998.02,0,0,0,0,9999.0,1.94,1,1,0,0,0,0
21827.94,1,0,1,1,16.5,4.51,1,1,0,2,1,1
1647.33,0,0,0,0,9999.0,2.66,1,0,0,0,0,0
15000.0,0,0,0,1,2.8,3.1,1,1,1,2,0,1
88.36,1,0,0,0,9999.0,1.3,1,0,0,0,0,0
133.25,0,0,0,0,9999.0,1.98,1,1,0,0,0,0
90.93,0,0,0,0,9999.0,1.76,1,0,0,1,1,0
39.55,0,0,0,0,9999.0,2.37,1,0,0,0,1,0
1430.75,0,0,0,0,9999.0,1.96,1,0,0,0,1,0
2151.8,0,0,0,0,9999.0,1.89,1,1,0,1,0,0
9999.0,0,0,0,1,7.5,3.71,1,1,1,2,0,1
2097.71,0,0,0,1,683.2146507088592,1.5,1,0,0,1,0,0
31.88,0,0,0,0,9999.0,2.6,1,0,0,0,0,0
1566.81,0,0,0,1,14.9,2.83,1,1,0,1,0,1
153418.97,1,0,0,1,30.7,4.2,0,1,0,1,0,1
5000.0,1,0,0,1,4.7,3.7,1,0,1,2,1,1
1315.81,0,0,0,0,9999.0,2.27,1,0,0,0,0,0
154083.24,1,1,0,1,25.9,3.2,1,1,0,1,1,1
9999.0,1,0,0,1,7.4,3.82,0,0,1,2,1,1
1267.85,0,0,0,0,9999.0,1.5,1,0,0,0,0,0
1885.95,0,0,0,0,9999.0,1.75,1,0,0,1,0,0
78324.38,1,1,0,1,24.4,4.74,0,1,0,2,1,1
996.66,0,0,0,0,9999.0,1.87,1,0,0,1,0,0
116.27,0,0,0,0,9999.0,2.8,1,1,0,0,0,0
109.92,0,0,0,0,9999.0,2.58,1,0,0,0,0,0
23.0,0,0,0,0,9999.0,2.45,1,1,0,0,0,0
135.6,0,0,0,0,9999.0,2.85,1,0,0,1,1,0
80.73,0,0,0,0,9999.0,2.09,1,0,0,0,0,0
78220.21,1,1,0,1,30.0,3.71,0,1,0,1,0,1
68.99,0,0,0,0,9999.0,1.65,1,0,0,0,0,0
27.43,0,0,0,0,9999.0,2.01,1,0,0,0,0,0
2990.61,0,0,0,0,9999.0,1.4,1,0,0,0,0,0
102.11,0,0,0,0,9999.0,1.6,1,0,0,0,0,0
38816.18,1,1,0,1,13.3,4.74,1,1,0,2,0,1
1381.31,0,0,0,0,9999.0,2.07,1,0,0,0,0,0
99.3,0,0,0,0,9999.0,1.38,1,0,0,1,0,0
88.75,0,0,0,0,9999.0,1.86,1,1,0,0,0,0
94.82,1,0,0,0,9999.0,3.03,1,0,0,0,0,0
55.6,0,0,0,0,9999.0,1.8,1,0,0,0,0,0
2290.47,0,0,0,1,1009.6084768274906,2.43,1,1,0,0,0,0
125.84,0,0,0,0,9999.0,1.96,1,0,0,0,0,0
2301.68,0,0,0,0,9999.0,2.66,1,0,0,0,0,0
34.96,0,0,0,0,9999.0,1.35,1,0,0,0,0,0
627.56,0,0,0,0,9999.0,1.4,1,0,0,0,0,0
2421.29,0,0,0,0,9999.0,2.43,1,0,0,1,0,0
2364.16,0,0,0,0,9999.0,2.25,1,1,0,0,0,0
2350.55,0,0,0,0,9999.0,2.42,1,0,0,0,0,0
44777.26,0,0,0,0,9999.0,2.02,1,0,0,2,0,0
93.48,0,0,0,0,9999.0,1.63,1,0,0,0,0,0
3000.0,0,0,0,1,31.8,3.31,0,1,0,2,0,1
964.26,0,0,0,0,9999.0,1.84,1,0,0,0,0,0
86.98,0,0,0,0,9999.0,2.6,1,0,0,1,0,0
100.12,1,0,0,0,9999.0,2.1,1,0,0,0,1,0
68.28,0,0,0,0,9999.0,2.84,1,1,0,0,1,0
57.36,0,0,0,0,9999.0,2.49,1,1,0,0,0,0
1158.73,0,0,0,0,9999.0,1.52,1,0,0,0,0,0
1313.73,0,0,0,0,9999.0,2.89,1,1,0,1,0,0
138.28,0,0,0,0,9999.0,1.57,1,0,0,0,0,0
2500.0,1,0,0,0,3.8,4.25,1,1,1,2,0,1
8000.0,0,0,0,1,25.7,3.81,0,0,0,0,0,1
2500.0,0,0,0,0,3.7,3.8,0,1,1,0,1,1
25000.0,1,0,0,0,1.4,4.28,0,1,1,0,1,1
1454.04,0,0,0,0,9999.0,1.6,1,1,0,0,0,0
749.4,0,0,0,1,708.9314747366711,2.81,1,0,0,0,0,0
2370.44,0,0,0,1,103.46962342171165,2.48,1,0,0,0,0,0
2877.27,0,0,0,0,9999.0,1.6,1,0,0,1,0,0
2811.22,0,0,0,0,9999.0,1.7,1,0,0,0,0,0
127.69,0,0,0,0,9999.0,2.1,1,0,0,0,0,0
1850.15,0,0,0,0,9999.0,2.42,1,1,0,0,0,0
780.94,0,0,0,0,9999.0,2.19,1,0,0,0,1,0
1826.39,0,0,0,0,9999.0,1.8,1,1,0,0,0,0
118.61,0,0,0,0,9999.0,2.37,1,0,0,0,0,0
5759.55,1,0,0,1,12.8,3.91,1,1,0,0,1,1
939.66,0,0,0,0,9999.0,1.94,1,1,0,0,1,0
55.31,0,0,0,0,9999.0,1.39,1,1,0,0,1,0
85.64,0,0,0,0,9999.0,2.85,1,1,0,0,0,0
608.89,0,0,0,0,9999.0,1.63,1,1,0,0,0,0
1969.39,0,0,0,0,9999.0,2.59,1,1,0,0,0,0
108.07,0,0,0,0,9999.0,1.32,1,1,0,0,1,0
107.99,0,0,0,0,9999.0,2.53,1,1,0,0,0,0
57.07,0,0,0,0,9999.0,2.89,1,0,0,0,1,0
136.17,0,0,0,0,9999.0,1.54,1,0,0,0,1,0
31443.96,1,0,0,0,9999.0,2.0,1,0,0,0,0,0
406.6,0,0,0,0,9999.0,1.57,1,0,0,0,0,0
861.67,0,0,0,1,13.1,4.47,0,0,0,2,1,1
41.31,0,0,0,0,9999.0,1.63,1,1,0,0,0,0
1779.81,0,0,0,0,9999.0,1.83,1,0,0,0,1,0
59.68,0,0,0,0,9999.0,1.23,1,1,0,0,0,0
2325.59,0,0,0,0,9999.0,3.02,1,1,0,0,0,0
1646.34,0,0,0,0,9999.0,1.88,1,0,0,0,0,0
79.65,0,0,0,0,9999.0,2.62,1,0,0,0,1,0
1400.91,0,0,0,0,9999.0,2.62,1,0,0,1,0,0
81.43,0,0,0,0,9999.0,1.88,1,0,0,1,0,0
73.87,0,0,0,0,9999.0,1.65,1,1,0,0,0,0
102.3,0,0,0,0,9999.0,1.51,1,1,0,0,0,0
81.87,0,0,0,0,9999.0,2.75,1,0,0,0,0,0
145.58,0,0,0,0,9999.0,2.19,1,0,0,1,0,0
2412.31,0,0,0,0,9999.0,1.29,1,1,0,0,0,0
1500.0,0,0,0,1,17.8,3.96,1,1,0,2,1,1
51.34,0,0,0,0,9999.0,2.59,1,0,0,0,0,0
27.45,0,0,0,0,9999.0,2.5,1,0,0,0,1,0
25000.0,0,0,0,1,7.4,4.47,1,1,1,0,0,1
146.25,0,0,0,0,9999.0,1.48,1,0,0,0,0,0
18746.84,0,1,0,1,23.3,3.95,0,1,0,1,0,1
14.97,0,0,0,0,9999.0,1.79,1,0,0,0,0,0
1728.76,0,0,0,0,9999.0,1.44,1,1,0,0,0,0
125.54,0,0,0,0,9999.0,1.56,1,1,0,0,0,0
2863.78,0,0,0,0,9999.0,2.06,1,0,0,0,1,0
2075.05,0,0,0,0,9999.0,2.91,1,1,0,0,0,0
268.62,0,0,0,0,9999.0,1.37,1,0,0,0,0,0
1780.49,0,0,0,0,9999.0,1.44,1,1,0,0,1,0
1515.33,0,0,0,0,9999.0,2.73,1,0,0,1,0,0
1241.37,0,0,0,0,9999.0,1.72,1,0,0,0,1,0
1546.51,0,0,0,0,9999.0,1.41,1,0,0,0,0,0
762.94,0,0,0,0,9999.0,2.68,1,0,0,0,0,0
82.54,0,0,0,0,9999.0,2.57,1,1,0,2,0,0
34.35,0,0,0,0,9999.0,3.09,1,0,0,0,0,0
152364.48,1,1,0,1,9.8,3.22,0,1,0,2,1,1
1509.54,0,0,0,0,9999.0,2.34,1,1,0,0,0,0
20169.34,1,1,0,1,14.0,4.43,1,0,0,0,0,1
25.17,0,0,0,0,9999.0,2.71,1,0,0,0,0,0
20.99,0,0,0,0,9999.0,2.6,1,0,0,0,0,0
21341.37,0,1,0,1,12.4,3.83,0,1,0,1,0,1
2500.0,0,0,0,1,0.8,4.72,1,1,1,1,1,1
1634.65,0,0,0,0,9999.0,2.63,1,0,0,0,0,0
42255.58,0,0,0,0,9999.0,1.79,1,1,0,1,0,0
612.14,0,0,0,0,9999.0,2.51,1,0,0,0,0,0
560.49,0,0,0,0,9999.0,2.55,1,0,0,1,0,0
1995.64,0,0,0,0,9999.0,1.77,1,1,0,0,0,0
77.94,0,0,0,0,9999.0,1.63,1,0,0,0,0,0
106.39,0,0,0,0,9999.0,1.55,1,1,0,0,1,0
112.67,0,0,0,0,9999.0,1.88,1,0,0,0,1,0
93.8,0,0,0,0,9999.0,1.69,1,1,0,1,0,0
34351.57,1,1,0,1,12.1,3.12,1,1,0,1,0,1
1283.43,0,0,0,0,9999.0,2.05,1,0,0,0,0,0
1162.38,0,0,0,0,9999.0,1.64,1,0,0,0,0,0
1625.93,1,0,0,0,9999.0,1.69,1,0,0,0,1,0
1647.79,0,0,0,0,9999.0,1.75,1,0,0,1,0,0
2108.13,0,0,0,0,9999.0,1.89,1,1,0,1,0,0
23.33,1,0,0,0,9999.0,2.3,1,1,0,2,0,0
2465.82,0,0,0,0,9999.0,1.89,1,0,0,0,1,0
2860.93,0,0,0,0,9999.0,2.21,1,1,0,0,0,0
25000.0,1,0,0,1,2.3,2.87,0,1,1,1,1,1
1491.32,0,0,0,0,9999.0,2.72,1,1,0,1,0,0
29.96,0,0,0,1,1000.1955804338209,1.21,1,0,0,0,0,0
36.82,0,0,0,0,9999.0,1.33,1,0,0,0,0,0
61.04,0,0,0,0,9999.0,2.36,1,0,0,0,0,0
21.82,0,0,0,0,9999.0,1.47,1,0,0,0,0,0
9999.0,1,0,0,1,3.7,2.83,1,1,1,0,1,1
143.02,0,0,0,0,9999.0,2.35,1,1,0,2,0,0
117.81,0,0,0,0,9999.0,2.02,1,1,0,0,0,0
2040.12,0,0,0,1,466.878092125694,2.64,1,0,0,1,0,0
96.2,0,0,0,0,9999.0,2.96,1,1,0,0,1,0
1969.96,0,0,0,0,9999.0,1.38,1,0,0,0,0,0
5000.0,1,0,0,1,1.3,3.31,0,1,1,2,1,1
15.52,0,0,0,0,9999.0,3.08,1,0,0,0,1,0
30632.78,1,0,0,0,9999.0,2.97,1,1,0,1,0,0
1249.88,0,0,0,0,9999.0,2.04,1,1,0,0,0,0
2191.16,1,0,0,0,9999.0,1.24,1,0,0,0,0,0
1823.32,0,0,0,0,9999.0,3.01,1,0,0,0,0,0
14.67,0,0,0,0,9999.0,1.24,1,0,0,0,0,0
15000.0,1,0,0,1,2.7,4.18,0,1,1,1,1,1
1528.63,0,0,0,0,9999.0,2.82,1,1,0,0,0,0
1713.41,0,0,0,0,9999.0,2.71,1,1,0,0,0,0
3000.0,0,0,0,1,4.3,4.19,1,1,0,2,0,1
2144.34,0,0,0,0,9999.0,3.06,1,0,0,0,0,0
322.24,0,0,0,0,9999.0,2.68,1,1,0,1,1,0
109.53,0,0,0,0,9999.0,1.84,1,1,0,0,1,0
112.56,0,0,0,1,1432.7538414283956,2.56,1,0,0,0,0,0
22148.66,1,1,0,1,17.9,4.76,0,1,0,2,1,1
120.81,0,0,0,0,9999.0,1.89,1,0,0,0,0,0
40.77,1,0,0,0,9999.0,1.76,1,0,0,1,0,0
133.12,0,0,0,0,9999.0,2.07,1,0,0,0,0,0
121.38,0,0,0,1,388.4790210237504,2.18,1,0,0,1,1,0
2112.31,0,0,0,0,9999.0,2.81,1,1,0,0,1,0
3240.34,1,0,0,1,8.5,4.17,1,1,0,1,0,1
1712.76,0,0,0,0,9999.0,2.26,1,0,0,0,0,0
2201.2,0,0,0,0,9999.0,1.29,1,1,0,1,0,0
16.6,0,0,0,0,9999.0,2.8,1,1,0,0,0,0
10.79,0,0,0,0,9999.0,1.81,1,0,0,2,1,0
674.24,0,0,0,0,9999.0,1.22,1,0,0,2,0,0
17.63,0,0,0,0,9999.0,1.7,1,0,0,0,0,0
139.61,0,0,0,0,9999.0,2.41,1,1,0,0,0,0
39999.47,1,0,0,0,21.8,2.99,1,1,0,0,0,1
968.56,0,0,0,0,9999.0,2.6,1,0,0,0,1,0
130.77,0,0,0,0,9999.0,1.79,1,1,0,0,0,0
1755.64,0,0,0,0,9999.0,1.84,1,1,0,0,0,0
43448.17,1,1,0,1,9.1,3.48,1,1,0,2,1,1
122.61,1,0,0,0,9999.0,1.51,1,0,0,0,1,0
2021.77,0,0,0,0,9999.0,2.95,1,0,0,0,1,0
4458.52,1,1,0,1,5.7,3.91,0,1,0,0,1,1
67.89,0,0,0,0,9999.0,2.54,1,0,0,0,0,0
1936.57,0,0,0,1,1162.9134588719762,2.41,1,0,0,0,1,0
2364.31,0,0,0,0,9999.0,2.15,1,0,0,0,0,0
34.53,0,0,0,0,9999.0,1.42,1,0,0,0,1,0
123.71,1,0,0,0,9999.0,2.7,1,1,0,0,0,0
320.47,0,0,0,0,9999.0,2.64,1,0,0,0,0,0
13785.06,0,1,0,1,17.1,3.84,0,1,0,2,0,1
1334.87,0,0,0,0,9999.0,2.51,1,1,0,0,0,0
1939.95,0,0,0,0,9999.0,2.53,1,0,0,0,1,0
110.95,0,0,0,0,9999.0,2.88,1,1,0,0,0,0
62.68,0,0,0,0,9999.0,2.01,1,0,0,0,0,0
1307.35,0,0,0,0,9999.0,2.6,1,0,0,0,0,0
102.26,0,0,0,0,9999.0,1.29,1,0,0,0,0,0
101.17,1,0,0,0,9999.0,1.58,1,0,0,0,0,0
1409.02,0,0,0,0,9999.0,2.6,1,0,0,1,0,0
44172.61,1,1,0,0,23.3,3.51,0,1,0,0,0,1
616.52,0,0,0,0,9999.0,2.75,1,1,0,0,1,0
754.49,0,0,0,0,9999.0,2.91,1,0,0,0,0,0
1804.23,0,0,0,0,9999.0,2.8,1,0,0,0,0,0
87.7,0,0,0,0,9999.0,1.44,1,0,0,0,0,0
35163.2,0,1,0,1,13.9,3.08,1,0,0,1,0,1
529.24,0,0,0,0,9999.0,2.0,1,1,0,1,0,0
51.5,0,0,0,0,9999.0,2.91,1,0,0,0,0,0
2544.2,0,0,0,0,9999.0,1.26,1,0,0,0,0,0
109.8,0,0,0,0,9999.0,2.06,1,0,0,0,0,0
25000.0,1,0,0,1,11.7,2.87,1,1,0,0,0,1
2880.87,0,0,0,0,9999.0,1.47,1,0,0,0,0,0
2886.94,0,0,0,0,9999.0,1.82,1,0,0,1,1,0
57.03,0,0,0,1,480.9216790385706,1.31,1,1,0,1,0,0
16707.69,1,0,0,1,8.5,3.77,1,1,0,1,1,1
11.71,0,0,0,0,9999.0,2.49,1,1,0,1,0,0
29.44,1,0,0,0,9999.0,1.3,1,0,0,0,0,0
1449.43,0,0,0,0,9999.0,3.06,1,1,0,0,0,0
1820.2,0,0,0,1,796.5819736492818,1.61,1,0,0,0,0,0
76.91,0,0,0,0,9999.0,2.46,1,1,0,1,0,0
1432.96,0,0,0,0,9999.0,1.83,1,1,0,0,0,0
412.66,0,0,0,0,9999.0,2.31,1,0,0,0,0,0
1500.0,0,0,0,1,38.3,3.82,1,1,0,0,1,1
9999.0,1,0,0,0,3.6,3.97,0,1,1,2,0,1
1073.55,0,0,0,0,9999.0,2.69,1,0,0,2,0,0
1046.89,0,0,0,0,9999.0,2.06,1,0,0,0,0,0
2166.2,1,0,0,0,9999.0,2.95,1,0,0,0,1,0
2987.84,0,0,0,0,9999.0,2.52,1,1,0,0,0,0
18.7,0,0,0,0,9999.0,2.65,1,0,0,0,0,0
516.43,0,0,0,0,9999.0,1.94,1,1,0,0,0,0
19.18,0,0,0,0,9999.0,3.05,1,0,0,0,0,0
121.0,0,0,0,0,9999.0,3.04,1,0,0,0,0,0
2005.07,0,0,0,0,9999.0,2.43,1,0,0,0,0,0
82.57,0,0,0,0,9999.0,2.64,1,1,0,1,0,0
94.12,0,0,0,0,9999.0,1.29,1,0,0,0,1,0
2792.23,1,0,0,0,9999.0,1.98,1,0,0,1,0,0
1373.18,0,0,0,0,9999.0,2.48,1,1,0,2,0,0
594.98,0,0,0,0,9999.0,2.13,1,0,0,0,0,0
72.53,0,0,0,0,9999.0,2.06,1,0,0,0,0,0
95.77,0,0,0,0,9999.0,1.36,1,0,0,1,0,0
634.31,0,0,0,0,9999.0,2.66,1,0,0,0,1,0
148.12,0,0,0,0,9999.0,1.33,1,0,0,0,0,0
30328.09,0,1,1,1,10.4,3.05,0,1,0,2,0,1
1892.23,0,0,0,0,9999.0,1.3,1,1,0,1,0,0
2413.61,0,0,0,0,9999.0,1.71,1,1,0,0,1,0
2040.25,0,0,0,1,681.6327022201544,2.46,1,0,0,0,0,0
11.46,0,0,0,0,9999.0,2.57,1,0,0,0,1,0
2812.47,0,0,0,0,9999.0,1.76,1,0,0,0,0,0
676.07,0,0,0,0,9999.0,2.91,1,1,0,0,0,0
299.57,0,0,0,0,9999.0,1.51,1,1,0,0,0,0
1906.44,0,0,0,0,9999.0,1.27,1,0,0,0,0,0
25000.0,0,0,0,1,23.9,4.77,0,1,0,0,0,1
56.46,0,0,0,0,9999.0,1.85,1,0,0,0,0,0
938.13,0,0,0,0,9999.0,1.53,1,1,0,0,0,0
20.0,0,0,0,0,9999.0,2.99,1,1,0,0,0,0
141.4,0,0,0,0,9999.0,2.71,1,0,0,0,0,0
55.13,0,0,0,0,9999.0,1.95,1,0,0,0,0,0
2110.12,0,0,0,0,9999.0,2.17,1,0,0,0,0,0
17.13,0,0,0,1,1188.7337354320437,3.02,1,0,0,0,1,0
2470.31,0,0,0,0,9999.0,1.78,1,1,0,0,0,0
1737.37,0,0,0,0,9999.0,1.49,1,0,0,0,1,0
990.7,0,0,0,0,9999.0,2.41,1,0,0,0,0,0
1371.85,0,0,0,0,9999.0,2.43,1,0,0,0,0,0
2758.28,0,0,0,0,9999.0,2.07,1,1,0,0,0,0
836.11,0,0,0,0,9999.0,2.54,1,1,0,0,0,0
2307.03,0,0,0,0,9999.0,1.89,1,0,0,0,0,0
2128.39,0,0,0,0,9999.0,2.9,1,0,0,0,0,0
2930.45,0,0,0,0,9999.0,2.78,1,0,0,0,1,0
1928.15,0,0,0,0,9999.0,2.03,1,0,0,1,0,0
2465.78,1,0,0,0,9999.0,1.23,1,0,0,0,0,0
2717.7,0,0,0,0,9999.0,1.23,1,0,0,0,0,0
92.28,0,0,0,0,9999.0,1.24,1,0,0,0,0,0
979.96,0,0,0,0,9999.0,1.46,1,0,0,0,0,0
35809.01,0,0,0,1,408.35336697870446,3.0,1,0,0,0,1,0
54.46,0,0,0,0,9999.0,3.02,1,1,0,1,1,0
201.94,0,0,0,0,9999.0,2.69,1,1,0,0,0,0
91.48,0,0,0,0,9999.0,1.62,1,0,0,2,0,0
45.71,0,0,0,0,9999.0,1.46,1,1,0,2,0,0
104.34,0,0,0,1,222.13363593663985,2.91,1,0,0,1,0,0
137.93,0,0,0,0,9999.0,2.14,1,0,0,0,0,0
27760.16,0,0,0,1,131.5173533114217,1.48,1,0,0,0,0,0
91.93,0,0,0,0,9999.0,1.59,1,0,0,1,0,0
88.88,0,0,0,1,1335.9120193203855,1.99,1,0,0,0,0,0
2679.15,0,0,0,0,9999.0,2.64,1,0,0,0,0,0
121.59,0,0,0,0,9999.0,1.89,1,1,0,0,1,0
126.02,0,0,0,0,9999.0,2.37,1,1,0,0,0,0
98.01,0,0,0,0,9999.0,1.7,1,0,0,0,0,0
34726.79,0,0,0,0,9999.0,2.84,1,0,0,1,1,0
28987.06,0,0,0,0,9999.0,2.82,1,1,0,1,0,0
20.83,0,0,0,0,9999.0,2.73,1,0,0,0,1,0
145.9,0,0,0,0,9999.0,2.48,1,1,0,0,0,0
22807.91,0,0,0,0,9999.0,2.57,1,0,0,0,0,0
2524.71,0,0,0,0,9999.0,1.51,1,0,0,0,0,0
53.66,0,0,0,0,9999.0,2.55,1,0,0,0,0,0
113.95,0,0,0,1,1194.599004058082,2.18,1,0,0,0,0,0
1880.21,0,0,0,1,961.4431629404648,1.25,1,1,0,1,1,0
1687.18,0,0,0,0,9999.0,1.28,1,0,0,0,1,0
9999.0,1,0,0,1,5.3,4.57,0,1,1,1,1,1
2447.0,0,0,0,0,9999.0,2.72,1,0,0,0,0,0
77.45,0,0,0,0,9999.0,2.3,1,0,0,1,0,0
143.33,0,0,0,0,9999.0,2.83,1,0,0,0,0,0
144.49,0,0,0,0,9999.0,2.96,1,0,0,0,0,0
121.9,0,0,0,0,9999.0,2.91,1,0,0,0,0,0
80.41,0,0,0,0,9999.0,2.24,1,0,0,0,0,0
8000.0,0,0,0,1,34.6,3.92,0,1,0,1,0,1
2195.25,0,0,0,0,9999.0,2.83,1,0,0,0,0,0
320.31,0,0,0,0,9999.0,2.95,1,0,0,0,0,0
69.26,0,0,0,0,9999.0,1.21,1,0,0,1,0,0
2786.57,0,0,0,0,9999.0,1.32,1,1,0,0,0,0
2254.4,0,0,0,0,9999.0,3.0,1,0,0,0,0,0
13537.64,0,0,0,0,9999.0,2.87,1,0,0,0,0,0
10.22,0,0,0,0,9999.0,2.22,1,0,0,2,0,0
732.43,0,0,0,0,9999.0,1.22,1,1,0,1,1,0
100.09,0,0,0,0,9999.0,1.35,1,0,0,0,0,0
2153.23,0,0,0,0,9999.0,1.68,1,0,0,0,1,0
25000.0,1,0,0,1,15.1,3.71,1,1,0,1,0,1
1115.68,0,0,0,0,9999.0,1.99,1,0,0,1,0,0
2327.62,1,0,0,0,9999.0,1.84,1,1,0,0,0,0
2125.88,1,0,0,0,9999.0,2.33,1,0,0,0,0,0
1081.17,0,0,0,0,9999.0,1.64,1,1,0,0,0,0
207.44,0,0,0,0,9999.0,2.86,1,0,0,2,1,0
73.02,0,0,0,0,9999.0,2.25,1,0,0,0,0,0
650.34,0,0,0,0,9999.0,3.03,1,0,0,0,0,0
8000.0,0,0,0,1,22.8,3.99,1,1,0,1,1,1
114.67,0,0,0,0,9999.0,2.19,1,0,0,0,0,0
79.43,0,0,0,0,9999.0,2.02,1,0,0,0,0,0
38917.93,1,1,0,1,28.5,4.31,1,1,0,0,0,1
67.41,0,0,0,0,9999.0,1.41,1,1,0,0,0,0
1186.9,0,0,0,0,9999.0,1.79,1,1,0,0,0,0
113.66,0,0,0,0,9999.0,2.91,1,0,0,0,0,0
2473.32,0,0,0,0,9999.0,2.24,1,0,0,0,0,0
142.35,0,0,0,0,9999.0,2.24,1,1,0,0,1,0
1656.86,0,0,0,0,9999.0,2.52,1,0,0,0,0,0
42446.13,0,0,0,0,9999.0,1.68,1,0,0,2,0,0
14553.47,0,0,0,0,9999.0,1.58,1,0,0,0,0,0
120.5,0,0,0,0,9999.0,1.73,1,0,0,0,0,0
131.16,0,0,0,0,9999.0,1.69,1,0,0,0,1,0
38901.14,1,0,0,1,12.7,2.93,1,1,0,1,1,1
2390.88,0,0,0,0,9999.0,1.34,1,1,0,0,0,0
100.19,0,0,0,0,9999.0,1.33,1,0,0,0,0,0
9999.0,1,0,0,1,3.5,4.01,0,1,1,0,1,1
112.84,0,0,0,0,9999.0,2.99,1,0,0,0,0,0
1561.13,0,0,0,0,9999.0,2.66,1,0,0,1,0,0
10035.66,0,0,0,0,9999.0,2.98,1,0,0,0,0,0
15.95,0,0,0,0,9999.0,2.02,1,0,0,1,1,0
21248.62,1,1,0,1,20.0,4.53,0,1,0,0,1,1
148.85,0,0,0,0,9999.0,2.35,1,1,0,0,0,0
57.5,0,0,0,0,9999.0,1.83,1,0,0,0,0,0
953.8,0,0,0,0,9999.0,1.89,1,0,0,0,0,0
411.2,1,0,0,0,9999.0,2.32,1,0,0,1,1,0
77.41,0,0,0,1,544.5048271340953,2.52,1,0,0,0,0,0
40.08,0,0,0,0,9999.0,1.72,1,0,0,0,0,0
131.5,0,0,0,0,9999.0,2.21,1,0,0,0,0,0
2599.84,0,0,0,0,9999.0,1.56,1,1,0,0,0,0
54.83,0,0,0,0,9999.0,2.41,1,0,0,0,0,0
18.18,0,0,0,0,9999.0,2.75,1,0,0,1,0,0
82.72,0,0,0,0,9999.0,1.93,1,0,0,2,0,0
1473.72,0,0,0,0,9999.0,2.74,1,1,0,0,0,0
774.4,0,0,0,0,9999.0,2.89,1,0,0,2,0,0
45.71,0,0,0,0,9999.0,2.34,1,0,0,1,1,0
44.7,0,0,0,0,9999.0,2.3,1,1,0,0,0,0
69.53,0,0,0,0,9999.0,1.65,1,0,0,0,0,0
29.06,0,0,0,0,9999.0,1.78,1,0,0,1,0,0
127.44,0,0,0,0,9999.0,2.05,1,1,0,0,0,0
21244.12,0,0,0,0,9999.0,2.27,1,0,0,0,0,0
11419.2,0,0,0,0,9999.0,2.71,1,0,0,0,0,0
18898.93,0,0,0,0,9999.0,1.85,1,0,0,1,0,0
2380.91,0,0,0,0,9999.0,1.91,1,1,0,0,1,0
119.88,0,0,0,0,9999.0,1.25,1,0,0,0,0,0
763.13,0,0,0,0,9999.0,2.03,1,1,0,0,0,0
1004.15,0,0,0,0,9999.0,1.27,1,0,0,0,0,0
1956.57,0,0,0,0,9999.0,2.91,1,0,0,1,0,0
2527.91,0,0,0,1,1203.382052720083,1.31,1,1,0,0,0,0
15000.0,1,0,0,1,0.8,3.67,0,1,1,1,1,1
1102.97,0,0,0,0,9999.0,2.49,1,0,0,0,0,0
351.39,0,0,0,0,9999.0,1.34,1,0,0,0,0,0
104.3,0,0,0,0,9999.0,2.53,1,0,0,1,0,0
37.15,0,0,0,0,9999.0,2.28,1,0,0,1,0,0
94.38,0,0,0,0,9999.0,2.45,1,0,0,0,0,0
48.0,0,0,0,0,9999.0,1.59,1,0,0,0,0,0
33227.37,0,0,0,0,9999.0,1.58,1,0,0,0,0,0
109.55,0,0,0,1,559.9787802962386,2.01,1,0,0,1,1,0
55.8,0,0,0,0,9999.0,1.41,1,0,0,0,0,0
147.37,0,0,0,0,9999.0,1.28,1,1,0,0,0,0
1612.12,0,0,0,1,635.285189704053,1.84,1,0,0,0,0,0
2408.74,0,0,0,0,9999.0,1.96,1,1,0,0,0,0
128.63,0,0,0,0,9999.0,1.89,1,1,0,0,0,0
2046.41,1,0,0,0,9999.0,2.86,1,1,0,0,0,0
42.8,0,0,0,0,9999.0,1.74,1,0,0,0,1,0
125.52,0,0,0,0,9999.0,1.71,1,0,0,0,0,0
34.06,0,0,0,0,9999.0,2.8,1,1,0,0,0,0
2388.24,0,0,0,0,9999.0,1.64,1,1,0,0,0,0
594.21,0,0,0,0,9999.0,2.19,1,0,0,0,0,0
1407.95,0,0,0,0,9999.0,2.83,1,0,0,2,1,0
2850.95,0,0,0,0,9999.0,1.43,1,0,0,1,0,0
19914.08,1,0,0,1,30.7,3.34,0,1,0,1,0,1
82.83,0,0,0,0,9999.0,1.74,1,0,0,0,0,0
1543.05,0,0,0,0,9999.0,1.22,1,1,0,0,0,0
2405.41,0,0,0,0,9999.0,2.81,1,0,0,0,0,0
2536.38,0,0,0,0,9999.0,2.98,1,0,0,0,0,0
2430.37,0,0,0,0,9999.0,2.02,1,1,0,0,0,0
1362.09,1,0,0,1,1096.6270762350796,1.55,1,0,0,0,0,0
2291.29,0,0,0,0,9999.0,2.42,1,0,0,0,0,0
15.85,0,0,0,0,9999.0,1.2,1,0,0,0,0,0
2614.92,0,0,0,0,9999.0,1.32,1,1,0,0,0,0
2240.97,0,0,0,0,9999.0,2.73,1,1,0,1,0,0
148.67,0,0,0,1,1384.4829741568265,2.19,1,0,0,0,0,0
107.6,0,0,0,0,9999.0,2.64,1,1,0,0,0,0
58.06,0,0,0,0,9999.0,1.77,1,1,0,0,1,0
2122.02,0,0,0,0,9999.0,3.01,1,0,0,2,0,0
11091.54,0,0,0,0,9999.0,1.89,1,0,0,0,0,0
127.29,0,0,0,0,9999.0,2.3,1,0,0,2,0,0
124.21,0,0,0,0,9999.0,2.23,1,0,0,0,1,0
2023.58,0,0,0,0,9999.0,1.33,1,0,0,0,1,0
2130.82,0,0,0,0,9999.0,1.76,1,0,0,0,0,0
120.3,0,0,0,0,9999.0,2.94,1,0,0,1,0,0
2440.36,0,0,0,0,9999.0,2.02,1,0,0,0,0,0
50.66,0,0,0,1,1142.8458404903542,2.4,1,1,0,1,0,0
1049.74,0,0,0,0,9999.0,1.74,1,0,0,1,0,0
1773.07,0,0,0,0,9999.0,2.5,1,0,0,0,0,0
1275.02,0,0,0,0,9999.0,2.21,1,0,0,0,0,0
23.16,0,0,0,0,9999.0,1.51,1,0,0,0,0,0
1899.35,0,0,0,0,9999.0,1.58,1,0,0,0,0,0
32.64,0,0,0,1,293.6401033143451,1.65,1,0,0,0,0,0
43.41,0,0,0,0,9999.0,1.21,1,0,0,0,0,0
108.99,0,0,0,0,9999.0,2.9,1,0,0,0,0,0
2401.79,0,0,0,0,9999.0,1.98,1,0,0,2,1,0
91.81,0,0,0,0,9999.0,2.56,1,0,0,0,1,0
70.74,0,0,0,0,9999.0,1.87,1,0,0,0,0,0
145.78,0,0,0,0,9999.0,2.42,1,0,0,0,0,0
2304.39,0,0,0,0,9999.0,2.43,1,1,0,0,0,0
736.8,0,0,0,0,9999.0,1.52,1,1,0,0,0,0
743.43,0,0,0,0,9999.0,2.67,1,1,0,1,0,0
35.13,0,0,0,0,9999.0,2.57,1,0,0,0,1,0
2510.59,0,0,0,0,9999.0,2.08,1,0,0,1,0,0
148.06,0,0,0,0,9999.0,1.67,1,0,0,0,0,0
1036.04,0,0,0,0,9999.0,2.96,1,0,0,0,0,0
1020.42,0,0,0,0,9999.0,2.24,1,1,0,0,0,0
76140.62,1,1,0,1,1.8,2.94,0,1,0,0,1,1
1353.23,0,0,0,0,9999.0,3.0,1,1,0,0,0,0
34553.89,1,1,0,1,22.2,2.87,1,1,0,0,1,1
2399.1,0,0,0,0,9999.0,2.82,1,0,0,0,0,0
104.5,0,0,0,0,9999.0,1.48,1,1,0,1,1,0
85.15,1,0,0,0,9999.0,3.02,1,1,0,0,1,0
1601.46,0,0,0,0,9999.0,3.03,1,0,0,2,0,0
54.34,0,0,0,0,9999.0,2.28,1,1,0,0,0,0
44.97,0,0,0,0,9999.0,2.54,1,0,0,0,0,0
145.52,0,0,0,0,9999.0,1.61,1,0,0,0,0,0
754.64,0,0,0,0,9999.0,2.23,1,1,0,0,0,0
1218.45,0,0,0,0,9999.0,2.57,1,1,0,1,0,0
420.83,0,0,0,0,9999.0,1.59,1,1,0,0,0,0
1454.06,0,0,0,1,513.4513376581726,1.62,1,0,0,0,1,0
1544.05,0,0,0,0,9999.0,2.34,1,0,0,0,1,0
62.5,0,0,0,0,9999.0,3.05,1,1,0,2,0,0
1889.68,0,0,0,1,743.6581716820656,1.76,1,0,0,0,0,0
102.59,0,0,0,0,9999.0,2.28,1,0,0,0,0,0
106.72,0,0,0,0,9999.0,1.75,1,0,0,0,0,0
53.19,0,0,0,0,9999.0,2.28,1,0,0,0,0,0
9999.0,1,0,0,1,5.2,3.77,1,1,1,2,0,1
1510.11,0,0,0,1,132.6748137583327,2.46,1,0,0,0,1,0
39744.92,1,0,1,1,11.2,3.24,1,1,0,1,1,1
1589.79,0,0,0,0,9999.0,1.72,1,0,0,0,0,0
461.12,1,0,0,0,9999.0,2.99,1,0,0,0,1,0
102.3,0,0,0,0,9999.0,1.75,1,1,0,0,0,0
28.64,0,0,0,0,9999.0,2.87,1,0,0,1,0,0
3000.0,0,0,0,1,23.8,2.87,1,1,0,2,0,1
64.27,0,0,0,0,9999.0,1.31,1,0,0,0,1,0
31944.22,0,0,0,0,9999.0,2.48,1,0,0,0,0,0
738.83,0,0,0,0,9999.0,2.0,1,1,0,0,0,0
105.15,0,0,0,0,9999.0,2.57,1,1,0,0,0,0
79.14,0,0,0,0,9999.0,3.01,1,1,0,0,1,0
17.63,0,0,0,1,483.410212156254,2.3,1,0,0,0,0,0
100.52,0,0,0,1,656.6317800437567,1.69,1,0,0,2,0,0
836.88,0,0,0,0,9999.0,2.99,1,1,0,0,0,0
1587.56,0,0,0,1,823.6631394142514,2.95,1,1,0,0,0,0
26522.27,0,0,0,0,9999.0,2.55,1,0,0,0,0,0
899.29,0,0,0,0,9999.0,1.37,1,0,0,0,0,0
35.13,0,0,0,0,9999.0,2.14,1,0,0,0,0,0
93.65,0,0,0,0,9999.0,2.74,1,1,0,1,0,0
35124.22,0,0,0,0,9999.0,1.69,1,0,0,0,0,0
2576.63,0,1,0,0,9999.0,2.01,1,0,0,0,0,0
96.89,0,0,0,0,9999.0,2.27,1,0,0,0,1,0
19511.14,1,0,1,1,15.0,3.11,0,1,0,2,1,1
21725.87,1,0,0,1,10.5,3.7,1,1,0,2,1,1
2638.32,0,0,0,0,9999.0,2.82,1,0,0,0,0,0
2273.44,0,0,0,0,9999.0,1.41,1,0,0,0,0,0
34.54,0,0,0,0,9999.0,1.23,1,1,0,1,0,0
592.01,0,0,0,0,9999.0,2.83,1,1,0,1,0,0
666.34,0,0,0,0,9999.0,2.22,1,0,0,0,0,0
42.81,1,0,0,0,9999.0,2.73,1,0,0,0,0,0
494.07,0,0,0,0,9999.0,2.99,1,0,0,0,1,0
29.82,1,0,0,0,9999.0,1.65,1,0,0,0,1,0
2246.93,0,0,0,0,9999.0,2.82,1,0,0,0,1,0
2216.04,0,0,0,0,9999.0,1.73,1,0,0,0,0,0
1489.98,0,0,0,0,9999.0,1.31,1,0,0,0,0,0
2390.12,0,0,0,0,9999.0,1.27,1,1,0,0,0,0
61.72,0,0,0,1,1210.5606338121106,2.06,1,0,0,0,0,0
69.28,0,0,0,0,9999.0,3.09,1,1,0,0,0,0
1435.74,0,0,0,0,9999.0,2.33,1,0,0,0,1,0
31.77,0,0,0,0,9999.0,1.53,1,0,0,0,0,0
37.26,0,0,0,0,9999.0,1.71,1,0,0,0,0,0
2246.97,0,0,0,0,9999.0,1.53,1,0,0,2,0,0
2003.04,0,0,0,0,9999.0,1.24,1,0,0,1,0,0
82.93,0,0,0,0,9999.0,2.37,1,0,0,0,1,0
2624.45,1,0,0,0,9999.0,2.07,1,0,0,1,0,0
46333.51,0,0,1,0,20.3,2.84,0,1,0,0,0,1
65.08,0,0,0,0,9999.0,2.37,1,1,0,0,0,0
753.79,0,0,0,0,9999.0,1.37,1,0,0,1,0,0
1524.05,0,0,0,0,9999.0,1.23,1,1,0,0,0,0
630.79,0,0,0,0,9999.0,1.72,1,0,0,0,0,0
29.82,0,0,0,1,124.1485755556435,2.37,1,0,0,0,1,0
2588.45,0,0,0,1,328.289285291099,1.23,1,0,0,1,1,0
147.37,0,0,0,0,9999.0,2.91,1,0,0,0,0,0
83.53,0,0,0,0,9999.0,2.68,1,0,0,0,0,0
1728.23,0,0,0,0,9999.0,2.55,1,0,0,0,0,0
2494.83,0,0,0,0,9999.0,2.78,1,1,0,0,1,0
1001.45,0,0,0,1,1171.7185978364007,1.81,1,0,0,0,0,0
659.93,0,0,0,0,9999.0,2.72,1,0,0,0,1,0
117.1,0,0,0,0,9999.0,2.8,1,0,0,0,0,0
13.18,0,0,0,0,9999.0,2.99,1,1,0,0,0,0
378.28,0,0,0,0,9999.0,2.83,1,1,0,0,0,0
2276.35,0,0,0,0,9999.0,2.03,1,0,0,1,0,0
117.92,1,0,0,0,9999.0,2.66,1,0,0,0,0,0
2701.55,1,0,0,0,9999.0,2.08,1,1,0,0,1,0
2484.61,0,0,0,0,9999.0,2.02,1,0,0,0,0,0
2228.33,0,0,0,1,248.60130175397157,2.51,1,0,0,0,0,0
827.43,0,0,0,1,830.2995317034987,1.54,1,0,0,0,0,0
419.16,0,0,0,0,9999.0,2.57,1,1,0,0,0,0
1733.06,0,0,0,0,9999.0,2.27,1,0,0,0,0,0
2076.69,0,0,0,0,9999.0,2.2,1,0,0,1,0,0
5617.86,0,0,0,1,11.8,4.58,1,1,0,1,1,1
15000.0,1,0,0,1,0.2,4.09,0,1,1,0,0,1
1007.73,0,0,0,0,9999.0,1.85,1,1,0,0,0,0
1583.32,1,0,0,0,9999.0,2.99,1,0,0,0,0,0
577.45,0,0,0,0,9999.0,1.51,1,1,0,0,0,0
2500.0,0,0,0,1,2.8,4.69,1,1,1,2,1,1
139.55,0,0,0,0,9999.0,1.65,1,0,0,0,0,0
1849.85,0,1,0,0,9999.0,1.97,1,0,0,0,0,0
115.29,0,0,0,0,9999.0,1.75,1,0,0,0,0,0
2318.87,0,0,0,0,9999.0,2.0,1,0,0,0,0,0
78.05,0,0,0,0,9999.0,1.32,1,0,0,0,0,0
16.24,0,0,0,0,9999.0,2.81,1,1,0,1,0,0
15000.0,1,0,0,1,1.3,3.27,1,1,1,2,1,1
35884.82,0,0,0,0,9999.0,1.39,1,0,0,0,0,0
9999.0,1,0,0,0,7.4,3.87,1,1,1,2,1,1
78.54,0,0,0,0,9999.0,2.44,1,0,0,0,0,0
349.68,0,0,0,0,9999.0,2.63,1,0,0,0,0,0
13.49,0,0,0,0,9999.0,2.53,1,0,0,0,0,0
2500.0,0,0,0,1,3.7,4.13,1,1,1,0,1,1
117.06,0,0,0,0,9999.0,2.53,1,0,0,0,0,0
104.17,0,0,0,0,9999.0,1.29,1,0,0,0,0,0
1895.06,0,0,0,0,9999.0,2.39,1,0,0,0,0,0
1844.02,0,0,0,1,922.5020767562496,1.94,1,0,0,0,1,0
55.12,0,0,0,0,9999.0,2.92,1,0,0,0,0,0
1621.92,0,0,0,0,9999.0,2.78,1,1,0,1,0,0
18.97,0,0,0,0,9999.0,1.77,1,0,0,0,0,0
1764.11,0,0,0,0,9999.0,1.73,1,0,0,0,0,0
1134.26,0,0,0,0,9999.0,1.94,1,0,0,1,1,0
78807.11,1,1,0,1,12.5,3.16,1,0,0,1,0,1
17589.81,0,0,0,0,9999.0,1.81,1,0,0,0,1,0
2621.6,0,0,0,0,9999.0,1.35,1,0,0,0,0,0
1633.22,0,0,0,0,9999.0,1.32,1,0,0,0,0,0
794.76,0,0,0,0,9999.0,2.8,1,0,0,0,0,0
1236.43,1,0,0,0,9999.0,1.89,1,1,0,1,0,0
100.0,0,0,0,0,9999.0,1.66,1,1,0,0,0,0
2387.19,0,0,0,0,9999.0,1.67,1,0,0,1,0,0
1462.41,0,0,0,0,9999.0,2.96,1,0,0,1,0,0
75.78,0,0,0,0,9999.0,2.25,1,0,0,1,0,0
103.67,0,0,0,0,9999.0,3.03,1,0,0,0,0,0
1681.89,1,0,0,0,9999.0,2.34,1,0,0,0,0,0
22.07,0,0,0,0,9999.0,2.01,1,1,0,0,0,0
1284.8,0,0,0,0,9999.0,1.26,1,0,0,0,0,0
120.71,1,0,0,0,9999.0,1.22,1,0,0,0,0,0
30.14,0,0,0,0,9999.0,2.9,1,0,0,0,0,0
32.33,0,0,0,0,9999.0,2.92,1,0,0,0,0,0
1521.35,0,0,0,0,9999.0,2.88,1,0,0,0,0,0
506.39,0,0,0,0,9999.0,1.31,1,0,0,0,0,0
77.39,0,0,0,0,9999.0,2.02,1,0,0,0,1,0
1738.14,1,0,0,1,3.4,2.97,1,0,0,1,0,1
684.3,0,0,0,0,9999.0,2.57,1,0,0,0,0,0
70.78,0,0,0,0,9999.0,1.35,1,0,0,0,0,0
1191.31,0,0,0,1,721.2987276945123,1.77,1,1,0,0,0,0
108.07,0,0,0,0,9999.0,2.93,1,0,0,0,1,0
18.49,0,0,0,0,9999.0,2.5,1,1,0,0,0,0
1593.32,0,0,0,1,1139.5401361346708,1.28,1,0,0,1,0,0
96.51,0,0,0,0,9999.0,2.88,1,1,0,0,0,0
1812.57,0,0,0,0,9999.0,1.43,1,0,0,1,0,0
153643.66,0,0,1,1,7.3,4.23,1,1,0,2,0,1
78.92,0,0,0,1,440.04884334204286,2.95,1,0,0,0,0,0
2917.44,0,0,0,0,9999.0,1.96,1,0,0,0,0,0
1534.12,0,0,0,0,9999.0,2.75,1,0,0,0,0,0
1991.35,0,0,0,0,9999.0,2.05,1,0,0,0,0,0
52.84,0,0,0,0,9999.0,2.77,1,0,0,0,0,0
1820.93,0,0,0,1,9.3,4.29,1,1,0,2,1,1
28812.32,0,0,0,0,9999.0,1.35,1,1,0,1,1,0
23.12,0,0,0,0,9999.0,1.62,1,1,0,0,0,0
2500.0,1,0,0,0,4.5,3.4,1,1,1,2,0,1
35844.24,0,1,0,1,19.2,4.46,1,1,0,2,1,1
2753.24,1,0,0,0,9999.0,2.4,1,0,0,0,0,0
20532.83,0,0,0,0,9999.0,3.04,1,0,0,2,1,0
73.94,0,0,0,0,9999.0,2.78,1,1,0,2,0,0
136.95,0,0,0,0,9999.0,2.16,1,0,0,0,0,0
254.61,0,0,0,0,9999.0,2.48,1,0,0,1,0,0
29.25,0,0,0,0,9999.0,1.57,1,1,0,0,1,0
2361.4,0,0,0,0,9999.0,2.25,1,0,0,0,0,0
12943.91,0,0,0,0,9999.0,2.72,1,0,0,0,0,0
1500.0,0,0,0,1,18.8,4.09,1,1,0,1,0,1
126.68,0,0,0,0,9999.0,2.8,1,0,0,0,1,0
2885.02,0,0,0,0,9999.0,1.93,1,0,0,0,0,0
149.15,0,0,0,0,9999.0,2.83,1,1,0,0,0,0
41.56,0,0,0,0,9999.0,2.04,1,0,0,1,1,0
2238.97,0,0,0,0,9999.0,1.63,1,0,0,0,0,0
1776.63,0,0,0,0,9999.0,2.2,1,0,0,0,0,0
13657.27,0,0,0,0,9999.0,2.52,1,0,0,0,0,0
88.57,0,0,0,0,9999.0,1.66,1,1,0,0,0,0
133.9,0,0,0,0,9999.0,1.91,1,1,0,0,0,0
2137.18,0,0,0,0,9999.0,1.24,1,1,0,0,1,0
1012.6,0,0,0,0,9999.0,2.54,1,0,0,0,0,0
23544.06,0,0,0,0,9999.0,3.03,1,1,0,0,0,0
954.73,0,0,0,0,9999.0,2.64,1,0,0,0,0,0
3000.0,1,0,0,1,19.7,4.0,1,1,0,2,1,1
1390.8,0,0,0,0,9999.0,2.03,1,0,0,0,1,0
56.32,0,0,0,0,9999.0,1.44,1,1,0,1,0,0
88.93,0,0,0,1,1205.2682833321478,2.95,1,1,0,0,0,0
3000.0,0,0,0,1,28.9,3.16,1,0,0,1,0,1
1597.72,0,0,0,0,9999.0,1.36,1,1,0,1,0,0
1500.0,0,0,0,1,5.3,3.12,1,1,0,1,0,1
5976.32,0,0,0,1,11.9,4.34,1,1,0,1,1,1
134.65,0,0,0,0,9999.0,3.0,1,0,0,0,0,0
12.42,0,0,0,0,9999.0,1.35,1,0,0,0,1,0
73.74,0,0,0,0,9999.0,1.98,1,0,0,0,0,0
1710.32,0,0,0,0,9999.0,1.63,1,1,0,1,0,0
1961.46,1,0,0,0,9999.0,1.72,1,0,0,2,0,0
1880.77,1,0,0,0,9999.0,2.2,1,1,0,0,0,0
2981.97,1,0,0,0,9999.0,2.14,1,1,0,0,0,0
142.51,1,0,0,0,9999.0,1.92,1,1,0,1,0,0
103.17,0,0,0,0,9999.0,2.19,1,1,0,0,0,0
1350.84,0,0,0,0,9999.0,1.47,1,0,0,0,0,0
148.31,0,0,0,0,9999.0,1.62,1,0,0,0,0,0
1035.22,0,0,0,0,9999.0,2.86,1,0,0,0,0,0
697.27,0,0,0,1,613.8143239666168,1.51,1,0,0,1,0,0
39.24,0,0,0,0,9999.0,1.65,1,0,0,0,0,0
68.46,0,0,0,0,9999.0,1.42,1,1,0,0,0,0
1199.44,0,0,0,0,9999.0,1.7,1,0,0,1,0,0
2341.99,0,0,0,0,9999.0,2.24,1,0,0,0,0,0
1587.29,0,0,0,0,9999.0,2.96,1,1,0,0,0,0
100.12,0,0,0,0,9999.0,2.12,1,0,0,0,0,0
1687.87,0,0,0,0,9999.0,2.41,1,0,0,0,0,0
2249.38,0,0,0,0,9999.0,2.85,1,0,0,1,0,0
38.78,0,0,0,0,9999.0,1.33,1,1,0,0,0,0
634.12,0,0,0,0,9999.0,1.49,1,1,0,0,0,0
76.26,0,0,0,0,9999.0,1.44,1,1,0,0,1,0
1212.29,0,0,0,0,9999.0,1.41,1,1,0,0,0,0
2072.32,0,0,0,0,9999.0,1.23,1,0,0,0,0,0
38.0,0,0,0,0,9999.0,2.05,1,0,0,0,0,0
15000.0,0,0,0,1,4.0,2.82,1,0,1,1,1,1
1124.87,0,0,0,0,9999.0,2.07,1,1,0,0,0,0
10.66,0,0,0,0,9999.0,2.73,1,0,0,0,0,0
1897.45,0,0,0,0,9999.0,1.94,1,0,0,0,0,0
2032.34,0,0,0,0,9999.0,2.99,1,1,0,0,0,0
25073.13,0,0,0,0,9999.0,2.74,1,0,0,0,0,0
121.13,0,0,0,0,9999.0,2.72,1,1,0,0,0,0
120.27,0,0,0,0,9999.0,2.25,1,0,0,1,0,0
1476.87,0,0,0,0,9999.0,1.76,1,0,0,0,1,0
1038.91,0,0,0,0,9999.0,2.2,1,0,0,0,0,0
1785.69,0,0,0,0,9999.0,1.78,1,1,0,0,0,0
24.15,0,0,0,0,9999.0,1.71,1,0,0,0,1,0
2385.75,0,0,0,0,9999.0,1.66,1,1,0,0,1,0
1135.54,0,0,0,0,9999.0,2.67,1,0,0,0,1,0
1517.81,0,0,0,0,9999.0,2.03,1,1,0,0,1,0
83.81,0,0,0,0,9999.0,2.72,1,0,0,1,0,0
30.32,0,0,0,0,9999.0,1.49,1,0,0,1,0,0
2137.67,0,0,0,1,6.0,3.77,1,1,0,2,1,1
1028.64,0,0,0,0,9999.0,2.65,1,0,0,1,0,0
76.1,0,0,0,0,9999.0,1.67,1,0,0,0,0,0
2675.24,0,0,0,0,9999.0,2.33,1,1,0,0,1,0
2862.12,0,0,0,0,9999.0,2.7,1,0,0,0,0,0
111.08,0,0,0,0,9999.0,2.66,1,0,0,1,0,0
124.97,0,0,0,0,9999.0,1.96,1,0,0,1,1,0
2491.31,0,0,0,0,9999.0,1.22,1,1,0,0,0,0
52.34,0,0,0,0,9999.0,1.21,1,0,0,2,0,0
2113.83,0,0,0,0,9999.0,1.99,1,0,0,0,0,0
2317.89,0,0,0,0,9999.0,2.46,1,0,0,0,0,0
1819.33,0,0,0,0,9999.0,1.53,1,0,0,0,0,0
1492.29,0,0,0,1,8.1,4.09,0,1,0,0,0,1
1516.52,0,0,0,0,9999.0,1.52,1,1,0,0,0,0
4812.49,0,0,0,1,8.8,3.87,0,1,0,2,0,1
26.45,0,0,0,0,9999.0,2.42,1,0,0,0,0,0
2189.94,0,0,0,0,9999.0,2.2,1,0,0,0,0,0
89.98,0,0,0,0,9999.0,2.75,1,0,0,1,1,0
2036.94,0,0,0,0,9999.0,2.94,1,0,0,0,0,0
933.36,0,0,0,0,9999.0,1.33,1,0,0,0,0,0
71.68,0,0,0,0,9999.0,1.55,1,0,0,2,1,0
145.45,0,0,0,0,9999.0,1.96,1,1,0,0,1,0
20.0,0,0,0,0,9999.0,1.78,1,1,0,1,0,0
15988.6,1,0,1,1,12.3,3.14,0,1,0,0,0,1
3000.0,0,0,0,1,21.9,3.87,1,1,0,2,1,1
25000.0,1,0,0,1,7.7,3.84,1,1,1,2,0,1
1612.05,1,0,0,1,986.3573645265446,2.91,1,0,0,0,0,0
49.79,0,0,0,0,9999.0,1.59,1,1,0,0,0,0
106.58,0,0,0,0,9999.0,1.35,1,1,0,0,0,0
95.41,0,0,0,0,9999.0,1.75,1,1,0,0,0,0
1942.5,1,0,0,0,9999.0,2.6,1,0,0,0,0,0
104.03,0,0,0,0,9999.0,2.67,1,1,0,0,0,0
43.64,0,0,0,0,9999.0,1.63,1,0,0,0,0,0
120.97,0,0,0,0,9999.0,1.71,1,0,0,0,1,0
49.74,0,0,0,0,9999.0,1.44,1,0,0,0,0,0
39076.51,0,0,0,0,9999.0,2.96,1,1,0,1,0,0
77.89,0,0,0,0,9999.0,1.96,1,0,0,1,0,0
25883.39,0,0,0,0,9999.0,1.89,1,1,0,0,0,0
362.18,0,0,0,0,9999.0,1.4,1,0,0,0,0,0
25.29,0,0,0,1,413.8978565985848,1.76,1,0,0,0,1,0
1592.39,0,0,0,0,9999.0,1.69,1,0,0,0,1,0
138.46,0,0,0,0,9999.0,1.52,1,1,0,0,0,0
91.33,0,0,0,1,1275.2754458582378,1.88,1,0,0,0,0,0
2206.46,0,0,0,0,9999.0,2.55,1,0,0,0,0,0
936.13,0,0,0,0,9999.0,1.58,1,1,0,0,0,0
2407.25,0,0,0,0,9999.0,1.77,1,0,0,0,0,0
119.12,0,0,0,0,9999.0,1.32,1,0,0,0,0,0
37.26,0,0,0,0,9999.0,1.59,1,0,0,0,0,0
149.28,0,0,0,0,9999.0,2.25,1,1,0,0,1,0
2041.2,0,0,0,0,9999.0,1.21,1,0,0,0,1,0
1849.23,1,0,0,0,9999.0,2.73,1,0,0,1,0,0
21.81,0,0,0,0,9999.0,1.72,1,0,0,0,0,0
1993.66,0,0,0,0,9999.0,2.62,1,0,0,1,1,0
1216.49,0,0,0,0,9999.0,1.8,1,0,0,1,0,0
1985.17,0,0,0,0,9999.0,2.51,1,0,0,1,1,0
763.42,0,0,0,0,9999.0,1.52,1,1,0,0,0,0
103.8,0,0,0,0,9999.0,1.34,1,0,0,1,0,0
1043.39,0,0,0,0,9999.0,2.93,1,0,0,0,0,0
125.96,0,0,0,0,9999.0,2.28,1,0,0,0,0,0
1342.3,0,0,0,0,9999.0,1.89,1,0,0,0,0,0
1450.32,0,0,0,0,9999.0,2.77,1,1,0,1,0,0
39003.23,1,0,1,1,5.5,4.12,0,1,0,2,0,1
105.41,0,0,0,0,9999.0,1.4,1,0,0,0,1,0
26.89,0,0,0,0,9999.0,1.82,1,0,0,0,0,0
16976.39,0,0,0,0,9999.0,2.53,1,0,0,0,1,0
107.42,0,0,0,0,9999.0,2.9,1,1,0,1,0,0
33.61,0,0,0,0,9999.0,2.98,1,1,0,0,1,0
928.86,0,0,0,0,9999.0,1.9,1,0,0,1,0,0
2500.0,0,0,0,1,3.3,3.1,1,1,1,2,0,1
123.12,0,0,0,0,9999.0,1.24,1,1,0,0,0,0
965.98,0,0,0,0,9999.0,1.23,1,1,0,0,1,0
2375.07,0,0,0,0,9999.0,2.19,1,0,0,1,1,0
147.69,0,0,0,0,9999.0,1.39,1,0,0,0,0,0
1769.98,0,0,0,0,9999.0,2.85,1,0,0,0,0,0
1884.59,0,0,0,0,9999.0,1.38,1,0,0,0,0,0
2711.56,0,0,0,0,9999.0,1.83,1,0,0,0,0,0
32.0,0,0,0,0,9999.0,1.21,1,1,0,2,0,0
92.22,0,0,0,0,9999.0,1.82,1,0,0,0,0,0
70.38,0,0,0,0,9999.0,1.84,1,1,0,1,0,0
440.53,0,0,0,0,9999.0,2.75,1,0,0,1,1,0
679.31,0,0,0,0,9999.0,1.86,1,1,0,0,1,0
34302.23,0,0,0,0,9999.0,1.8,1,0,0,0,0,0
2384.22,0,0,0,0,9999.0,2.34,1,0,0,0,1,0
55.62,0,0,0,0,9999.0,1.65,1,1,0,0,0,0
728.82,0,0,0,0,9999.0,2.8,1,1,0,0,0,0
90.99,0,0,0,0,9999.0,2.37,1,0,0,0,0,0
546.14,0,0,0,0,9999.0,1.29,1,0,0,0,0,0
142.82,1,0,0,0,9999.0,2.53,1,0,0,2,1,0
1236.73,0,0,0,0,9999.0,2.11,1,0,0,0,0,0
1500.0,0,0,0,1,21.8,3.17,0,1,0,1,0,1
141.74,0,0,0,0,9999.0,1.3,1,0,0,0,0,0
2661.85,0,0,0,0,9999.0,1.82,1,1,0,0,0,0
1628.84,0,0,0,0,9999.0,1.4,1,0,0,0,0,0
19.8,0,0,0,0,9999.0,2.78,1,1,0,0,0,0
112.18,0,0,0,0,9999.0,2.79,1,1,0,0,0,0
34.05,0,0,0,0,9999.0,2.43,1,1,0,0,0,0
98.82,0,0,0,0,9999.0,2.63,1,0,0,1,0,0
62.05,0,0,0,0,9999.0,1.47,1,0,0,0,0,0
46.99,0,0,0,0,9999.0,2.36,1,0,0,0,0,0
526.43,0,0,0,0,9999.0,2.23,1,0,0,0,0,0
1236.5,0,0,0,0,9999.0,1.76,1,0,0,0,0,0
126.7,0,0,0,0,9999.0,1.85,1,0,0,0,0,0
900.29,1,0,0,0,9999.0,2.27,1,1,0,0,1,0
9999.0,1,0,0,1,4.7,4.64,1,0,1,0,0,1
17.29,0,0,0,1,100.89394567113716,2.34,1,1,0,0,0,0
2585.61,0,0,0,0,9999.0,1.9,1,0,0,0,0,0
1277.17,0,0,0,0,9999.0,1.28,1,0,0,1,0,0
97.85,0,0,0,0,9999.0,1.35,1,0,0,0,0,0
127.2,0,0,0,0,9999.0,2.16,1,1,0,0,0,0
43.02,0,0,0,0,9999.0,2.3,1,1,0,0,0,0
6668.58,0,1,0,1,21.9,3.11,0,0,0,0,1,1
2912.33,0,0,0,0,9999.0,2.88,1,0,0,0,1,0
2416.49,0,0,0,0,9999.0,2.07,1,0,0,0,1,0
9999.0,0,0,0,1,6.1,4.49,1,1,1,1,0,1
78.84,0,0,0,1,1369.4563658448596,1.5,1,0,0,0,0,0
5282.24,1,0,0,1,8.4,3.01,0,1,0,1,1,1
543.8,0,0,0,0,9999.0,2.61,1,0,0,1,0,0
25000.0,0,0,0,0,7.3,2.85,0,1,1,1,1,1
1964.96,1,0,0,1,4.3,3.25,1,1,0,0,1,1
13.95,1,0,0,0,9999.0,1.33,1,0,0,1,1,0
1088.27,0,0,0,0,9999.0,1.43,1,0,0,0,0,0
77.72,0,0,0,0,9999.0,2.56,1,0,0,0,1,0
2088.89,0,0,0,0,9999.0,2.92,1,0,0,0,0,0
128.58,0,0,0,0,9999.0,2.99,1,0,0,1,0,0
48.94,0,0,0,0,9999.0,1.97,1,0,0,1,0,0
913.59,0,0,0,0,9999.0,3.03,1,1,0,0,0,0
34.0,0,0,0,0,9999.0,1.52,1,0,0,0,0,0
95.51,0,0,0,0,9999.0,2.77,1,0,0,0,0,0
103.08,0,0,0,0,9999.0,1.57,1,0,0,0,1,0
2482.53,0,0,0,0,9999.0,2.26,1,0,0,0,0,0
5911.64,1,0,0,1,11.7,4.49,0,1,0,1,1,1
2656.94,0,0,0,0,9999.0,2.87,1,0,0,1,0,0
20.46,0,0,0,0,9999.0,3.03,1,0,0,0,0,0
2036.05,0,0,0,0,9999.0,1.96,1,1,0,0,1,0
767.07,0,0,0,0,9999.0,1.35,1,0,0,0,0,0
33.94,0,0,0,0,9999.0,2.97,1,1,0,0,1,0
91.67,0,0,0,0,9999.0,1.55,1,0,0,0,0,0
1125.85,0,0,0,0,9999.0,2.86,1,0,0,0,0,0
2739.88,0,0,0,0,9999.0,2.33,1,1,0,1,0,0
77227.74,1,1,0,0,16.1,2.87,1,1,0,1,0,1
2642.75,0,0,0,0,9999.0,2.08,1,1,0,0,0,0
88.14,0,0,0,0,9999.0,2.52,1,0,0,1,1,0
1293.82,0,0,0,0,9999.0,2.29,1,0,0,0,0,0
18259.8,1,0,1,1,34.8,3.73,1,1,0,0,1,1
15000.0,0,0,0,1,5.8,4.72,1,1,1,2,0,1
1332.33,0,0,0,0,9999.0,2.57,1,0,0,1,0,0
2409.93,0,0,0,0,9999.0,2.77,1,1,0,0,0,0
293.47,0,0,0,0,9999.0,2.68,1,0,0,0,0,0
1142.24,0,0,0,0,9999.0,2.41,1,1,0,0,0,0
108.62,0,0,0,0,9999.0,2.74,1,0,0,0,1,0
118.17,0,0,0,0,9999.0,1.28,1,0,0,0,0,0
1679.1,0,0,0,0,9999.0,2.64,1,0,0,0,0,0
12.99,0,0,0,0,9999.0,1.94,1,0,0,0,0,0
42.35,0,0,0,0,9999.0,1.98,1,1,0,1,0,0
1817.55,0,0,0,0,9999.0,2.3,1,0,0,0,0,0
146.88,0,0,0,0,9999.0,3.01,1,0,0,0,0,0
612.04,0,0,0,0,9999.0,2.49,1,0,0,1,0,0
116.84,0,0,0,0,9999.0,2.74,1,0,0,1,1,0
23221.21,0,0,0,0,9999.0,2.56,1,0,0,0,0,0
2129.33,0,0,0,0,9999.0,1.97,1,1,0,2,0,0
44999.23,0,1,0,1,12.7,4.31,1,1,0,2,1,1
109.48,0,0,0,0,9999.0,1.87,1,0,0,0,1,0
32320.57,0,0,0,0,9999.0,2.28,1,1,0,1,1,0
2232.89,0,0,0,0,9999.0,1.23,1,1,0,0,0,0
299.26,0,0,0,0,9999.0,2.27,1,0,0,0,0,0
1500.0,0,0,0,1,20.2,3.44,1,1,0,1,0,1
27.99,0,0,0,0,9999.0,1.42,1,0,0,0,0,0
40.68,0,0,0,1,831.6957802635493,1.44,1,1,0,0,1,0
1880.37,0,0,0,0,9999.0,1.83,1,0,0,1,0,0
1658.86,0,0,0,1,489.4803051949789,3.07,1,0,0,1,0,0
1969.32,0,0,0,0,9999.0,2.04,1,1,0,0,0,0
36.78,0,0,0,0,9999.0,1.66,1,0,0,1,0,0
1142.33,0,0,0,0,9999.0,1.69,1,1,0,0,1,0
90.13,0,0,0,0,9999.0,2.96,1,0,0,0,0,0
1802.9,0,0,0,0,9999.0,2.8,1,0,0,0,0,0
1044.61,0,0,0,0,9999.0,1.25,1,1,0,1,0,0
1910.61,0,0,0,0,9999.0,2.64,1,0,0,0,0,0
122.03,0,0,0,0,9999.0,1.88,1,0,0,1,0,0
1999.5,0,0,0,0,9999.0,2.2,1,0,0,0,0,0
1786.53,0,0,0,0,9999.0,1.7,1,0,0,1,0,0
798.37,0,0,0,0,9999.0,1.35,1,1,0,0,0,0
1812.43,0,0,0,0,9999.0,2.49,1,0,0,0,0,0
130.98,1,0,0,0,9999.0,2.19,1,0,0,0,0,0
47.42,0,0,0,0,9999.0,1.44,1,1,0,1,1,0
99.36,0,0,0,0,9999.0,2.33,1,0,0,0,0,0
98.4,0,0,0,0,9999.0,1.22,1,1,0,0,0,0
70.52,0,0,0,0,9999.0,1.25,1,0,0,0,0,0
2934.99,0,0,0,0,9999.0,3.05,1,0,0,0,0,0
34.5,0,0,0,0,9999.0,2.82,1,0,0,0,0,0
107.19,0,0,0,0,9999.0,1.65,1,0,0,1,0,0
879.96,0,0,0,0,9999.0,1.55,1,1,0,0,1,0
558.45,0,0,0,0,9999.0,1.92,1,0,0,0,0,0
2012.08,0,0,0,0,9999.0,1.89,1,0,0,0,0,0
34.91,0,0,0,0,9999.0,1.25,1,0,0,0,0,0
830.03,0,0,0,0,9999.0,1.8,1,1,0,0,0,0
2749.61,0,0,0,0,9999.0,2.23,1,0,0,0,0,0
25.45,0,0,0,0,9999.0,2.45,1,0,0,0,0,0
292.35,0,0,0,0,9999.0,2.71,1,0,0,0,0,0
2531.92,0,0,0,1,59.00575861014293,2.14,1,0,0,0,0,0
98.73,0,0,0,0,9999.0,2.88,1,1,0,0,0,0
1235.82,0,0,0,0,9999.0,1.62,1,0,0,0,0,0
290.92,0,0,0,0,9999.0,1.61,1,0,0,0,1,0
2880.64,0,0,0,0,9999.0,2.97,1,1,0,0,0,0
21788.25,1,1,0,1,31.3,4.6,1,1,0,0,1,1
315.84,0,0,0,0,9999.0,1.39,1,1,0,1,1,0
2749.52,0,0,0,0,9999.0,2.7,1,0,0,0,0,0
1332.09,0,0,0,0,9999.0,1.34,1,1,0,0,0,0
138.4,0,0,0,0,9999.0,2.83,1,0,0,0,0,0
75.88,0,0,0,0,9999.0,1.52,1,0,0,0,0,0
29.82,0,0,0,0,9999.0,3.02,1,0,0,0,0,0
2621.66,0,0,0,0,9999.0,2.85,1,0,0,0,1,0
1452.94,0,0,0,0,9999.0,2.03,1,1,0,0,0,0
1723.85,0,0,0,0,9999.0,2.39,1,0,0,0,0,0
106.84,0,0,0,0,9999.0,1.6,1,0,0,1,0,0
2066.74,0,0,0,0,9999.0,2.73,1,0,0,0,1,0
143.34,0,0,0,0,9999.0,2.99,1,0,0,0,0,0
146.45,1,0,0,0,9999.0,1.43,1,0,0,0,1,0
123.37,0,0,0,0,9999.0,1.7,1,1,0,0,0,0
107.9,0,0,0,0,9999.0,2.8,1,0,0,1,0,0
95.82,0,0,0,0,9999.0,2.83,1,0,0,0,0,0
38.98,0,0,0,0,9999.0,2.42,1,0,0,0,0,0
2770.79,0,0,0,0,9999.0,1.95,1,0,0,0,0,0
55.38,0,0,0,0,9999.0,2.5,1,1,0,2,0,0
691.03,0,0,0,0,9999.0,1.99,1,0,0,1,0,0
116.64,0,0,0,1,754.6249020983713,2.12,1,0,0,0,0,0
45.19,0,0,0,0,9999.0,2.59,1,0,0,0,0,0
45.14,0,0,0,0,9999.0,2.71,1,0,0,0,0,0
1661.63,0,0,0,0,9999.0,2.03,1,1,0,0,0,0
2495.85,1,0,0,0,9999.0,1.81,1,0,0,0,0,0
25.77,0,0,0,0,9999.0,2.67,1,0,0,1,0,0
1249.37,0,0,0,0,9999.0,1.36,1,0,0,0,0,0
119.17,0,0,0,0,9999.0,2.98,1,0,0,0,0,0
49.32,0,0,0,0,9999.0,2.45,1,0,0,0,0,0
23.27,0,0,0,1,1353.5741235320838,2.25,1,0,0,0,0,0
88.18,0,0,0,0,9999.0,1.82,1,0,0,1,1,0
2586.06,0,0,0,0,9999.0,2.7,1,0,0,1,0,0
33.55,0,0,0,0,9999.0,1.6,1,1,0,0,0,0
140.19,0,0,0,0,9999.0,2.38,1,1,0,1,0,0
74.76,0,0,0,0,9999.0,2.96,1,0,0,0,0,0
3000.0,0,0,0,0,4.0,4.39,1,1,0,2,0,1
2731.42,0,1,0,0,9999.0,1.3,1,0,0,1,0,0
35.51,0,0,0,0,9999.0,2.04,1,1,0,0,0,0
89.02,0,0,0,0,9999.0,2.53,1,0,0,0,0,0
144.92,0,0,0,0,9999.0,2.25,1,0,0,0,0,0
2221.69,0,0,0,0,9999.0,2.67,1,0,0,0,0,0
1362.83,0,0,0,1,649.0229589006127,1.42,1,0,0,2,0,0
20.52,0,0,0,0,9999.0,2.08,1,0,0,0,0,0
2622.12,0,0,0,0,9999.0,1.55,1,0,0,0,0,0
1721.75,0,0,0,0,9999.0,1.5,1,0,0,0,0,0
38804.82,1,1,1,1,3.3,2.96,0,1,0,0,0,1
64.0,0,0,0,0,9999.0,2.04,1,0,0,0,0,0
77.14,0,0,0,0,9999.0,3.03,1,0,0,0,0,0
24.46,1,0,0,0,9999.0,1.72,1,0,0,1,0,0
1204.54,0,0,0,0,9999.0,1.93,1,0,0,0,0,0
97.83,1,0,0,0,9999.0,1.39,1,1,0,0,0,0
67.67,0,0,0,0,9999.0,1.99,1,0,0,0,0,0
58.53,0,0,0,0,9999.0,2.79,1,1,0,0,0,0
654.35,0,0,0,0,9999.0,1.34,1,1,0,0,1,0
142.12,0,0,0,0,9999.0,2.41,1,0,0,0,0,0
145.87,0,0,0,0,9999.0,2.16,1,0,0,0,0,0
24.63,0,0,0,0,9999.0,1.71,1,0,0,0,0,0
1870.31,0,0,0,0,9999.0,2.54,1,0,0,0,0,0
16.77,0,0,0,0,9999.0,2.52,1,0,0,0,0,0
2177.85,0,0,0,0,9999.0,2.53,1,1,0,0,0,0
83.39,0,0,0,0,9999.0,1.78,1,0,0,1,0,0
17.37,0,0,0,0,9999.0,1.25,1,0,0,1,0,0
970.19,0,0,0,0,9999.0,1.92,1,0,0,0,0,0
287.16,0,0,0,0,9999.0,1.84,1,1,0,0,0,0
2359.41,0,0,0,1,977.7513212462025,1.83,1,0,0,0,0,0
1610.37,0,0,0,0,9999.0,1.45,1,0,0,0,0,0
20.92,0,0,0,0,9999.0,2.74,1,0,0,0,1,0
135.18,0,0,0,0,9999.0,2.31,1,1,0,0,0,0
122.14,0,0,0,0,9999.0,2.13,1,0,0,0,0,0
146.54,0,0,0,0,9999.0,1.8,1,0,0,0,0,0
67.56,0,0,0,0,9999.0,3.1,1,1,0,0,0,0
44.41,0,0,0,1,1423.3329570765072,1.6,1,0,0,1,1,0
489.21,0,0,0,0,9999.0,2.03,1,0,0,0,0,0
118.32,0,0,0,0,9999.0,2.17,1,0,0,1,0,0
900.18,0,0,0,0,9999.0,2.97,1,0,0,0,0,0
115.11,0,0,0,0,9999.0,1.78,1,0,0,0,1,0
3000.0,0,0,0,1,42.7,4.41,0,1,0,2,0,1
1707.94,0,0,0,0,9999.0,1.66,1,0,0,0,1,0
919.09,1,0,0,0,9999.0,3.1,1,0,0,0,0,0
2452.14,0,0,0,0,9999.0,1.61,1,1,0,0,0,0
2030.16,0,0,0,0,9999.0,2.64,1,0,0,0,0,0
2177.73,0,0,0,0,9999.0,1.94,1,0,0,0,0,0
2460.79,0,0,0,0,9999.0,1.98,1,1,0,0,0,0
2547.6,0,0,0,0,9999.0,2.25,1,0,0,1,0,0
1745.7,0,0,0,0,9999.0,2.65,1,0,0,2,0,0
2866.15,0,1,0,0,9999.0,2.68,1,0,0,0,0,0
9999.0,0,0,0,1,6.3,4.7,1,1,1,2,1,1
1604.55,0,0,0,0,9999.0,1.78,1,1,0,0,0,0
537.34,0,0,0,0,9999.0,2.39,1,1,0,0,0,0
61.46,0,0,0,0,9999.0,2.77,1,0,0,0,0,0
2322.4,0,0,0,0,9999.0,1.46,1,0,0,0,0,0
2019.75,0,0,0,0,9999.0,1.87,1,0,0,0,1,0
1096.01,0,0,0,0,9999.0,1.97,1,0,0,1,0,0
2364.44,0,0,0,0,9999.0,2.51,1,0,0,0,0,0
5000.0,1,0,0,1,7.6,3.65,0,1,1,1,1,1
2939.85,0,0,0,1,1289.2789048908155,2.38,1,0,0,0,0,0
2000.88,0,0,0,0,9999.0,1.53,1,0,0,0,0,0
118.46,0,0,0,0,9999.0,2.28,1,1,0,0,0,0
104.75,0,0,0,0,9999.0,1.82,1,0,0,0,0,0
119.86,0,0,0,0,9999.0,2.55,1,0,0,0,0,0
141.86,0,0,0,0,9999.0,2.93,1,0,0,0,1,0
2136.6,0,0,0,0,9999.0,1.52,1,0,0,0,0,0
664.6,0,0,0,0,9999.0,1.6,1,0,0,0,0,0
2519.65,0,0,0,0,9999.0,2.2,1,0,0,1,0,0
1172.03,0,0,0,0,9999.0,1.47,1,0,0,0,0,0
11.57,0,0,0,0,9999.0,1.52,1,0,0,0,0,0
2742.53,0,0,0,0,9999.0,2.46,1,1,0,2,0,0
1572.51,0,0,0,0,9999.0,1.5,1,1,0,0,0,0
109.48,0,0,0,0,9999.0,1.3,1,0,0,0,1,0
126.08,0,0,0,0,9999.0,1.77,1,0,0,0,0,0
50.38,0,0,0,0,9999.0,2.02,1,0,0,1,0,0
2625.65,0,0,0,0,9999.0,1.3,1,0,0,0,0,0
1004.53,0,0,0,1,274.7026379930667,1.35,1,1,0,0,0,0
20313.61,0,0,0,0,9999.0,1.43,1,0,0,0,0,0
2223.29,0,0,0,0,9999.0,2.44,1,0,0,0,0,0
74.0,0,0,0,0,9999.0,1.3,1,1,0,1,0,0
40.29,0,0,0,0,9999.0,1.37,1,1,0,0,0,0
82.17,0,0,0,0,9999.0,1.91,1,0,0,0,0,0
1356.82,0,0,0,0,9999.0,2.56,1,1,0,0,1,0
26.97,0,0,0,0,9999.0,1.53,1,1,0,1,0,0
1982.54,1,0,0,0,9999.0,2.0,1,1,0,0,1,0
15000.0,1,0,0,1,6.8,3.11,0,1,1,0,1,1
86.35,0,0,0,0,9999.0,2.94,1,1,0,0,0,0
217.02,0,0,0,0,9999.0,1.92,1,0,0,0,0,0
879.8,1,0,0,1,1.3,4.22,1,1,0,0,0,1
67.63,0,0,0,0,9999.0,2.91,1,1,0,0,0,0
35821.25,0,1,0,1,24.5,2.97,0,1,0,0,0,1
1513.53,0,0,0,0,9999.0,2.49,1,0,0,0,0,0
143.64,1,0,0,0,9999.0,2.62,1,1,0,0,0,0
44864.09,0,0,0,0,9999.0,2.41,1,1,0,0,1,0
1349.09,0,0,0,0,9999.0,2.96,1,1,0,0,0,0
53.54,1,0,0,0,9999.0,2.35,1,0,0,0,0,0
122.5,0,0,0,0,9999.0,1.21,1,0,0,0,0,0
1497.2,0,0,0,0,9999.0,1.69,1,0,0,1,1,0
133.09,0,0,0,0,9999.0,2.06,1,0,0,0,0,0
66.2,0,0,0,0,9999.0,2.04,1,0,0,0,0,0
2601.34,0,0,0,0,9999.0,1.42,1,0,0,0,0,0
1216.29,0,0,0,0,9999.0,1.59,1,0,0,0,1,0
2705.93,0,0,0,0,9999.0,2.02,1,0,0,0,0,0
50.16,0,0,0,1,355.7682924867243,2.68,1,1,0,0,0,0
1045.64,0,0,0,0,9999.0,2.15,1,0,0,0,1,0
979.96,0,0,0,0,9999.0,2.77,1,1,0,0,0,0
2500.0,1,0,0,0,4.4,3.68,1,1,1,1,0,1
28.44,0,0,0,0,9999.0,2.31,1,1,0,1,1,0
52.92,0,0,0,0,9999.0,2.78,1,1,0,0,0,0
12995.65,0,0,0,0,9999.0,2.48,1,0,0,0,1,0
131.66,0,0,0,0,9999.0,1.88,1,1,0,0,0,0
93.5,0,0,0,1,217.3666038712444,2.26,1,0,0,0,0,0
2601.85,0,0,0,0,9999.0,1.43,1,0,0,2,0,0
23021.36,1,1,0,1,17.7,3.69,0,1,0,2,1,1
944.82,0,0,0,0,9999.0,1.59,1,0,0,0,0,0
61.84,0,0,0,0,9999.0,1.39,1,0,0,1,1,0
29.87,0,0,0,0,9999.0,2.51,1,0,0,0,0,0
931.72,0,0,0,0,9999.0,1.48,1,1,0,1,0,0
1741.56,0,0,0,1,952.123495243654,2.21,1,1,0,1,0,0
25000.0,0,0,0,1,14.4,3.7,1,1,0,0,0,1
133.29,0,0,0,0,9999.0,1.9,1,1,0,0,0,0
